response_id,config,post_index,true_label,predicted,full_answer,retrieved_chunks,c2_relevant,c2_note,c3_relevant,c3_note,correct,c1,c2,c3,grounding_score
Phase 7: k-Value Check-k=3 Expand-0,k=3 Expand,0,suicidal,suicidal,"Label: suicidal
Evidence: [3] (Depressive episode — Essential Features) • Suicidal ideation (with or without a specific plan), or evidence of attempted suicide
Justification: The post mentions ""I was thinking of ending it all"" and ""how can I kill myself at age 13 without a gun,"" which indicates suicidal ideation. The ICD-11 chunk [3] states that suicidal ideation with or without a specific plan, or evidence of attempted suicide, is a key criterion for a depressive episode. The mention of a specific plan and the context of a suicide attempt aligns with the diagnostic criteria for suicidal ideation.","[1] Depressive episode — Essential Features: • The concurrent presence of at least five of the following characteristic symptoms occurring for most of the day, nearly every day, during a period lasting at least 2 weeks is required for diagnosis. At least one symptom from the affective cluster must be present. Assessment of the presence or abse
---
[2] Depressive episode — Boundary with Normality: • Some depression of mood is a normal reaction to severe adverse life events and problems (e.g. divorce, job loss), and is common in the community. A depressive episode is differentiated from this common experience by the severity, range and duration of symptoms. If the diagnostic requirements for a
---
[3] Depressive episode — Essential Features: suicidal ideation (with or without a specific plan), or evidence of attempted suicide Mood disorders 213 Neurovegetative cluster • Significantly disrupted sleep (delayed sleep onset, increased frequency of waking during the night, or early morning awakening) or excessive sleep • Significant change i",,,,,1,1,1,1,100.0
Phase 7: k-Value Check-k=3 Expand-1,k=3 Expand,1,suicidal,depression,"Label: depressive
Evidence: [2] says: ""The concurrent presence of at least five of the following characteristic symptoms occurring for most of the day, nearly every day, during a period lasting at least 2 weeks is required for diagnosis. At least one symptom from the affective cluster must be present.""
Justification: The post expresses intense feelings of isolation, hopelessness, and despair, along with persistent anxiety and depressive thoughts. These symptoms align with the essential features of a depressive episode, as described in the ICD-11 chunk. The individual is experiencing a prolonged period of depressive symptoms, which meets the diagnostic criteria for a depressive episode.","[1] Depressive episode — Boundary with Normality: • Some depression of mood is a normal reaction to severe adverse life events and problems (e.g. divorce, job loss), and is common in the community. A depressive episode is differentiated from this common experience by the severity, range and duration of symptoms. If the diagnostic requirements for a
---
[2] Depressive episode — Essential Features: • The concurrent presence of at least five of the following characteristic symptoms occurring for most of the day, nearly every day, during a period lasting at least 2 weeks is required for diagnosis. At least one symptom from the affective cluster must be present. Assessment of the presence or abse
---
[3] Dysthymic disorder — Boundary with Normality: • Some depressed mood is a normal reaction to severe adverse life events and problems, and is common in the community. Dysthymic disorder is differentiated from this common experience by the severity, range and duration of symptoms. Assessment of the presence or absence of signs or symptoms should b",,,,,0,1,1,0,66.66666666666666
Phase 7: k-Value Check-k=3 Expand-2,k=3 Expand,2,suicidal,suicidal,"Label: suicidal
Evidence: [3] (Depressive episode — Boundary with Normality) says: ""A depressive episode should not be considered to be present if the individual is exhibiting normal grief symptoms, including some level of depressive symptoms, and the individual has experienced the death of a loved one within the past 6 months, or longer if a more extended period of bereavement is consistent with the normative response for grieving within the individual’s religious and cultural context.""
Justification: The post expresses a sense of hopelessness, despair, and a lack of motivation, which are consistent with a depressive episode. The individual is describing a profound sense of emptiness and a lack of connection, which aligns with the criteria for a depressive episode. The mention of societal pressures and the desire to ""leave gracefully"" suggests a deep sense of hopelessness and a lack of purpose, which are also consistent with a depressive episode. The post does not indicate a suicidal intent, but the severity of the emotional state and the persistent sense of hopelessness suggest a risk of suicide.","[1] Dysthymic disorder — Essential Features: • Persistent depressed mood (i.e. lasting 2 years or more), for most of the day, for more days than not, as reported by the individual (e.g. feeling down, sad) or as observed (e.g. tearful, defeated appearance), is required for diagnosis. In children and adolescents depressed mood can manifest as pe
---
[2] Dysthymic disorder — Boundary with Normality: • Some depressed mood is a normal reaction to severe adverse life events and problems, and is common in the community. Dysthymic disorder is differentiated from this common experience by the severity, range and duration of symptoms. Assessment of the presence or absence of signs or symptoms should b
---
[3] Depressive episode — Boundary with Normality: • Some depression of mood is a normal reaction to severe adverse life events and problems (e.g. divorce, job loss), and is common in the community. A depressive episode is differentiated from this common experience by the severity, range and duration of symptoms. If the diagnostic requirements for a",,,,,1,1,0,0,33.33333333333333
Phase 7: k-Value Check-k=3 Expand-3,k=3 Expand,3,suicidal,suicidal,"Label: suicidal
Evidence: [3] says: ""Recurrent thoughts of death (not just fear of dying), recurrent suicidal ideation (with or without a specific plan), or evidence of attempted suicide Mood disorders 213""
Justification: The post mentions ""I hate myself,"" ""my head is so messed up,"" ""moods keep changing like a rollercoaster,"" ""go from the happiest person to the most suicidal one in just a couple of hours,"" and ""I want everything to end."" These statements indicate recurrent suicidal ideation and a desire to end one's life, which aligns with the ICD-11 criteria for suicidal behavior.","[1] Hypomanic episode — Essential Features: • Both of the following symptoms occur concurrently and persist for most of the day, nearly every day, for at least several days. • Persistent elevation of mood or increased irritability is observable or reported, and represents a significant change from the individual’s usual range of moods (e.g. t
---
[2] Hypomanic episode — Boundary with Normality: • Hypomanic episodes are often difficult to distinguish from normal periods of elevated mood – for example, related to positive life events – particularly given that hypomanic episodes are not associated with significant functional impairment. In order to be considered a hypomanic episode, the sympt
---
[3] Depressive episode — Essential Features: • The concurrent presence of at least five of the following characteristic symptoms occurring for most of the day, nearly every day, during a period lasting at least 2 weeks is required for diagnosis. At least one symptom from the affective cluster must be present. Assessment of the presence or abse",,,,,1,1,1,1,100.0
Phase 7: k-Value Check-k=3 Expand-4,k=3 Expand,4,suicidal,suicidal,"Label: suicidal
Evidence: [1] says: ""Recurrent suicidal ideation (with or without a specific plan), or evidence of attempted suicide""
Justification: The post mentions ""I want to die"" and ""I have to many mental illnesses and my life is just slowly going downhill,"" which aligns with the ICD-11 criterion for recurrent suicidal ideation with or without a specific plan.","[1] Depressive episode — Essential Features: • The concurrent presence of at least five of the following characteristic symptoms occurring for most of the day, nearly every day, during a period lasting at least 2 weeks is required for diagnosis. At least one symptom from the affective cluster must be present. Assessment of the presence or abse
---
[2] Depressive episode — Boundary with Normality: • Some depression of mood is a normal reaction to severe adverse life events and problems (e.g. divorce, job loss), and is common in the community. A depressive episode is differentiated from this common experience by the severity, range and duration of symptoms. If the diagnostic requirements for a
---
[3] Manic episode — Essential Features: their skill level, or that they are about to become famous – in psychotic presentations of mania, this may be manifested in grandiose delusions); • decreased need for sleep (e.g. the person reports being able to function with only 2 or 3 hours of sleep), as distinct from insomnia, in which an indivi",,,,,1,1,1,1,100.0
Phase 7: k-Value Check-k=3 Expand-5,k=3 Expand,5,suicidal,suicidal,"Label: suicidal
Evidence: [2] says: ""Recurrent thoughts of death (not just fear of dying), recurrent suicidal ideation (with or without a specific plan), or evidence of attempted suicide Mood disorders 213 Neurovegetative cluster • Significantly disrupted sleep (delayed sleep onset, increased frequency of waking during the night, or early morning""
Justification: The post expresses recurrent thoughts of death and recurrent suicidal ideation with a specific plan, which aligns with the diagnostic criteria for a depressive episode or suicidal behavior. The mention of being bullied and yelled at, along with the desire to end one's life, supports the classification as suicidal.","[1] Dysthymic disorder — Boundary with Normality: • Some depressed mood is a normal reaction to severe adverse life events and problems, and is common in the community. Dysthymic disorder is differentiated from this common experience by the severity, range and duration of symptoms. Assessment of the presence or absence of signs or symptoms should b
---
[2] Dysthymic disorder — Essential Features: • Persistent depressed mood (i.e. lasting 2 years or more), for most of the day, for more days than not, as reported by the individual (e.g. feeling down, sad) or as observed (e.g. tearful, defeated appearance), is required for diagnosis. In children and adolescents depressed mood can manifest as pe
---
[3] Depressive episode — Essential Features: • The concurrent presence of at least five of the following characteristic symptoms occurring for most of the day, nearly every day, during a period lasting at least 2 weeks is required for diagnosis. At least one symptom from the affective cluster must be present. Assessment of the presence or abse",,,,,1,1,0,0,33.33333333333333
Phase 7: k-Value Check-k=3 Expand-6,k=3 Expand,6,suicidal,suicidal,"Label: suicidal
Evidence: [1] says: ""Recurrent suicidal ideation (with or without a specific plan), or evidence of attempted suicide""
Justification: The post mentions ""I want to ODI want to take all of my meds and not die but be hospitalized"" and ""I've overdosed twice before, once very badly."" These statements indicate a risk of suicide, as the individual is expressing a desire to take medications and avoid death, while also showing a history of overdose. The mention of ""not die but be hospitalized"" further supports the classification as suicidal.","[1] Depressive episode — Essential Features: • The concurrent presence of at least five of the following characteristic symptoms occurring for most of the day, nearly every day, during a period lasting at least 2 weeks is required for diagnosis. At least one symptom from the affective cluster must be present. Assessment of the presence or abse
---
[2] Depressive episode — Boundary with Normality: • Some depression of mood is a normal reaction to severe adverse life events and problems (e.g. divorce, job loss), and is common in the community. A depressive episode is differentiated from this common experience by the severity, range and duration of symptoms. If the diagnostic requirements for a
---
[3] Hypomanic episode — Essential Features: from one idea to the next; the person reports that their thoughts are rapid or even racing and has difficulty remaining on a topic); • increased self-esteem or grandiosity (e.g. the individual is more self-confident than usual); • decreased need for sleep (e.g. the person reports needing less sleep ",,,,,1,1,1,1,100.0
Phase 7: k-Value Check-k=3 Expand-7,k=3 Expand,7,suicidal,suicidal,"Label: suicidal
Evidence: [3] says: ""The symptoms are not a manifestation of another medical condition (e.g. hypothyroidism, hyperthyroidism), and are not due to the effects of a substance or medication on the central nervous system, including withdrawal effects (e.g. from alcohol, benzodiazepines).""
Justification: The post expresses a sense of helplessness and uncertainty about the future, which aligns with the criteria for suicidal ideation. The statement ""Not sure if Ill be able to take it Its getting harder and harder"" reflects a deteriorating emotional state and a sense of hopelessness, which are consistent with the diagnostic criteria for suicidal ideation.","[1] Adjustment disorder — Essential Features: • A maladaptive reaction to an identifiable psychosocial stressor or multiple stressors (e.g. single stressful event, ongoing psychosocial difficulty or a combination of stressful life situations) that usually emerges within a month of the stressor is required for diagnosis. Examples include divorce
---
[2] Adjustment disorder — Boundary with Normality: • Adjustment disorder represents a maladaptive reaction and failure to adapt to a stressor that is associated with significant preoccupation, and results in significant impairment in personal, family, social, educational, occupational or other important areas of functioning. Emotional reactions to n
---
[3] Mixed depressive and anxiety disorder — Essential Features: • The presence of both depressive and anxiety symptoms for most of the time during a period of 2 weeks or more is required for diagnosis. Mood disorders 259 • Depressive symptoms include depressed mood or markedly diminished interest or pleasure in activities. • There are multiple anxiety symptoms, ",,,,,1,1,0,0,33.33333333333333
Phase 7: k-Value Check-k=3 Expand-8,k=3 Expand,8,suicidal,suicidal,"Label: suicidal
Evidence: [3] (Depressive episode — Essential Features) says: ""suicidal ideation (with or without a specific plan), or evidence of attempted suicide""
Justification: The post mentions a plan involving the use of a suicide pill, specifically a DIY extracted cyanide capsule, which indicates suicidal ideation with a specific plan. This aligns with the ICD-11 criteria for a suicidal episode, as it demonstrates a clear intent to take a lethal substance.","[1] Depressive episode — Essential Features: • The concurrent presence of at least five of the following characteristic symptoms occurring for most of the day, nearly every day, during a period lasting at least 2 weeks is required for diagnosis. At least one symptom from the affective cluster must be present. Assessment of the presence or abse
---
[2] Depressive episode — Boundary with Normality: • Some depression of mood is a normal reaction to severe adverse life events and problems (e.g. divorce, job loss), and is common in the community. A depressive episode is differentiated from this common experience by the severity, range and duration of symptoms. If the diagnostic requirements for a
---
[3] Depressive episode — Essential Features: suicidal ideation (with or without a specific plan), or evidence of attempted suicide Mood disorders 213 Neurovegetative cluster • Significantly disrupted sleep (delayed sleep onset, increased frequency of waking during the night, or early morning awakening) or excessive sleep • Significant change i",,,,,1,1,1,1,100.0
Phase 7: k-Value Check-k=3 Expand-9,k=3 Expand,9,suicidal,normal,"Label: normal
Evidence: [1] says: ""Persistent depressed mood... is required for diagnosis. In children and adolescents depressed mood can manifest as pervasive irritability.""
Justification: The post does not indicate any depressive symptoms or suicidal ideation. The statement ""damn :/ it be like that sometimes"" is a general expression of frustration without any mention of depression, sadness, or suicidal thoughts. The language used is neutral and does not meet the criteria for a depressive episode or suicidal ideation as per the ICD-11 chunks.","[1] Dysthymic disorder — Essential Features: • Persistent depressed mood (i.e. lasting 2 years or more), for most of the day, for more days than not, as reported by the individual (e.g. feeling down, sad) or as observed (e.g. tearful, defeated appearance), is required for diagnosis. In children and adolescents depressed mood can manifest as pe
---
[2] Dysthymic disorder — Boundary with Normality: • Some depressed mood is a normal reaction to severe adverse life events and problems, and is common in the community. Dysthymic disorder is differentiated from this common experience by the severity, range and duration of symptoms. Assessment of the presence or absence of signs or symptoms should b
---
[3] Depressive episode — Essential Features: • The concurrent presence of at least five of the following characteristic symptoms occurring for most of the day, nearly every day, during a period lasting at least 2 weeks is required for diagnosis. At least one symptom from the affective cluster must be present. Assessment of the presence or abse",,,,,0,1,1,1,100.0
Phase 7: k-Value Check-k=3 Expand-10,k=3 Expand,10,depression,depression,"Label: depression
Evidence: [3] (Depressive episode — Essential Features) says: ""The concurrent presence of at least five of the following characteristic symptoms occurring for most of the day, nearly every day, during a period lasting at least 2 weeks is required for diagnosis. At least one symptom from the affective cluster must be present.""
Justification: The post mentions feeling trapped, constant stress, and a desire to ""melt away,"" which aligns with the symptoms of a depressive episode. The mention of ""depression/borderline flaring up"" and the persistent feeling of being ""close to crying to the point of no return"" supports the diagnosis of depression.","[1] Hypomanic episode — Essential Features: • Both of the following symptoms occur concurrently and persist for most of the day, nearly every day, for at least several days. • Persistent elevation of mood or increased irritability is observable or reported, and represents a significant change from the individual’s usual range of moods (e.g. t
---
[2] Hypomanic episode — Boundary with Normality: • Hypomanic episodes are often difficult to distinguish from normal periods of elevated mood – for example, related to positive life events – particularly given that hypomanic episodes are not associated with significant functional impairment. In order to be considered a hypomanic episode, the sympt
---
[3] Depressive episode — Essential Features: • The concurrent presence of at least five of the following characteristic symptoms occurring for most of the day, nearly every day, during a period lasting at least 2 weeks is required for diagnosis. At least one symptom from the affective cluster must be present. Assessment of the presence or abse",,,,,1,1,1,1,100.0
Phase 7: k-Value Check-k=3 Expand-11,k=3 Expand,11,depression,depression,"Label: depression
Evidence: [1] says: ""Mood symptoms are present for more days than not. While brief symptom-free intervals are consistent with the diagnosis, there have never been any prolonged symptom-free periods (e.g. lasting 2 months or more) since the onset of the disorder.""
Justification: The post mentions struggling with depression and questioning one's identity, which aligns with the diagnostic criteria for depression. The mention of writing a song and the statement ""I know I am not supposed to do it"" indicates a sense of distress and impairment in functioning, consistent with the criteria for depression.","[1] Cyclothymic disorder — Essential Features: • Mood instability over an extended period of time (i.e. 2 years or more) characterized by numerous hypomanic and depressive periods is required for diagnosis. (In children and adolescents depressed mood can manifest as pervasive irritability.) Hypomanic periods may or may not have been sufficiently
---
[2] Cyclothymic disorder — Boundary with Normality: • Cyclothymic disorder is distinguished from normal variations in mood by a history of distress or difficulty functioning due to repeated occurrences of mood disturbance.
---
[3] Dysthymic disorder — Essential Features: • Persistent depressed mood (i.e. lasting 2 years or more), for most of the day, for more days than not, as reported by the individual (e.g. feeling down, sad) or as observed (e.g. tearful, defeated appearance), is required for diagnosis. In children and adolescents depressed mood can manifest as pe",,,,,1,1,0,0,33.33333333333333
Phase 7: k-Value Check-k=3 Expand-12,k=3 Expand,12,depression,suicidal,"Label: suicidal
Evidence: [1] says: ""suicidal ideation (with or without a specific plan), or evidence of attempted suicide""
Justification: The post contains the phrase ""I will not be remembered for anything and Ill die as nothing ="", which implies a sense of hopelessness and a desire to end one's life. This aligns with the ICD-11 definition of suicidal ideation, as it reflects a contemplation of death without a specific plan, meeting the criteria for suicidal ideation.","[1] Depressive episode — Essential Features: suicidal ideation (with or without a specific plan), or evidence of attempted suicide Mood disorders 213 Neurovegetative cluster • Significantly disrupted sleep (delayed sleep onset, increased frequency of waking during the night, or early morning awakening) or excessive sleep • Significant change i
---
[2] Depressive episode — Boundary with Normality: • Some depression of mood is a normal reaction to severe adverse life events and problems (e.g. divorce, job loss), and is common in the community. A depressive episode is differentiated from this common experience by the severity, range and duration of symptoms. If the diagnostic requirements for a
---
[3] Depressive episode — Essential Features: • The concurrent presence of at least five of the following characteristic symptoms occurring for most of the day, nearly every day, during a period lasting at least 2 weeks is required for diagnosis. At least one symptom from the affective cluster must be present. Assessment of the presence or abse",,,,,0,1,1,1,100.0
Phase 7: k-Value Check-k=3 Expand-13,k=3 Expand,13,depression,suicidal,"Label: suicidal
Evidence: [1] says: ""Recurrent thoughts of death (not just fear of dying), recurrent suicidal ideation (with or without a specific plan), or evidence of attempted suicide""
Justification: The post contains a recurrent thought of death and mentions ""recurrent suicidal ideation"" which aligns with the diagnostic criteria for suicidal behavior. The statement ""would have made everyone happier had I just died"" indicates a suicidal ideation, supporting the label as suicidal.","[1] Depressive episode — Essential Features: • The concurrent presence of at least five of the following characteristic symptoms occurring for most of the day, nearly every day, during a period lasting at least 2 weeks is required for diagnosis. At least one symptom from the affective cluster must be present. Assessment of the presence or abse
---
[2] Depressive episode — Boundary with Normality: • Some depression of mood is a normal reaction to severe adverse life events and problems (e.g. divorce, job loss), and is common in the community. A depressive episode is differentiated from this common experience by the severity, range and duration of symptoms. If the diagnostic requirements for a
---
[3] Dysthymic disorder — Boundary with Normality: • Some depressed mood is a normal reaction to severe adverse life events and problems, and is common in the community. Dysthymic disorder is differentiated from this common experience by the severity, range and duration of symptoms. Assessment of the presence or absence of signs or symptoms should b",,,,,0,1,1,1,100.0
Phase 7: k-Value Check-k=3 Expand-14,k=3 Expand,14,depression,depression,"Label: <depression>
Evidence: <ICD-11 chunk [3] says: ""A persistent and pervasive grief response is characterized by longing for the deceased or persistent preoccupation with the deceased, accompanied by intense emotional pain. This may be manifested in experiences such as sadness, guilt, anger, denial, blame, difficulty accepting the death, the individual feeling that they have lost a part of themselves, an inability to experience positive mood, emotional numbness and difficulty in engaging with social or other activities. The pervasive grief response has persisted for an atypically long period of time following the loss, markedly exceeding expected social, cultural or religious norms for the individual’s culture and context. Grief responses lasting for less than 6 months, and for longer periods in some cultural contexts, should not be regarded as meeting this requirement."">
Justification: <The post expresses intense emotional pain, grief, and a persistent preoccupation with the deceased (the mother), along with feelings of guilt and anger. These elements align with the criteria for Prolonged Grief Disorder, which is characterized by a persistent and pervasive grief response that lasts longer than expected. The emotional distress and the context of the loss (mother's operation) support the diagnosis of depression, as the individual is experiencing significant emotional impairment and distress.>","[1] Hypomanic episode — Essential Features: • Both of the following symptoms occur concurrently and persist for most of the day, nearly every day, for at least several days. • Persistent elevation of mood or increased irritability is observable or reported, and represents a significant change from the individual’s usual range of moods (e.g. t
---
[2] Hypomanic episode — Boundary with Normality: • Hypomanic episodes are often difficult to distinguish from normal periods of elevated mood – for example, related to positive life events – particularly given that hypomanic episodes are not associated with significant functional impairment. In order to be considered a hypomanic episode, the sympt
---
[3] Prolonged grief disorder — Essential Features: • A history of bereavement following the death of a partner, parent, child or other person close to the bereaved is required for diagnosis. Disorders specifically associated with stress | Prolonged grief disorder Disorders specifically associated with stress 349 • A persistent and pervasive grief re",,,,,1,1,0,0,33.33333333333333
Phase 7: k-Value Check-k=3 Expand-15,k=3 Expand,15,depression,depression,"Label: depressive
Evidence: [1] says: ""The concurrent presence of at least five of the following characteristic symptoms occurring for most of the day, nearly every day, during a period lasting at least 2 weeks is required for diagnosis. At least one symptom from the affective cluster must be present. Assessment of the presence or absence of symptoms should be made relative to typical functioning of the individual. Affective cluster • Depressed mood as reported by the individual (e.g. feeling down, sad) or as observed (e.g. tearful, defeated appearance) (Note: in children and adolescents depressed mood can manifest as irritability.) • Markedly diminished interest or pleasure in activities, especially those normally found to be enjoyable to the individual (Note: this may include a reduction in sexual desire.) Cognitive-beavioural cluster • Reduced ability to concentrate and sustain attention on tasks, or marked indecisiveness • Beliefs of low self-worth or excessive and inappropriate guilt that may be manifestly delusional (Note: this item should not be considered present if guilt or self-reproach is exclusively about being depressed.) • Hopelessness about the future • Recurrent thoughts of death (not just fear of dying), recurrent suicidal ideation (with or without a specific plan), or evidence of attempted suicide""
Justification: The post describes a persistent sense of hopelessness, a lack of motivation, and a belief that life has no meaning, which aligns with the diagnostic criteria for depression. The individual is experiencing a diminished interest in activities, hopelessness, and a belief that life has no meaning, which are all consistent with the essential features of a depressive episode as outlined in ICD-11.","[1] Depressive episode — Essential Features: • The concurrent presence of at least five of the following characteristic symptoms occurring for most of the day, nearly every day, during a period lasting at least 2 weeks is required for diagnosis. At least one symptom from the affective cluster must be present. Assessment of the presence or abse
---
[2] Depressive episode — Boundary with Normality: • Some depression of mood is a normal reaction to severe adverse life events and problems (e.g. divorce, job loss), and is common in the community. A depressive episode is differentiated from this common experience by the severity, range and duration of symptoms. If the diagnostic requirements for a
---
[3] Dysthymic disorder — Essential Features: • Persistent depressed mood (i.e. lasting 2 years or more), for most of the day, for more days than not, as reported by the individual (e.g. feeling down, sad) or as observed (e.g. tearful, defeated appearance), is required for diagnosis. In children and adolescents depressed mood can manifest as pe",,,,,1,1,1,1,100.0
Phase 7: k-Value Check-k=3 Expand-16,k=3 Expand,16,depression,normal,"Label: normal
Evidence: [1] says: ""Children and adolescents may respond to the loss of a primary attachment figure (e.g. a parent or caregiver) with an intense and sustained grief response (e.g. greater in intensity, symptomatology, duration) because of the role these individuals play in the child’s life. Preschool-aged children commonly have difficulty accepting the loss. Aspects of the grief response may be retriggered at various points during the individual’s development – for example, as new needs arise that would normally be supplied by the parent or caregiver. Generally, these reactions should be regarded as normal, and the diagnosis of prolonged grief disorder should be assigned with caution to children and adolescents in this situation.""
Justification: The post describes a person experiencing emotional distress related to forming attachments and feeling lonely, but does not indicate a persistent or pervasive grief response that meets the criteria for prolonged grief disorder. The individual is expressing feelings of sadness and loneliness but is also attempting to form relationships and is not showing a persistent and pervasive grief response that would meet the diagnostic criteria for prolonged grief disorder. The text does not indicate a significant impairment in personal, family, social, educational, occupational or other important areas of functioning.","[1] Prolonged grief disorder — Boundary with Normality: • An individual experiencing a grief reaction that is within a normative period given their cultural and religious context is considered to be experiencing normal bereavement, and should not be assigned a diagnosis of prolonged grief disorder. It is often important to consider whether other people w
---
[2] Prolonged grief disorder — Essential Features: • A history of bereavement following the death of a partner, parent, child or other person close to the bereaved is required for diagnosis. Disorders specifically associated with stress | Prolonged grief disorder Disorders specifically associated with stress 349 • A persistent and pervasive grief re
---
[3] Hypomanic episode — Essential Features: • Both of the following symptoms occur concurrently and persist for most of the day, nearly every day, for at least several days. • Persistent elevation of mood or increased irritability is observable or reported, and represents a significant change from the individual’s usual range of moods (e.g. t",,,,,0,1,0,0,33.33333333333333
Phase 7: k-Value Check-k=3 Expand-17,k=3 Expand,17,depression,suicidal,"Label: suicidal
Evidence: [1] says: ""The concurrent presence of at least five of the following characteristic symptoms occurring for most of the day, nearly every day, during a period lasting at least 2 weeks is required for diagnosis. At least one symptom from the affective cluster must be present. Assessment of the presence or absence of symptoms should be made relative to typical functioning of the individual. Affective cluster • Depressed mood as reported by the individual (e.g. feeling down, sad) or as observed (e.g. tearful, defeated appearance) (Note: in children and adolescents depressed mood can manifest as irritability.) • Markedly diminished interest or pleasure in activities, especially those normally found to be enjoyable to the individual (Note: this may include a reduction in sexual desire.) Cognitive-behavioural cluster • Reduced ability to concentrate and sustain attention on tasks, or marked indecisiveness • Beliefs of low self-worth or excessive and inappropriate guilt that may be manifestly delusional (Note: this item should not be considered present if guilt or self-reproach is exclusively about being depressed.) • Hopelessness about the future • Recurrent thoughts of death (not just fear of dying), recurrent suicidal ideation (with or without a specific plan), or evidence of attempted suicide""
Justification: The post mentions recurrent suicidal ideation with a specific plan and the individual's belief that they will hurt people who care for them, which aligns with the diagnostic criteria for suicidal behavior. The text also indicates a persistent sense of hopelessness and a lack of interest in self-care, which are consistent with the features of a depressive episode.","[1] Depressive episode — Essential Features: • The concurrent presence of at least five of the following characteristic symptoms occurring for most of the day, nearly every day, during a period lasting at least 2 weeks is required for diagnosis. At least one symptom from the affective cluster must be present. Assessment of the presence or abse
---
[2] Depressive episode — Boundary with Normality: • Some depression of mood is a normal reaction to severe adverse life events and problems (e.g. divorce, job loss), and is common in the community. A depressive episode is differentiated from this common experience by the severity, range and duration of symptoms. If the diagnostic requirements for a
---
[3] Cyclothymic disorder — Essential Features: • Mood instability over an extended period of time (i.e. 2 years or more) characterized by numerous hypomanic and depressive periods is required for diagnosis. (In children and adolescents depressed mood can manifest as pervasive irritability.) Hypomanic periods may or may not have been sufficiently",,,,,0,1,1,1,100.0
Phase 7: k-Value Check-k=3 Expand-18,k=3 Expand,18,depression,normal,"Label: normal  
Evidence: [3] (Manic episode — Essential Features) says: ""Increased activity or a subjective experience of increased energy is present, and represents a significant change from the individual’s typical level.""  
Justification: The post mentions a ""real laugh"" and describes a feeling of ""so good"" and ""how long it has been since that happened,"" which suggests a positive emotional state. However, there is no mention of manic symptoms such as elevated mood, increased talkativeness, or rapid thoughts. The post does not indicate a significant change in mood or behavior that meets the criteria for a manic episode.","[1] Hypomanic episode — Essential Features: • Both of the following symptoms occur concurrently and persist for most of the day, nearly every day, for at least several days. • Persistent elevation of mood or increased irritability is observable or reported, and represents a significant change from the individual’s usual range of moods (e.g. t
---
[2] Hypomanic episode — Boundary with Normality: • Hypomanic episodes are often difficult to distinguish from normal periods of elevated mood – for example, related to positive life events – particularly given that hypomanic episodes are not associated with significant functional impairment. In order to be considered a hypomanic episode, the sympt
---
[3] Manic episode — Essential Features: • Both of the following features occur concurrently and persist for most of the day, nearly every day, during a period of at least 1 week, unless shortened by a treatment intervention. • An extreme mood state is observable or reported, characterized by euphoria, irritability or expansiveness that re",,,,,0,1,1,1,100.0
Phase 7: k-Value Check-k=3 Expand-19,k=3 Expand,19,depression,suicidal,"Label: suicidal
Evidence: [1] says: ""recurrent thoughts of death (not just fear of dying), recurrent suicidal ideation (with or without a specific plan), or evidence of attempted suicide""
Justification: The post expresses recurrent thoughts of death and a desire to avoid a ""genuine solution,"" which aligns with the ICD-11 criteria for suicidal ideation (with or without a specific plan). The evidence from ICD-11 indicates that such thoughts and a desire to avoid a solution are indicative of a suicidal risk.","[1] Depressive episode — Essential Features: • The concurrent presence of at least five of the following characteristic symptoms occurring for most of the day, nearly every day, during a period lasting at least 2 weeks is required for diagnosis. At least one symptom from the affective cluster must be present. Assessment of the presence or abse
---
[2] Depressive episode — Boundary with Normality: • Some depression of mood is a normal reaction to severe adverse life events and problems (e.g. divorce, job loss), and is common in the community. A depressive episode is differentiated from this common experience by the severity, range and duration of symptoms. If the diagnostic requirements for a
---
[3] Depressive episode — Essential Features: suicidal ideation (with or without a specific plan), or evidence of attempted suicide Mood disorders 213 Neurovegetative cluster • Significantly disrupted sleep (delayed sleep onset, increased frequency of waking during the night, or early morning awakening) or excessive sleep • Significant change i",,,,,0,1,1,1,100.0
Phase 7: k-Value Check-k=3 Expand-20,k=3 Expand,20,normal,normal,"Label: normal
Evidence: [2] says: ""Marked symptoms of anxiety are required for diagnosis, manifested in either: general apprehensiveness that is not restricted to any particular environmental circumstance (i.e. ""free-floating anxiety"") or excessive worry (apprehensive expectation) about negative events occurring in several different aspects of everyday life (e.g. work, finances, health, family).""
Justification: The post does not indicate any symptoms of depression or generalized anxiety disorder. The mention of ""I Survive"" and ""MorningIndoBox"" is neutral and does not reflect any mental health condition. The text does not show signs of excessive worry or anxiety that would meet the criteria for a diagnosis of generalized anxiety disorder.","[1] Generalized anxiety disorder — Boundary with Normality: • Anxiety and worry are normal emotional/cognitive states that commonly occur when people are under stress. At optimal levels, anxiety and worry may help to direct problem- solving efforts, focus attention adaptively and increase alertness. Normal anxiety and worry are usually sufficiently self-regu
---
[2] Generalized anxiety disorder — Essential Features: • Marked symptoms of anxiety are required for diagnosis, manifested in either: • general apprehensiveness that is not restricted to any particular environmental circumstance (i.e. “free-floating anxiety”); or • excessive worry (apprehensive expectation) about negative events occurring in several dif
---
[3] Panic disorder — Boundary with Normality: • Panic attacks are common in the general population, particularly in response to anxiety- provoking life events. Panic attacks in response to real threats to an individual’s physical or psychological integrity are considered part of the normative continuum of reactions, and a diagnosis is not warra",,,,,1,1,1,1,100.0
Phase 7: k-Value Check-k=3 Expand-21,k=3 Expand,21,normal,depression,"Label: depression
Evidence: [1] says: ""The concurrent presence of at least five of the following characteristic symptoms occurring for most of the day, nearly every day, during a period lasting at least 2 weeks is required for diagnosis. At least one symptom from the affective cluster must be present. Assessment of the presence or absence of symptoms should be made relative to typical functioning of the individual. Affective cluster • Depressed mood as reported by the individual (e.g. feeling down, sad) or as observed (e.g. tearful, defeated appearance) (Note: in children and adolescents depressed mood can manifest as irritability.) • Markedly diminished interest or pleasure in activities, especially those normally found to be enjoyable to the individual (Note: this may include a reduction in sexual desire.) Cognitive-behavioural cluster • Reduced ability to concentrate and sustain attention on tasks, or marked indecisiveness • Beliefs of low self-worth or excessive and inappropriate guilt that may be manifestly delusional (Note: this item should not be considered present if guilt or self-reproach is exclusively about being depressed.) • Hopelessness about the future • Recurrent thoughts of death (not just fear of dying), recurrent suicidal ideation (with or without a specific plan), or evidence of attempted suicide Mood disorders 213 Neurovegetative cluster • Significantly disrupted sleep (delayed sleep onset, increased frequency of waking during the night, or early morning)""
Justification: The post describes a person who has been lying in bed for seven hours and is unable to sleep, which is consistent with disrupted sleep. The mention of feeling down and the lack of interest in activities aligns with the diagnostic criteria for depression, particularly the affective cluster and the presence of depressive symptoms. The persistent inability to sleep and the associated feelings of hopelessness support the classification of the post as depression.","[1] Depressive episode — Essential Features: • The concurrent presence of at least five of the following characteristic symptoms occurring for most of the day, nearly every day, during a period lasting at least 2 weeks is required for diagnosis. At least one symptom from the affective cluster must be present. Assessment of the presence or abse
---
[2] Depressive episode — Boundary with Normality: • Some depression of mood is a normal reaction to severe adverse life events and problems (e.g. divorce, job loss), and is common in the community. A depressive episode is differentiated from this common experience by the severity, range and duration of symptoms. If the diagnostic requirements for a
---
[3] Dysthymic disorder — Essential Features: • Persistent depressed mood (i.e. lasting 2 years or more), for most of the day, for more days than not, as reported by the individual (e.g. feeling down, sad) or as observed (e.g. tearful, defeated appearance), is required for diagnosis. In children and adolescents depressed mood can manifest as pe",,,,,0,1,1,0,66.66666666666666
Phase 7: k-Value Check-k=3 Expand-22,k=3 Expand,22,normal,normal,"Label: normal
Evidence: [1] says: ""Significantly disrupted sleep (delayed sleep onset, increased frequency of waking during the night, or early morning awakening) or excessive sleep • Significant change in appetite (diminished or increased) or significant weight change (gain or loss) • Psychomotor agitation or retardation (observable by others, not merely subjective feelings of restlessness or being slowed down) • Reduced energy, fatigue or marked tiredness following the expenditure of only a minimum of effort • The symptoms are not better accounted for by bereavement. • The symptoms are not a manifestation of another medical condition (e.g. a brain tumour), and are not due to the effects of a substance or medication on the central nervous system (e.g. benzodiazepines), including withdrawal effects (e.g. from stimulants). • The clinical presentation does not fulfil the diagnostic requirements for a mixed episode. • The mood disturbance results in significant impairment in personal, family, social, educational, occupational or other important areas of functioning. If functioning is maintained, it is only through significant additional effort.""
Justification: The post does not mention any symptoms or indicators of depression or suicidal ideation. The statement ""I want to make a fa.. but I'm afraid I won't take care of it"" is unclear and does not provide sufficient evidence to classify as a depressive episode or suicidal ideation. The evidence provided in the ICD-11 chunks does not apply to the post.","[1] Depressive episode — Essential Features: suicidal ideation (with or without a specific plan), or evidence of attempted suicide Mood disorders 213 Neurovegetative cluster • Significantly disrupted sleep (delayed sleep onset, increased frequency of waking during the night, or early morning awakening) or excessive sleep • Significant change i
---
[2] Depressive episode — Boundary with Normality: • Some depression of mood is a normal reaction to severe adverse life events and problems (e.g. divorce, job loss), and is common in the community. A depressive episode is differentiated from this common experience by the severity, range and duration of symptoms. If the diagnostic requirements for a
---
[3] Prolonged grief disorder — Essential Features: • A history of bereavement following the death of a partner, parent, child or other person close to the bereaved is required for diagnosis. Disorders specifically associated with stress | Prolonged grief disorder Disorders specifically associated with stress 349 • A persistent and pervasive grief re",,,,,1,1,1,1,100.0
Phase 7: k-Value Check-k=3 Expand-23,k=3 Expand,23,normal,normal,"Label: normal
Evidence: [1] says: ""Exposure to an event or situation (either short- or long-lasting) of an extremely threatening or horrific nature is required for diagnosis. Such events include, but are not limited to, directly experiencing natural or human-made disasters, combat, serious accidents, torture, Disorders specifically associated with stress | Other specified or unspecified disorder specifically associated with stress 362 Clinical Descriptions and Diagnostic Requirements for ICD-11 Mental, Behavioural or Neurodevelopmental Disorders sexual violence, terrorism; assault, acute life-threatening illness (e.g. a heart attack); witnessing the threatened or actual injury or death of others in a sudden, unexpected, or violent manner; and learning about the sudden, unexpected or violent death of a loved one.""
Justification: The post does not mention any traumatic event, and the statements about a sprained leg and stomach pain are not indicative of a stressor that meets the diagnostic criteria for post-traumatic stress disorder. The evidence suggests that the individual has experienced a threatening event, but the context of the post does not support a diagnosis of a mental health disorder.","[1] Disorder specifically associated with stress, unspecified — Essential Features: • Exposure to an event or situation (either short- or long-lasting) of an extremely threatening or horrific nature is required for diagnosis. Such events include, but are not limited to, directly experiencing natural or human-made disasters, combat, serious accidents, torture, Disorders specifically
---
[2] Post-traumatic stress disorder — Essential Features: • Exposure to an event or situation (either short- or long-lasting) of an extremely threatening or horrific nature is required for diagnosis. Such events include, but are not limited to, directly experiencing natural or human-made disasters, combat, serious accidents, torture, sexual violence, terro
---
[3] Post-traumatic stress disorder — Boundary with Normality: • A history of exposure to an event or situation of an extremely threatening or horrific nature does not in itself indicate the presence of post-traumatic stress disorder. Many people experience such stressors without developing a disorder. Rather, the presentation must meet all diagnostic requireme",,,,,1,1,1,1,100.0
Phase 7: k-Value Check-k=3 Expand-24,k=3 Expand,24,normal,normal,"Label: normal
Evidence: [2] says: ""Increased activity or a subjective experience of increased energy is present, and represents a significant change from the individual’s typical level.""
Justification: The post does not contain any mention of mood disturbance, suicidal ideation, or depressive symptoms. The statement is a casual conversation about a romantic encounter and cooking, which does not meet the criteria for a manic episode or cyclothymic disorder as per the provided ICD-11 chunks.","[1] Manic episode — Boundary with Normality: • Periods of euphoric or irritable mood that are entirely contextually appropriate (e.g. euphoria after winning a lottery) should not be considered as meeting the mood component of the diagnostic requirements for a manic episode.
---
[2] Manic episode — Essential Features: • Both of the following features occur concurrently and persist for most of the day, nearly every day, during a period of at least 1 week, unless shortened by a treatment intervention. • An extreme mood state is observable or reported, characterized by euphoria, irritability or expansiveness that re
---
[3] Cyclothymic disorder — Boundary with Normality: • Cyclothymic disorder is distinguished from normal variations in mood by a history of distress or difficulty functioning due to repeated occurrences of mood disturbance.",,,,,1,1,1,1,100.0
Phase 7: k-Value Check-k=3 Expand-25,k=3 Expand,25,normal,normal,"Label: normal
Evidence: [2] says: ""Disorders specifically associated with stress | Adjustment disorder Disorders specifically associated with stress 353""
Justification: The post mentions waiting for a comeback and expressing a desire for a comeback, which suggests a temporary emotional response to a specific event. The statement does not indicate a persistent emotional disturbance or a maladaptive reaction to a stressor. The context is specific to a particular event (EXO and SVTT) and does not reflect a chronic or persistent mental health condition.","[1] Adjustment disorder — Essential Features: • A maladaptive reaction to an identifiable psychosocial stressor or multiple stressors (e.g. single stressful event, ongoing psychosocial difficulty or a combination of stressful life situations) that usually emerges within a month of the stressor is required for diagnosis. Examples include divorce
---
[2] Adjustment disorder — Boundary with Normality: • Adjustment disorder represents a maladaptive reaction and failure to adapt to a stressor that is associated with significant preoccupation, and results in significant impairment in personal, family, social, educational, occupational or other important areas of functioning. Emotional reactions to n",,,,,1,1,1,1,100.0
Phase 7: k-Value Check-k=3 Expand-26,k=3 Expand,26,normal,normal,"Label: normal
Evidence: [3] (Mixed episode — Essential Features) says: ""The symptoms are not a manifestation of another medical condition (e.g. a brain tumour), and are not due to the effects of a substance or medication on the central nervous system (e.g. benzodiazepines), including withdrawal effects (e.g. from cocaine).""
Justification: The post mentions ""basic math getting their discord = wanting the D,"" which does not clearly indicate a mental health condition. The statement is vague and lacks the necessary clinical details to meet the diagnostic criteria for any mental disorder. The evidence from ICD-11 does not apply to the post as it is not a clinically relevant statement.","[1] Manic episode — Essential Features: their skill level, or that they are about to become famous – in psychotic presentations of mania, this may be manifested in grandiose delusions); • decreased need for sleep (e.g. the person reports being able to function with only 2 or 3 hours of sleep), as distinct from insomnia, in which an indivi
---
[2] Manic episode — Boundary with Normality: • Periods of euphoric or irritable mood that are entirely contextually appropriate (e.g. euphoria after winning a lottery) should not be considered as meeting the mood component of the diagnostic requirements for a manic episode.
---
[3] Mixed episode — Essential Features: sexual desire or appetite) and cognitive functioning (e.g. periods of activation and inhibition or slowing of thoughts, attention and memory). • The symptoms are not a manifestation of another medical condition (e.g. a brain tumour), and are not due to the effects of a substance or medication on the",,,,,1,1,1,1,100.0
Phase 7: k-Value Check-k=3 Expand-27,k=3 Expand,27,normal,normal,"Label: normal
Evidence: [1] says: ""An individual experiencing a grief reaction that is within a normative period given their cultural and religious context is considered to be experiencing normal bereavement, and should not be assigned a diagnosis of prolonged grief disorder. It is often important to consider whether other people who share the bereaved person’s cultural or religious perspective (e.g. family, friends, community) regard the response to the loss or duration of the reaction as abnormal.""
Justification: The post expresses a desire to play a game, which is a positive activity. There is no indication of grief or depression, and the statement does not reflect a prolonged grief response. The content is neutral and does not suggest a mental health crisis.","[1] Prolonged grief disorder — Boundary with Normality: • An individual experiencing a grief reaction that is within a normative period given their cultural and religious context is considered to be experiencing normal bereavement, and should not be assigned a diagnosis of prolonged grief disorder. It is often important to consider whether other people w
---
[2] Prolonged grief disorder — Essential Features: • A history of bereavement following the death of a partner, parent, child or other person close to the bereaved is required for diagnosis. Disorders specifically associated with stress | Prolonged grief disorder Disorders specifically associated with stress 349 • A persistent and pervasive grief re
---
[3] Manic episode — Boundary with Normality: • Periods of euphoric or irritable mood that are entirely contextually appropriate (e.g. euphoria after winning a lottery) should not be considered as meeting the mood component of the diagnostic requirements for a manic episode.",,,,,1,1,0,1,66.66666666666666
Phase 7: k-Value Check-k=3 Expand-28,k=3 Expand,28,normal,normal,"Label: normal
Evidence: [2] says: ""Some depressed mood is a normal reaction to severe adverse life events and problems, and is common in the community. Dysthymic disorder is differentiated from this common experience by the severity, range and duration of symptoms. Assessment of the presence or absence of signs or symptoms should be made relative to typical functioning of the individual.""
Justification: The post mentions the user ""just booted into window to upload something since internet is even worse under ubuntu,"" which reflects a temporary technical issue. There is no indication of persistent depressive symptoms, significant distress, or impairment in functioning. The statement is neutral and does not suggest a mental health condition. The evidence from ICD-11 indicates that the symptoms are not indicative of dysthymic disorder, and the post does not meet the diagnostic criteria for depression or suicidal behavior.","[1] Dysthymic disorder — Essential Features: since the onset of the disorder. • There is no history of manic, mixed or hypomanic episodes, which would indicate the presence of a bipolar or related disorder. • The symptoms are not a manifestation of another medical condition (e.g. hypothyroidism), and are not due to the effects of a substance o
---
[2] Dysthymic disorder — Boundary with Normality: • Some depressed mood is a normal reaction to severe adverse life events and problems, and is common in the community. Dysthymic disorder is differentiated from this common experience by the severity, range and duration of symptoms. Assessment of the presence or absence of signs or symptoms should b
---
[3] Dysthymic disorder — Essential Features: • Persistent depressed mood (i.e. lasting 2 years or more), for most of the day, for more days than not, as reported by the individual (e.g. feeling down, sad) or as observed (e.g. tearful, defeated appearance), is required for diagnosis. In children and adolescents depressed mood can manifest as pe",,,,,1,1,1,1,100.0
Phase 7: k-Value Check-k=3 Expand-29,k=3 Expand,29,normal,normal,"Label: normal
Evidence: [3] says: ""Pervasiveness, severity and chronicity of emotional, cognitive and behavioural manifestations of the personality dysfunction""
Justification: The post ""the world needs more polite people like us"" does not show any signs of suicidal ideation, depression, or other mental health issues. The statement is neutral and does not indicate any emotional distress or impairment. The quoted ICD-11 text refers to the pervasive and chronic nature of personality dysfunction, which is not evident in this post.","[1] Hypomanic episode — Essential Features: from one idea to the next; the person reports that their thoughts are rapid or even racing and has difficulty remaining on a topic); • increased self-esteem or grandiosity (e.g. the individual is more self-confident than usual); • decreased need for sleep (e.g. the person reports needing less sleep 
---
[2] Hypomanic episode — Boundary with Normality: • Hypomanic episodes are often difficult to distinguish from normal periods of elevated mood – for example, related to positive life events – particularly given that hypomanic episodes are not associated with significant functional impairment. In order to be considered a hypomanic episode, the sympt
---
[3] Borderline pattern — Essential Features: of interpersonal dysfunction across various contexts and relationships (e.g. romantic relationships, school/work, parent-child, family, friendships, peer contexts) • Interest in engaging in relationships with others • Ability to understand and appreciate others’ perspectives • Ability to develop and",,,,,1,1,0,1,66.66666666666666
Phase 7: k-Value Check-k=8 Expand-0,k=8 Expand,0,suicidal,suicidal,"Label: suicidal
Evidence: [3] (Depressive episode — Essential Features): ""suicidal ideation (with or without a specific plan), or evidence of attempted suicide""
Justification: The post mentions thinking about ending it all by not sleeping until death, which is a form of suicidal ideation. The mention of ""is there a more efficient way?"" and the question about killing oneself at age 13 without a gun indicates a risk of suicide. The ICD-11 chunk [3] states that suicidal ideation with or without a specific plan is a key criterion for a depressive episode, and the post reflects this risk.","[1] Depressive episode — Essential Features: • The concurrent presence of at least five of the following characteristic symptoms occurring for most of the day, nearly every day, during a period lasting at least 2 weeks is required for diagnosis. At least one symptom from the affective cluster must be present. Assessment of the presence or abse
---
[2] Depressive episode — Boundary with Normality: • Some depression of mood is a normal reaction to severe adverse life events and problems (e.g. divorce, job loss), and is common in the community. A depressive episode is differentiated from this common experience by the severity, range and duration of symptoms. If the diagnostic requirements for a
---
[3] Depressive episode — Essential Features: suicidal ideation (with or without a specific plan), or evidence of attempted suicide Mood disorders 213 Neurovegetative cluster • Significantly disrupted sleep (delayed sleep onset, increased frequency of waking during the night, or early morning awakening) or excessive sleep • Significant change i
---
[4] Prolonged grief disorder — Boundary with Normality: • An individual experiencing a grief reaction that is within a normative period given their cultural and religious context is considered to be experiencing normal bereavement, and should not be assigned a diagnosis of prolonged grief disorder. It is often important to consider whether other people w
---
[5] Prolonged grief disorder — Essential Features: • A history of bereavement following the death of a partner, parent, child or other person close to the bereaved is required for diagnosis. Disorders specifically associated with stress | Prolonged grief disorder Disorders specifically associated with stress 349 • A persistent and pervasive grief re
---
[6] Dysthymic disorder — Boundary with Normality: • Some depressed mood is a normal reaction to severe adverse life events and problems, and is common in the community. Dysthymic disorder is differentiated from this common experience by the severity, range and duration of symptoms. Assessment of the presence or absence of signs or symptoms should b
---
[7] Dysthymic disorder — Essential Features: • Persistent depressed mood (i.e. lasting 2 years or more), for most of the day, for more days than not, as reported by the individual (e.g. feeling down, sad) or as observed (e.g. tearful, defeated appearance), is required for diagnosis. In children and adolescents depressed mood can manifest as pe
---
[8] Manic episode — Essential Features: • Both of the following features occur concurrently and persist for most of the day, nearly every day, during a period of at least 1 week, unless shortened by a treatment intervention. • An extreme mood state is observable or reported, characterized by euphoria, irritability or expansiveness that re",,,,,1,1,1,1,100.0
Phase 7: k-Value Check-k=8 Expand-1,k=8 Expand,1,suicidal,suicidal,"Label: suicidal|depression
Evidence: [2] says: ""The concurrent presence of at least five of the following characteristic symptoms occurring for most of the day, nearly every day, during a period lasting at least 2 weeks is required for diagnosis. At least one symptom from the affective cluster must be present. Assessment of the presence or absence of symptoms should be made relative to typical functioning of the individual. Affective cluster • Depressed mood as reported by the individual (e.g. feeling down, sad) or as observed (e.g. tearful, defeated appearance) (Note: in children and adolescents depressed mood can manifest as irritability.) • Markedly diminished interest or pleasure in activities, especially those normally found to be enjoyable to the individual (Note: this may include a reduction in sexual desire.) Cognitive-behavioural cluster • Reduced ability to concentrate and sustain attention on tasks, or marked indecisiveness • Beliefs of low self-worth or excessive and inappropriate guilt that may be manifestly delusional (Note: this item should not be considered present if guilt or self-reproach is exclusively about being depressed.) • Hopelessness about the future • Recurrent thoughts of death (not just fear of dying), recurrent suicidal ideation (with or without a specific plan), or evidence of attempted suicide Mood disorders 213 Neurovegetative cluster • Significantly disrupted sleep (delayed sleep onset, increased frequency of waking during the night, or early morning awakening) or excessive sleep""
Justification: The post describes intense feelings of isolation, hopelessness, and a lack of interest in social interactions, which align with the essential features of a depressive episode. The individual exhibits recurrent suicidal ideation and a persistent sense of worthlessness, which are key indicators of a depressive episode. The evidence from ICD-11 supports the diagnosis of depression.","[1] Depressive episode — Boundary with Normality: • Some depression of mood is a normal reaction to severe adverse life events and problems (e.g. divorce, job loss), and is common in the community. A depressive episode is differentiated from this common experience by the severity, range and duration of symptoms. If the diagnostic requirements for a
---
[2] Depressive episode — Essential Features: • The concurrent presence of at least five of the following characteristic symptoms occurring for most of the day, nearly every day, during a period lasting at least 2 weeks is required for diagnosis. At least one symptom from the affective cluster must be present. Assessment of the presence or abse
---
[3] Dysthymic disorder — Boundary with Normality: • Some depressed mood is a normal reaction to severe adverse life events and problems, and is common in the community. Dysthymic disorder is differentiated from this common experience by the severity, range and duration of symptoms. Assessment of the presence or absence of signs or symptoms should b
---
[4] Dysthymic disorder — Essential Features: • Persistent depressed mood (i.e. lasting 2 years or more), for most of the day, for more days than not, as reported by the individual (e.g. feeling down, sad) or as observed (e.g. tearful, defeated appearance), is required for diagnosis. In children and adolescents depressed mood can manifest as pe
---
[5] Depressive episode — Boundary with Normality: a depressive episode can be superimposed on normal grief. The presence of a depressive episode during a period of bereavement is suggested by persistence of constant depressive symptoms 1 month or more following the loss (i.e. there are no periods of positive mood or enjoyment of activities); severe
---
[6] Depressive episode — Essential Features: suicidal ideation (with or without a specific plan), or evidence of attempted suicide Mood disorders 213 Neurovegetative cluster • Significantly disrupted sleep (delayed sleep onset, increased frequency of waking during the night, or early morning awakening) or excessive sleep • Significant change i
---
[7] Mixed depressive and anxiety disorder — Essential Features: • The presence of both depressive and anxiety symptoms for most of the time during a period of 2 weeks or more is required for diagnosis. Mood disorders 259 • Depressive symptoms include depressed mood or markedly diminished interest or pleasure in activities. • There are multiple anxiety symptoms, 
---
[8] Mixed depressive and anxiety disorder — Boundary with Normality: • If worry is the only anxiety symptom (i.e. no sympathetic autonomic or other anxiety symptoms are present), a diagnosis of mixed depressive and anxiety disorder diagnosis is not appropriate.",,,,,1,1,1,1,100.0
Phase 7: k-Value Check-k=8 Expand-2,k=8 Expand,2,suicidal,suicidal,"Label: suicidal|depression
Evidence: [4] (Depressive episode — Essential Features) says: ""The concurrent presence of at least five of the following characteristic symptoms occurring for most of the day, nearly every day, during a period lasting at least 2 weeks is required for diagnosis. At least one symptom from the affective cluster must be present. Assessment of the presence or absence of symptoms should be made relative to typical functioning of the individual. Affective cluster • Depressed mood as reported by the individual (e.g. feeling down, sad) or as observed (e.g. tearful, defeated appearance) (Note: in children and adolescents depressed mood can manifest as irritability.) • Markedly diminished interest or pleasure in activities, especially those normally found to be enjoyable to the individual (Note: this may include a reduction in sexual desire.) Cognitive-behavioural cluster • Reduced ability to concentrate and sustain attention on tasks, or marked indecisiveness • Beliefs of low self-worth or excessive and inappropriate guilt that may be manifestly delusional (Note: this item should not be considered present if guilt or self-reproach is exclusively about being depressed.) • Hopelessness about the future • Recurrent thoughts of death (not just fear of dying), recurrent suicidal ideation (with or without a specific plan), or evidence of attempted suicide Mood disorders 213 Neurovegetative cluster • Significantly disrupted sleep (delayed sleep onset, increased frequency of waking during the night, or early morning awakening) or excessive sleep • Significant change in appetite (diminished or increased) or significant weight change (gain or loss) • Psychomotor agitation or retardation (observable by others, not merely subjective feelings of restlessness or being slowed down) • Reduced energy, fatigue or marked tiredness following the expenditure of only a minimum of effort • The symptoms are not better accounted for by bereavement.""
Justification: The post expresses a persistent sense of depression, hopelessness, and a lack of interest in activities, which aligns with the essential features of a depressive episode. The individual exhibits recurrent thoughts of death and suicidal ideation, which are key indicators of a depressive episode. The evidence from ICD-11 supports the classification of the post as a depressive episode.","[1] Dysthymic disorder — Essential Features: • Persistent depressed mood (i.e. lasting 2 years or more), for most of the day, for more days than not, as reported by the individual (e.g. feeling down, sad) or as observed (e.g. tearful, defeated appearance), is required for diagnosis. In children and adolescents depressed mood can manifest as pe
---
[2] Dysthymic disorder — Boundary with Normality: • Some depressed mood is a normal reaction to severe adverse life events and problems, and is common in the community. Dysthymic disorder is differentiated from this common experience by the severity, range and duration of symptoms. Assessment of the presence or absence of signs or symptoms should b
---
[3] Depressive episode — Boundary with Normality: • Some depression of mood is a normal reaction to severe adverse life events and problems (e.g. divorce, job loss), and is common in the community. A depressive episode is differentiated from this common experience by the severity, range and duration of symptoms. If the diagnostic requirements for a
---
[4] Depressive episode — Essential Features: • The concurrent presence of at least five of the following characteristic symptoms occurring for most of the day, nearly every day, during a period lasting at least 2 weeks is required for diagnosis. At least one symptom from the affective cluster must be present. Assessment of the presence or abse
---
[5] Depressive episode — Essential Features: suicidal ideation (with or without a specific plan), or evidence of attempted suicide Mood disorders 213 Neurovegetative cluster • Significantly disrupted sleep (delayed sleep onset, increased frequency of waking during the night, or early morning awakening) or excessive sleep • Significant change i
---
[6] Depressive episode — Boundary with Normality: a depressive episode can be superimposed on normal grief. The presence of a depressive episode during a period of bereavement is suggested by persistence of constant depressive symptoms 1 month or more following the loss (i.e. there are no periods of positive mood or enjoyment of activities); severe
---
[7] Cyclothymic disorder — Essential Features: • Mood instability over an extended period of time (i.e. 2 years or more) characterized by numerous hypomanic and depressive periods is required for diagnosis. (In children and adolescents depressed mood can manifest as pervasive irritability.) Hypomanic periods may or may not have been sufficiently
---
[8] Cyclothymic disorder — Boundary with Normality: • Cyclothymic disorder is distinguished from normal variations in mood by a history of distress or difficulty functioning due to repeated occurrences of mood disturbance.",,,,,1,1,1,1,100.0
Phase 7: k-Value Check-k=8 Expand-3,k=8 Expand,3,suicidal,depression,"Label: depression
Evidence: [3] (Depressive episode — Essential Features) says: ""The concurrent presence of at least five of the following characteristic symptoms occurring for most of the day, nearly every day, during a period lasting at least 2 weeks is required for diagnosis. At least one symptom from the affective cluster must be present.""
Justification: The post mentions feeling ""so messed up,"" ""moods keep changing like a rollercoaster,"" and ""I go from the happiest person to the most suicidal one in just a couple of hours,"" which aligns with the essential features of a depressive episode. The repeated mention of feeling overwhelmed and the suicidal ideation supports the diagnosis of depression.","[1] Hypomanic episode — Essential Features: • Both of the following symptoms occur concurrently and persist for most of the day, nearly every day, for at least several days. • Persistent elevation of mood or increased irritability is observable or reported, and represents a significant change from the individual’s usual range of moods (e.g. t
---
[2] Hypomanic episode — Boundary with Normality: • Hypomanic episodes are often difficult to distinguish from normal periods of elevated mood – for example, related to positive life events – particularly given that hypomanic episodes are not associated with significant functional impairment. In order to be considered a hypomanic episode, the sympt
---
[3] Depressive episode — Essential Features: • The concurrent presence of at least five of the following characteristic symptoms occurring for most of the day, nearly every day, during a period lasting at least 2 weeks is required for diagnosis. At least one symptom from the affective cluster must be present. Assessment of the presence or abse
---
[4] Depressive episode — Boundary with Normality: • Some depression of mood is a normal reaction to severe adverse life events and problems (e.g. divorce, job loss), and is common in the community. A depressive episode is differentiated from this common experience by the severity, range and duration of symptoms. If the diagnostic requirements for a
---
[5] Manic episode — Essential Features: • Both of the following features occur concurrently and persist for most of the day, nearly every day, during a period of at least 1 week, unless shortened by a treatment intervention. • An extreme mood state is observable or reported, characterized by euphoria, irritability or expansiveness that re
---
[6] Manic episode — Boundary with Normality: • Periods of euphoric or irritable mood that are entirely contextually appropriate (e.g. euphoria after winning a lottery) should not be considered as meeting the mood component of the diagnostic requirements for a manic episode.
---
[7] Dysthymic disorder — Essential Features: • Persistent depressed mood (i.e. lasting 2 years or more), for most of the day, for more days than not, as reported by the individual (e.g. feeling down, sad) or as observed (e.g. tearful, defeated appearance), is required for diagnosis. In children and adolescents depressed mood can manifest as pe
---
[8] Dysthymic disorder — Boundary with Normality: • Some depressed mood is a normal reaction to severe adverse life events and problems, and is common in the community. Dysthymic disorder is differentiated from this common experience by the severity, range and duration of symptoms. Assessment of the presence or absence of signs or symptoms should b",,,,,0,1,1,0,66.66666666666666
Phase 7: k-Value Check-k=8 Expand-4,k=8 Expand,4,suicidal,suicidal,"Label: suicidal
Evidence: [1] (Depressive episode — Essential Features) says: ""The concurrent presence of at least five of the following characteristic symptoms occurring for most of the day, nearly every day, during a period lasting at least 2 weeks is required for diagnosis. At least one symptom from the affective cluster must be present.""
Justification: The post expresses a desire to die and mentions having multiple mental illnesses, which aligns with the diagnostic criteria for a depressive episode. The mention of ""many mental illnesses"" and ""life is just slowly going downhill"" supports the presence of depressive symptoms, and the statement ""I want to die"" is consistent with the essential features of a depressive episode.","[1] Depressive episode — Essential Features: • The concurrent presence of at least five of the following characteristic symptoms occurring for most of the day, nearly every day, during a period lasting at least 2 weeks is required for diagnosis. At least one symptom from the affective cluster must be present. Assessment of the presence or abse
---
[2] Depressive episode — Boundary with Normality: • Some depression of mood is a normal reaction to severe adverse life events and problems (e.g. divorce, job loss), and is common in the community. A depressive episode is differentiated from this common experience by the severity, range and duration of symptoms. If the diagnostic requirements for a
---
[3] Manic episode — Essential Features: their skill level, or that they are about to become famous – in psychotic presentations of mania, this may be manifested in grandiose delusions); • decreased need for sleep (e.g. the person reports being able to function with only 2 or 3 hours of sleep), as distinct from insomnia, in which an indivi
---
[4] Manic episode — Boundary with Normality: • Periods of euphoric or irritable mood that are entirely contextually appropriate (e.g. euphoria after winning a lottery) should not be considered as meeting the mood component of the diagnostic requirements for a manic episode.
---
[5] Hypomanic episode — Essential Features: from one idea to the next; the person reports that their thoughts are rapid or even racing and has difficulty remaining on a topic); • increased self-esteem or grandiosity (e.g. the individual is more self-confident than usual); • decreased need for sleep (e.g. the person reports needing less sleep 
---
[6] Hypomanic episode — Boundary with Normality: • Hypomanic episodes are often difficult to distinguish from normal periods of elevated mood – for example, related to positive life events – particularly given that hypomanic episodes are not associated with significant functional impairment. In order to be considered a hypomanic episode, the sympt
---
[7] Mixed depressive and anxiety disorder — Essential Features: • The presence of both depressive and anxiety symptoms for most of the time during a period of 2 weeks or more is required for diagnosis. Mood disorders 259 • Depressive symptoms include depressed mood or markedly diminished interest or pleasure in activities. • There are multiple anxiety symptoms, 
---
[8] Mixed depressive and anxiety disorder — Boundary with Normality: • If worry is the only anxiety symptom (i.e. no sympathetic autonomic or other anxiety symptoms are present), a diagnosis of mixed depressive and anxiety disorder diagnosis is not appropriate.",,,,,1,1,1,0,66.66666666666666
Phase 7: k-Value Check-k=8 Expand-5,k=8 Expand,5,suicidal,suicidal,"Label: suicidal
Evidence: [7] says: ""The concurrent presence of at least five of the following characteristic symptoms occurring for most of the day, nearly every day, during a period lasting at least 2 weeks is required for diagnosis. At least one symptom from the affective cluster must be present.""
Justification: The post expresses a persistent feeling of despair, a desire to end one's life, and a sense of hopelessness, which aligns with the diagnostic criteria for a depressive episode. The mention of recurring suicidal ideation and the fear of death supports the presence of a depressive episode, though the post also includes elements of suicidal ideation, which is a key component of a suicidal episode.","[1] Dysthymic disorder — Boundary with Normality: • Some depressed mood is a normal reaction to severe adverse life events and problems, and is common in the community. Dysthymic disorder is differentiated from this common experience by the severity, range and duration of symptoms. Assessment of the presence or absence of signs or symptoms should b
---
[2] Dysthymic disorder — Essential Features: • Persistent depressed mood (i.e. lasting 2 years or more), for most of the day, for more days than not, as reported by the individual (e.g. feeling down, sad) or as observed (e.g. tearful, defeated appearance), is required for diagnosis. In children and adolescents depressed mood can manifest as pe
---
[3] Mixed depressive and anxiety disorder — Essential Features: • The presence of both depressive and anxiety symptoms for most of the time during a period of 2 weeks or more is required for diagnosis. Mood disorders 259 • Depressive symptoms include depressed mood or markedly diminished interest or pleasure in activities. • There are multiple anxiety symptoms, 
---
[4] Mixed depressive and anxiety disorder — Boundary with Normality: • If worry is the only anxiety symptom (i.e. no sympathetic autonomic or other anxiety symptoms are present), a diagnosis of mixed depressive and anxiety disorder diagnosis is not appropriate.
---
[5] Borderline pattern — Essential Features: disturbance is associated with substantial distress or significant impairment in personal, family, social, educational, occupational or other important areas of functioning. • Personality disorder should not be diagnosed if the patterns of behaviour characterizing the personality disturbance are dev
---
[6] Borderline pattern — Essential Features: of interpersonal dysfunction across various contexts and relationships (e.g. romantic relationships, school/work, parent-child, family, friendships, peer contexts) • Interest in engaging in relationships with others • Ability to understand and appreciate others’ perspectives • Ability to develop and
---
[7] Depressive episode — Essential Features: • The concurrent presence of at least five of the following characteristic symptoms occurring for most of the day, nearly every day, during a period lasting at least 2 weeks is required for diagnosis. At least one symptom from the affective cluster must be present. Assessment of the presence or abse
---
[8] Depressive episode — Boundary with Normality: • Some depression of mood is a normal reaction to severe adverse life events and problems (e.g. divorce, job loss), and is common in the community. A depressive episode is differentiated from this common experience by the severity, range and duration of symptoms. If the diagnostic requirements for a",,,,,1,1,1,0,66.66666666666666
Phase 7: k-Value Check-k=8 Expand-6,k=8 Expand,6,suicidal,suicidal,"Label: suicidal
Evidence: ICD-11 chunk [6] says: ""When depressive and manic symptoms alternate rapidly during a mixed episode, such fluctuations may be observed in mood (e.g. between euphoria and sadness or dysphoria), emotional reactivity (e.g. between flat affect and intense or exaggerated reactiveness to emotional stimuli), drive (e.g. alternating periods of increased and decreased activity, verbal expression, sexual desire or appetite) and cognitive functioning (e.g. periods of activation and inhibition or slowing of thoughts, attention and memory).""
Justification: The post mentions suicidal ideation and a desire to be hospitalized, which aligns with the diagnostic criteria for a suicidal episode. The mention of overdosing and the hesitation due to medication restrictions supports the classification as suicidal.","[1] Depressive episode — Essential Features: • The concurrent presence of at least five of the following characteristic symptoms occurring for most of the day, nearly every day, during a period lasting at least 2 weeks is required for diagnosis. At least one symptom from the affective cluster must be present. Assessment of the presence or abse
---
[2] Depressive episode — Boundary with Normality: • Some depression of mood is a normal reaction to severe adverse life events and problems (e.g. divorce, job loss), and is common in the community. A depressive episode is differentiated from this common experience by the severity, range and duration of symptoms. If the diagnostic requirements for a
---
[3] Hypomanic episode — Essential Features: from one idea to the next; the person reports that their thoughts are rapid or even racing and has difficulty remaining on a topic); • increased self-esteem or grandiosity (e.g. the individual is more self-confident than usual); • decreased need for sleep (e.g. the person reports needing less sleep 
---
[4] Hypomanic episode — Boundary with Normality: • Hypomanic episodes are often difficult to distinguish from normal periods of elevated mood – for example, related to positive life events – particularly given that hypomanic episodes are not associated with significant functional impairment. In order to be considered a hypomanic episode, the sympt
---
[5] Hypomanic episode — Essential Features: • Both of the following symptoms occur concurrently and persist for most of the day, nearly every day, for at least several days. • Persistent elevation of mood or increased irritability is observable or reported, and represents a significant change from the individual’s usual range of moods (e.g. t
---
[6] Mixed episode — Essential Features: • Several prominent manic and several prominent depressive symptoms consistent with those observed in manic episodes and depressive episodes are present, which either occur simultaneously or alternate very rapidly (from day to day or within the same day). Symptoms must include an altered mood state 
---
[7] Manic episode — Essential Features: their skill level, or that they are about to become famous – in psychotic presentations of mania, this may be manifested in grandiose delusions); • decreased need for sleep (e.g. the person reports being able to function with only 2 or 3 hours of sleep), as distinct from insomnia, in which an indivi
---
[8] Manic episode — Boundary with Normality: • Periods of euphoric or irritable mood that are entirely contextually appropriate (e.g. euphoria after winning a lottery) should not be considered as meeting the mood component of the diagnostic requirements for a manic episode.",,,,,1,1,1,1,100.0
Phase 7: k-Value Check-k=8 Expand-7,k=8 Expand,7,suicidal,suicidal,"Label: suicidal|depression
Evidence: [5] says: ""suicidal ideation (with or without a specific plan), or evidence of attempted suicide""
Justification: The post contains the phrase ""Not sure if Ill be able to take it Its getting harder and harder,"" which suggests a sense of hopelessness and despair. This aligns with the diagnostic criteria for depressive episodes, particularly the presence of significant impairment in personal, family, social, educational, occupational or other important areas of functioning, as described in [5].","[1] Adjustment disorder — Essential Features: • A maladaptive reaction to an identifiable psychosocial stressor or multiple stressors (e.g. single stressful event, ongoing psychosocial difficulty or a combination of stressful life situations) that usually emerges within a month of the stressor is required for diagnosis. Examples include divorce
---
[2] Adjustment disorder — Boundary with Normality: • Adjustment disorder represents a maladaptive reaction and failure to adapt to a stressor that is associated with significant preoccupation, and results in significant impairment in personal, family, social, educational, occupational or other important areas of functioning. Emotional reactions to n
---
[3] Mixed depressive and anxiety disorder — Essential Features: • The presence of both depressive and anxiety symptoms for most of the time during a period of 2 weeks or more is required for diagnosis. Mood disorders 259 • Depressive symptoms include depressed mood or markedly diminished interest or pleasure in activities. • There are multiple anxiety symptoms, 
---
[4] Mixed depressive and anxiety disorder — Boundary with Normality: • If worry is the only anxiety symptom (i.e. no sympathetic autonomic or other anxiety symptoms are present), a diagnosis of mixed depressive and anxiety disorder diagnosis is not appropriate.
---
[5] Depressive episode — Essential Features: suicidal ideation (with or without a specific plan), or evidence of attempted suicide Mood disorders 213 Neurovegetative cluster • Significantly disrupted sleep (delayed sleep onset, increased frequency of waking during the night, or early morning awakening) or excessive sleep • Significant change i
---
[6] Depressive episode — Boundary with Normality: • Some depression of mood is a normal reaction to severe adverse life events and problems (e.g. divorce, job loss), and is common in the community. A depressive episode is differentiated from this common experience by the severity, range and duration of symptoms. If the diagnostic requirements for a
---
[7] Prolonged grief disorder — Essential Features: • A history of bereavement following the death of a partner, parent, child or other person close to the bereaved is required for diagnosis. Disorders specifically associated with stress | Prolonged grief disorder Disorders specifically associated with stress 349 • A persistent and pervasive grief re
---
[8] Prolonged grief disorder — Boundary with Normality: • An individual experiencing a grief reaction that is within a normative period given their cultural and religious context is considered to be experiencing normal bereavement, and should not be assigned a diagnosis of prolonged grief disorder. It is often important to consider whether other people w",,,,,1,1,1,1,100.0
Phase 7: k-Value Check-k=8 Expand-8,k=8 Expand,8,suicidal,suicidal,"Label: suicidal
Evidence: [5] (Depressive episode — Essential Features): • suicidal ideation (with or without a specific plan), or evidence of attempted suicide Mood disorders 213 Neurovegetative cluster • Significantly disrupted sleep (delayed sleep onset, increased frequency of waking during the night, or early morning awakening) or excessive sleep • Significant change in appetite (diminished or increased) or significant weight change (gain or loss) • Psychomotor agitation or retardation (observable by others, not merely subjective feelings of restlessness or being slowed down) • Reduced energy, fatigue or marked tiredness following the expenditure of only a minimum of effort • The symptoms are not better accounted for by bereavement. • The symptoms are not a manifestation of another medical condition (e.g. a brain tumour), and are not due to the effects of a substance or medication on the central nervous system (e.g. benzodiazepines), including withdrawal effects (e.g. from stimulants). • The clinical presentation does not fulfil the diagnostic requirements for a mixed episode. • The mood disturbance results in significant impairment in personal, family, social, educational, occupational or other important areas of functioning. If functioning is maintained, it is only through significant additional effort.
Justification: The post describes a plan involving the use of a suicide pill, which includes a DIY extracted cyanide capsule and a placebo. This indicates suicidal ideation (with or without a specific plan), which is a key criterion for a suicidal label as per ICD-11. The mention of using a placebo and the intention to mitigate anxiety/fear of the ordeal further supports the classification.","[1] Depressive episode — Essential Features: • The concurrent presence of at least five of the following characteristic symptoms occurring for most of the day, nearly every day, during a period lasting at least 2 weeks is required for diagnosis. At least one symptom from the affective cluster must be present. Assessment of the presence or abse
---
[2] Depressive episode — Boundary with Normality: • Some depression of mood is a normal reaction to severe adverse life events and problems (e.g. divorce, job loss), and is common in the community. A depressive episode is differentiated from this common experience by the severity, range and duration of symptoms. If the diagnostic requirements for a
---
[3] Prolonged grief disorder — Essential Features: • A history of bereavement following the death of a partner, parent, child or other person close to the bereaved is required for diagnosis. Disorders specifically associated with stress | Prolonged grief disorder Disorders specifically associated with stress 349 • A persistent and pervasive grief re
---
[4] Prolonged grief disorder — Boundary with Normality: • An individual experiencing a grief reaction that is within a normative period given their cultural and religious context is considered to be experiencing normal bereavement, and should not be assigned a diagnosis of prolonged grief disorder. It is often important to consider whether other people w
---
[5] Depressive episode — Essential Features: suicidal ideation (with or without a specific plan), or evidence of attempted suicide Mood disorders 213 Neurovegetative cluster • Significantly disrupted sleep (delayed sleep onset, increased frequency of waking during the night, or early morning awakening) or excessive sleep • Significant change i
---
[6] Dysthymic disorder — Essential Features: • Persistent depressed mood (i.e. lasting 2 years or more), for most of the day, for more days than not, as reported by the individual (e.g. feeling down, sad) or as observed (e.g. tearful, defeated appearance), is required for diagnosis. In children and adolescents depressed mood can manifest as pe
---
[7] Dysthymic disorder — Boundary with Normality: • Some depressed mood is a normal reaction to severe adverse life events and problems, and is common in the community. Dysthymic disorder is differentiated from this common experience by the severity, range and duration of symptoms. Assessment of the presence or absence of signs or symptoms should b
---
[8] Hypomanic episode — Essential Features: • Both of the following symptoms occur concurrently and persist for most of the day, nearly every day, for at least several days. • Persistent elevation of mood or increased irritability is observable or reported, and represents a significant change from the individual’s usual range of moods (e.g. t",,,,,1,1,1,1,100.0
Phase 7: k-Value Check-k=8 Expand-9,k=8 Expand,9,suicidal,normal,"Label: normal  
Evidence: [1] says: ""Persistent depressed mood (i.e. lasting 2 years or more), for most of the day, for more days than not, as reported by the individual (e.g. feeling down, sad) or as observed (e.g. tearful, defeated appearance), is required for diagnosis. In children and adolescents depressed mood can manifest as pervasive irritability. The depressed mood is accompanied by additional symptoms typically seen in a depressive episode, though these may be milder in form. Examples include: markedly diminished interest or pleasure in activities, reduced concentration and attention, or indecisiveness, low self-worth, or excessive or inappropriate guilt, hopelessness about the future, disturbed sleep or increased sleep, diminished or increased appetite, low energy or fatigue. During the first 2 years of the disorder, there has never been a 2-week period during which the number and duration of symptoms were sufficient to meet the diagnostic requirements for a depressive episode. While brief symptom-free intervals during the period of persistent depressed mood are consistent with the diagnosis, there have never been any prolonged symptom-free periods (e.g. lasting 2 months or more) since the onset of the disorder. There is no history of manic, mixed or hypomanic episodes, which would indicate the presence of a bipolar or related disorder. The symptoms are not a manifestation""  
Justification: The post mentions a temporary emotional state (""damn :/ it be like that sometimes"") and does not indicate persistent depressed mood or any symptoms consistent with a depressive episode. The statement reflects a normal emotional experience without any indication of a mental health disorder.","[1] Dysthymic disorder — Essential Features: • Persistent depressed mood (i.e. lasting 2 years or more), for most of the day, for more days than not, as reported by the individual (e.g. feeling down, sad) or as observed (e.g. tearful, defeated appearance), is required for diagnosis. In children and adolescents depressed mood can manifest as pe
---
[2] Dysthymic disorder — Boundary with Normality: • Some depressed mood is a normal reaction to severe adverse life events and problems, and is common in the community. Dysthymic disorder is differentiated from this common experience by the severity, range and duration of symptoms. Assessment of the presence or absence of signs or symptoms should b
---
[3] Depressive episode — Essential Features: • The concurrent presence of at least five of the following characteristic symptoms occurring for most of the day, nearly every day, during a period lasting at least 2 weeks is required for diagnosis. At least one symptom from the affective cluster must be present. Assessment of the presence or abse
---
[4] Depressive episode — Boundary with Normality: • Some depression of mood is a normal reaction to severe adverse life events and problems (e.g. divorce, job loss), and is common in the community. A depressive episode is differentiated from this common experience by the severity, range and duration of symptoms. If the diagnostic requirements for a
---
[5] Cyclothymic disorder — Essential Features: • Mood instability over an extended period of time (i.e. 2 years or more) characterized by numerous hypomanic and depressive periods is required for diagnosis. (In children and adolescents depressed mood can manifest as pervasive irritability.) Hypomanic periods may or may not have been sufficiently
---
[6] Cyclothymic disorder — Boundary with Normality: • Cyclothymic disorder is distinguished from normal variations in mood by a history of distress or difficulty functioning due to repeated occurrences of mood disturbance.
---
[7] Hypomanic episode — Essential Features: • Both of the following symptoms occur concurrently and persist for most of the day, nearly every day, for at least several days. • Persistent elevation of mood or increased irritability is observable or reported, and represents a significant change from the individual’s usual range of moods (e.g. t
---
[8] Hypomanic episode — Boundary with Normality: • Hypomanic episodes are often difficult to distinguish from normal periods of elevated mood – for example, related to positive life events – particularly given that hypomanic episodes are not associated with significant functional impairment. In order to be considered a hypomanic episode, the sympt",,,,,0,1,1,1,100.0
Phase 7: k-Value Check-k=8 Expand-10,k=8 Expand,10,depression,depression,"Label: depression
Evidence: [3] (Depressive episode — Essential Features) says: ""The concurrent presence of at least five of the following characteristic symptoms occurring for most of the day, nearly every day, during a period lasting at least 2 weeks is required for diagnosis. At least one symptom from the affective cluster must be present. Assessment of the presence or absence of symptoms should be made relative to typical functioning of the individual.""
Justification: The post describes persistent feelings of being trapped, constant stress, and near-crying episodes, which align with the essential features of a depressive episode. The individual is experiencing significant distress and impairment in functioning, as indicated by the statement ""I should probably get my meds adjusted again but I absolutely HATE when they start that process."" This supports the diagnosis of depression.","[1] Hypomanic episode — Essential Features: • Both of the following symptoms occur concurrently and persist for most of the day, nearly every day, for at least several days. • Persistent elevation of mood or increased irritability is observable or reported, and represents a significant change from the individual’s usual range of moods (e.g. t
---
[2] Hypomanic episode — Boundary with Normality: • Hypomanic episodes are often difficult to distinguish from normal periods of elevated mood – for example, related to positive life events – particularly given that hypomanic episodes are not associated with significant functional impairment. In order to be considered a hypomanic episode, the sympt
---
[3] Depressive episode — Essential Features: • The concurrent presence of at least five of the following characteristic symptoms occurring for most of the day, nearly every day, during a period lasting at least 2 weeks is required for diagnosis. At least one symptom from the affective cluster must be present. Assessment of the presence or abse
---
[4] Depressive episode — Boundary with Normality: • Some depression of mood is a normal reaction to severe adverse life events and problems (e.g. divorce, job loss), and is common in the community. A depressive episode is differentiated from this common experience by the severity, range and duration of symptoms. If the diagnostic requirements for a
---
[5] Dysthymic disorder — Essential Features: • Persistent depressed mood (i.e. lasting 2 years or more), for most of the day, for more days than not, as reported by the individual (e.g. feeling down, sad) or as observed (e.g. tearful, defeated appearance), is required for diagnosis. In children and adolescents depressed mood can manifest as pe
---
[6] Dysthymic disorder — Boundary with Normality: • Some depressed mood is a normal reaction to severe adverse life events and problems, and is common in the community. Dysthymic disorder is differentiated from this common experience by the severity, range and duration of symptoms. Assessment of the presence or absence of signs or symptoms should b
---
[7] Dysthymic disorder — Essential Features: since the onset of the disorder. • There is no history of manic, mixed or hypomanic episodes, which would indicate the presence of a bipolar or related disorder. • The symptoms are not a manifestation of another medical condition (e.g. hypothyroidism), and are not due to the effects of a substance o
---
[8] Mixed depressive and anxiety disorder — Essential Features: • The presence of both depressive and anxiety symptoms for most of the time during a period of 2 weeks or more is required for diagnosis. Mood disorders 259 • Depressive symptoms include depressed mood or markedly diminished interest or pleasure in activities. • There are multiple anxiety symptoms, ",,,,,1,1,1,1,100.0
Phase 7: k-Value Check-k=8 Expand-11,k=8 Expand,11,depression,depression,"Label: depression
Evidence: [5] (Depressive episode — Essential Features) says: ""The concurrent presence of at least five of the following characteristic symptoms occurring for most of the day, nearly every day, during a period lasting at least 2 weeks is required for diagnosis. At least one symptom from the affective cluster must be present. Assessment of the presence or absence of symptoms should be made relative to typical functioning of the individual. Affective cluster • Depressed mood as reported by the individual (e.g. feeling down, sad) or as observed (e.g. tearful, defeated appearance) (Note: in children and adolescents depressed mood can manifest as irritability.)""
Justification: The post mentions struggling with depression, questioning one's identity, and writing a song to express oneself, which aligns with the essential features of a depressive episode. The symptoms described in the post (depression, identity confusion, and self-expression) meet the diagnostic criteria for a depressive episode as outlined in ICD-11.","[1] Cyclothymic disorder — Essential Features: • Mood instability over an extended period of time (i.e. 2 years or more) characterized by numerous hypomanic and depressive periods is required for diagnosis. (In children and adolescents depressed mood can manifest as pervasive irritability.) Hypomanic periods may or may not have been sufficiently
---
[2] Cyclothymic disorder — Boundary with Normality: • Cyclothymic disorder is distinguished from normal variations in mood by a history of distress or difficulty functioning due to repeated occurrences of mood disturbance.
---
[3] Dysthymic disorder — Essential Features: • Persistent depressed mood (i.e. lasting 2 years or more), for most of the day, for more days than not, as reported by the individual (e.g. feeling down, sad) or as observed (e.g. tearful, defeated appearance), is required for diagnosis. In children and adolescents depressed mood can manifest as pe
---
[4] Dysthymic disorder — Boundary with Normality: • Some depressed mood is a normal reaction to severe adverse life events and problems, and is common in the community. Dysthymic disorder is differentiated from this common experience by the severity, range and duration of symptoms. Assessment of the presence or absence of signs or symptoms should b
---
[5] Depressive episode — Essential Features: • The concurrent presence of at least five of the following characteristic symptoms occurring for most of the day, nearly every day, during a period lasting at least 2 weeks is required for diagnosis. At least one symptom from the affective cluster must be present. Assessment of the presence or abse
---
[6] Depressive episode — Boundary with Normality: • Some depression of mood is a normal reaction to severe adverse life events and problems (e.g. divorce, job loss), and is common in the community. A depressive episode is differentiated from this common experience by the severity, range and duration of symptoms. If the diagnostic requirements for a
---
[7] Recurrent depressive disorder — Essential Features: • A history of at least two depressive episodes (see above essential features), which may include a current episode, separated by several months without significant mood disturbance is required for diagnosis. • There is no history of manic, mixed or hypomanic episodes, which would indicate the prese
---
[8] Borderline pattern — Essential Features: • An enduring disturbance characterized by problems in functioning of aspects of the self (e.g. identity, self-worth, accuracy of self-view, self-direction) and/or interpersonal dysfunction (e.g. ability to develop and maintain close and mutually satisfying relationships, ability to understand other",,,,,1,1,1,1,100.0
Phase 7: k-Value Check-k=8 Expand-12,k=8 Expand,12,depression,suicidal,"Label: suicidal|depression
Evidence: [1] (Depressive episode — Essential Features): ""suicidal ideation (with or without a specific plan), or evidence of attempted suicide""
Justification: The post contains ""Ill die as nothing,"" which suggests suicidal ideation. The ICD-11 chunk [1] states that suicidal ideation with or without a specific plan is a key feature of a depressive episode, connecting the post to the diagnosis of depression.","[1] Depressive episode — Essential Features: suicidal ideation (with or without a specific plan), or evidence of attempted suicide Mood disorders 213 Neurovegetative cluster • Significantly disrupted sleep (delayed sleep onset, increased frequency of waking during the night, or early morning awakening) or excessive sleep • Significant change i
---
[2] Depressive episode — Boundary with Normality: • Some depression of mood is a normal reaction to severe adverse life events and problems (e.g. divorce, job loss), and is common in the community. A depressive episode is differentiated from this common experience by the severity, range and duration of symptoms. If the diagnostic requirements for a
---
[3] Depressive episode — Essential Features: • The concurrent presence of at least five of the following characteristic symptoms occurring for most of the day, nearly every day, during a period lasting at least 2 weeks is required for diagnosis. At least one symptom from the affective cluster must be present. Assessment of the presence or abse
---
[4] Prolonged grief disorder — Essential Features: • A history of bereavement following the death of a partner, parent, child or other person close to the bereaved is required for diagnosis. Disorders specifically associated with stress | Prolonged grief disorder Disorders specifically associated with stress 349 • A persistent and pervasive grief re
---
[5] Prolonged grief disorder — Boundary with Normality: • An individual experiencing a grief reaction that is within a normative period given their cultural and religious context is considered to be experiencing normal bereavement, and should not be assigned a diagnosis of prolonged grief disorder. It is often important to consider whether other people w
---
[6] Dysthymic disorder — Essential Features: • Persistent depressed mood (i.e. lasting 2 years or more), for most of the day, for more days than not, as reported by the individual (e.g. feeling down, sad) or as observed (e.g. tearful, defeated appearance), is required for diagnosis. In children and adolescents depressed mood can manifest as pe
---
[7] Dysthymic disorder — Boundary with Normality: • Some depressed mood is a normal reaction to severe adverse life events and problems, and is common in the community. Dysthymic disorder is differentiated from this common experience by the severity, range and duration of symptoms. Assessment of the presence or absence of signs or symptoms should b
---
[8] Depressive episode — Boundary with Normality: a depressive episode can be superimposed on normal grief. The presence of a depressive episode during a period of bereavement is suggested by persistence of constant depressive symptoms 1 month or more following the loss (i.e. there are no periods of positive mood or enjoyment of activities); severe",,,,,0,1,1,1,100.0
Phase 7: k-Value Check-k=8 Expand-13,k=8 Expand,13,depression,suicidal,"Label: suicidal
Evidence: [5] (Depressive episode — Essential Features): suicidal ideation (with or without a specific plan), or evidence of attempted suicide Mood disorders 213 Neurovegetative cluster • Significantly disrupted sleep (delayed sleep onset, increased frequency of waking during the night, or early morning awakening) or excessive sleep
Justification: The post contains suicidal ideation (""Would have made everyone happier had I just died do not mind me, just a pathetic idiot no one cares about"") which aligns with the ICD-11 definition of depressive episode with suicidal ideation. The statement reflects a self-reported desire to end one's life, which is consistent with the diagnostic criteria for a depressive episode involving suicidal ideation.","[1] Depressive episode — Essential Features: • The concurrent presence of at least five of the following characteristic symptoms occurring for most of the day, nearly every day, during a period lasting at least 2 weeks is required for diagnosis. At least one symptom from the affective cluster must be present. Assessment of the presence or abse
---
[2] Depressive episode — Boundary with Normality: • Some depression of mood is a normal reaction to severe adverse life events and problems (e.g. divorce, job loss), and is common in the community. A depressive episode is differentiated from this common experience by the severity, range and duration of symptoms. If the diagnostic requirements for a
---
[3] Dysthymic disorder — Boundary with Normality: • Some depressed mood is a normal reaction to severe adverse life events and problems, and is common in the community. Dysthymic disorder is differentiated from this common experience by the severity, range and duration of symptoms. Assessment of the presence or absence of signs or symptoms should b
---
[4] Dysthymic disorder — Essential Features: • Persistent depressed mood (i.e. lasting 2 years or more), for most of the day, for more days than not, as reported by the individual (e.g. feeling down, sad) or as observed (e.g. tearful, defeated appearance), is required for diagnosis. In children and adolescents depressed mood can manifest as pe
---
[5] Depressive episode — Essential Features: suicidal ideation (with or without a specific plan), or evidence of attempted suicide Mood disorders 213 Neurovegetative cluster • Significantly disrupted sleep (delayed sleep onset, increased frequency of waking during the night, or early morning awakening) or excessive sleep • Significant change i
---
[6] Dysthymic disorder — Essential Features: since the onset of the disorder. • There is no history of manic, mixed or hypomanic episodes, which would indicate the presence of a bipolar or related disorder. • The symptoms are not a manifestation of another medical condition (e.g. hypothyroidism), and are not due to the effects of a substance o
---
[7] Borderline pattern — Essential Features: disturbance is associated with substantial distress or significant impairment in personal, family, social, educational, occupational or other important areas of functioning. • Personality disorder should not be diagnosed if the patterns of behaviour characterizing the personality disturbance are dev
---
[8] Manic episode — Essential Features: • Both of the following features occur concurrently and persist for most of the day, nearly every day, during a period of at least 1 week, unless shortened by a treatment intervention. • An extreme mood state is observable or reported, characterized by euphoria, irritability or expansiveness that re",,,,,0,1,1,1,100.0
Phase 7: k-Value Check-k=8 Expand-14,k=8 Expand,14,depression,depression,"Label: <depression>
Evidence: <ICD-11 chunk [5] says: ""The presence of both depressive and anxiety symptoms for most of the time during a period of 2 weeks or more is required for diagnosis. Mood disorders 259 • Depressive symptoms include depressed mood or markedly diminished interest or pleasure in activities. • There are multiple anxiety symptoms, which may include feeling nervous, anxious or on edge, not being able to control worrying thoughts, fear that something awful will happen, having trouble relaxing, muscle tension or sympathetic autonomic symptoms. • Neither the depressive nor the anxiety symptoms – considered separately – are sufficiently severe, numerous or lasting to meet the diagnostic requirements of another depressive disorder or an anxiety or fear-related disorder."">
Justification: <The post expresses intense anxiety and a sense of despair, which aligns with the diagnostic criteria for depression. The mention of anxiety symptoms and the overall emotional state of the individual supports the classification of depression. The evidence from ICD-11 chunk [5] indicates that the presence of both depressive and anxiety symptoms for most of the time during a period of 2 weeks or more is required for diagnosis, which is consistent with the post's content.>","[1] Hypomanic episode — Essential Features: • Both of the following symptoms occur concurrently and persist for most of the day, nearly every day, for at least several days. • Persistent elevation of mood or increased irritability is observable or reported, and represents a significant change from the individual’s usual range of moods (e.g. t
---
[2] Hypomanic episode — Boundary with Normality: • Hypomanic episodes are often difficult to distinguish from normal periods of elevated mood – for example, related to positive life events – particularly given that hypomanic episodes are not associated with significant functional impairment. In order to be considered a hypomanic episode, the sympt
---
[3] Prolonged grief disorder — Essential Features: • A history of bereavement following the death of a partner, parent, child or other person close to the bereaved is required for diagnosis. Disorders specifically associated with stress | Prolonged grief disorder Disorders specifically associated with stress 349 • A persistent and pervasive grief re
---
[4] Prolonged grief disorder — Boundary with Normality: • An individual experiencing a grief reaction that is within a normative period given their cultural and religious context is considered to be experiencing normal bereavement, and should not be assigned a diagnosis of prolonged grief disorder. It is often important to consider whether other people w
---
[5] Mixed depressive and anxiety disorder — Essential Features: • The presence of both depressive and anxiety symptoms for most of the time during a period of 2 weeks or more is required for diagnosis. Mood disorders 259 • Depressive symptoms include depressed mood or markedly diminished interest or pleasure in activities. • There are multiple anxiety symptoms, 
---
[6] Mixed depressive and anxiety disorder — Boundary with Normality: • If worry is the only anxiety symptom (i.e. no sympathetic autonomic or other anxiety symptoms are present), a diagnosis of mixed depressive and anxiety disorder diagnosis is not appropriate.
---
[7] Adjustment disorder — Essential Features: • A maladaptive reaction to an identifiable psychosocial stressor or multiple stressors (e.g. single stressful event, ongoing psychosocial difficulty or a combination of stressful life situations) that usually emerges within a month of the stressor is required for diagnosis. Examples include divorce
---
[8] Adjustment disorder — Boundary with Normality: • Adjustment disorder represents a maladaptive reaction and failure to adapt to a stressor that is associated with significant preoccupation, and results in significant impairment in personal, family, social, educational, occupational or other important areas of functioning. Emotional reactions to n",,,,,1,1,0,0,33.33333333333333
Phase 7: k-Value Check-k=8 Expand-15,k=8 Expand,15,depression,suicidal,"Label: suicidal|depression
Evidence: [7] (Depressive episode — Essential Features) says: ""suicidal ideation (with or without a specific plan), or evidence of attempted suicide Mood disorders 213 Neurovegetative cluster • Significantly disrupted sleep (delayed sleep onset, increased frequency of waking during the night, or early morning awakening) or excessive sleep • Significant change in appetite (diminished or increased) or significant weight change (gain or loss) • Psychomotor agitation or retardation (observable by others, not merely subjective feelings of restlessness or being slowed down) • Reduced energy, fatigue or marked tiredness following the expenditure of only a minimum of effort • The symptoms are not better accounted for by bereavement. • The symptoms are not a manifestation of another medical condition (e.g. a brain tumour), and are not due to the effects of a substance or medication on the central nervous system (e.g. benzodiazepines), including withdrawal effects (e.g. from stimulants). • The clinical presentation does not fulfil the diagnostic requirements for a mixed episode. • The mood disturbance results in significant impairment in personal, family, social, educational, occupational or other important areas of functioning. If functioning is maintained, it is only through significant additional effort.""
Justification: The post mentions suicidal ideation and a belief that life has no meaning, which aligns with the diagnostic criteria for a depressive episode. The mention of reduced motivation, hopelessness, and a sense of despair supports the presence of depressive symptoms. The statement about ""three truths"" and the belief that life is meaningless is consistent with the clinical features of depression, particularly the reduced interest in activities and hopelessness. The post also indicates a lack of motivation and a sense of hopelessness, which are key features of depression.","[1] Depressive episode — Essential Features: • The concurrent presence of at least five of the following characteristic symptoms occurring for most of the day, nearly every day, during a period lasting at least 2 weeks is required for diagnosis. At least one symptom from the affective cluster must be present. Assessment of the presence or abse
---
[2] Depressive episode — Boundary with Normality: • Some depression of mood is a normal reaction to severe adverse life events and problems (e.g. divorce, job loss), and is common in the community. A depressive episode is differentiated from this common experience by the severity, range and duration of symptoms. If the diagnostic requirements for a
---
[3] Dysthymic disorder — Essential Features: • Persistent depressed mood (i.e. lasting 2 years or more), for most of the day, for more days than not, as reported by the individual (e.g. feeling down, sad) or as observed (e.g. tearful, defeated appearance), is required for diagnosis. In children and adolescents depressed mood can manifest as pe
---
[4] Dysthymic disorder — Boundary with Normality: • Some depressed mood is a normal reaction to severe adverse life events and problems, and is common in the community. Dysthymic disorder is differentiated from this common experience by the severity, range and duration of symptoms. Assessment of the presence or absence of signs or symptoms should b
---
[5] Mixed depressive and anxiety disorder — Essential Features: • The presence of both depressive and anxiety symptoms for most of the time during a period of 2 weeks or more is required for diagnosis. Mood disorders 259 • Depressive symptoms include depressed mood or markedly diminished interest or pleasure in activities. • There are multiple anxiety symptoms, 
---
[6] Mixed depressive and anxiety disorder — Boundary with Normality: • If worry is the only anxiety symptom (i.e. no sympathetic autonomic or other anxiety symptoms are present), a diagnosis of mixed depressive and anxiety disorder diagnosis is not appropriate.
---
[7] Depressive episode — Essential Features: suicidal ideation (with or without a specific plan), or evidence of attempted suicide Mood disorders 213 Neurovegetative cluster • Significantly disrupted sleep (delayed sleep onset, increased frequency of waking during the night, or early morning awakening) or excessive sleep • Significant change i
---
[8] Dysthymic disorder — Essential Features: since the onset of the disorder. • There is no history of manic, mixed or hypomanic episodes, which would indicate the presence of a bipolar or related disorder. • The symptoms are not a manifestation of another medical condition (e.g. hypothyroidism), and are not due to the effects of a substance o",,,,,0,1,1,0,66.66666666666666
Phase 7: k-Value Check-k=8 Expand-16,k=8 Expand,16,depression,depression,"Label: depression
Evidence: [5] (Depressive episode — Essential Features) says: ""The concurrent presence of at least five of the following characteristic symptoms occurring for most of the day, nearly every day, during a period lasting at least 2 weeks is required for diagnosis. At least one symptom from the affective cluster must be present.""
Justification: The post describes persistent feelings of loneliness, attachment, jealousy, and sadness, which align with the essential features of a depressive episode. The individual is experiencing a prolonged and pervasive emotional response, marked by significant impairment in personal and social functioning, as indicated by the persistent feelings of sadness and difficulty in forming and maintaining relationships.","[1] Prolonged grief disorder — Boundary with Normality: • An individual experiencing a grief reaction that is within a normative period given their cultural and religious context is considered to be experiencing normal bereavement, and should not be assigned a diagnosis of prolonged grief disorder. It is often important to consider whether other people w
---
[2] Prolonged grief disorder — Essential Features: • A history of bereavement following the death of a partner, parent, child or other person close to the bereaved is required for diagnosis. Disorders specifically associated with stress | Prolonged grief disorder Disorders specifically associated with stress 349 • A persistent and pervasive grief re
---
[3] Hypomanic episode — Essential Features: • Both of the following symptoms occur concurrently and persist for most of the day, nearly every day, for at least several days. • Persistent elevation of mood or increased irritability is observable or reported, and represents a significant change from the individual’s usual range of moods (e.g. t
---
[4] Hypomanic episode — Boundary with Normality: • Hypomanic episodes are often difficult to distinguish from normal periods of elevated mood – for example, related to positive life events – particularly given that hypomanic episodes are not associated with significant functional impairment. In order to be considered a hypomanic episode, the sympt
---
[5] Depressive episode — Essential Features: • The concurrent presence of at least five of the following characteristic symptoms occurring for most of the day, nearly every day, during a period lasting at least 2 weeks is required for diagnosis. At least one symptom from the affective cluster must be present. Assessment of the presence or abse
---
[6] Depressive episode — Boundary with Normality: • Some depression of mood is a normal reaction to severe adverse life events and problems (e.g. divorce, job loss), and is common in the community. A depressive episode is differentiated from this common experience by the severity, range and duration of symptoms. If the diagnostic requirements for a
---
[7] Borderline pattern — Essential Features: of interpersonal dysfunction across various contexts and relationships (e.g. romantic relationships, school/work, parent-child, family, friendships, peer contexts) • Interest in engaging in relationships with others • Ability to understand and appreciate others’ perspectives • Ability to develop and
---
[8] Borderline pattern — Essential Features: disturbance is associated with substantial distress or significant impairment in personal, family, social, educational, occupational or other important areas of functioning. • Personality disorder should not be diagnosed if the patterns of behaviour characterizing the personality disturbance are dev",,,,,1,1,1,1,100.0
Phase 7: k-Value Check-k=8 Expand-17,k=8 Expand,17,depression,suicidal,"Label: suicidal
Evidence: [1] (Depressive episode — Essential Features) says: ""The concurrent presence of at least five of the following characteristic symptoms occurring for most of the day, nearly every day, during a period lasting at least 2 weeks is required for diagnosis. At least one symptom from the affective cluster must be present. Assessment of the presence or absence of symptoms should be made relative to typical functioning of the individual. Affective cluster • Depressed mood as reported by the individual (e.g. feeling down, sad) or as observed (e.g. tearful, defeated appearance) (Note: in children and adolescents depressed mood can manifest as irritability.) • Markedly diminished interest or pleasure in activities, especially those normally found to be enjoyable to the individual (Note: this may include a reduction in sexual desire.) Cognitive-beavioural cluster • Reduced ability to concentrate and sustain attention on tasks, or marked indecisiveness • Beliefs of low self-worth or excessive and inappropriate guilt that may be manifestly delusional (Note: this item should not be considered present if guilt or self-reproach is exclusively about being depressed.) • Hopelessness about the future • Recurrent thoughts of death (not just fear of dying), recurrent suicidal ideation (with or without a specific plan), or evidence of attempted suicide Mood disorders 213 Neurovegetative cluster • Significantly disrupted sleep (delayed sleep onset, increased frequency of waking during the night, or early morning)""
Justification: The post mentions recurring suicidal thoughts, a belief that harming others is a concern, and a history of prioritizing caregiving over self-care, which aligns with the essential features of a depressive episode. The mention of recurrent suicidal ideation with a specific plan supports the diagnostic criteria for a depressive episode.","[1] Depressive episode — Essential Features: • The concurrent presence of at least five of the following characteristic symptoms occurring for most of the day, nearly every day, during a period lasting at least 2 weeks is required for diagnosis. At least one symptom from the affective cluster must be present. Assessment of the presence or abse
---
[2] Depressive episode — Boundary with Normality: • Some depression of mood is a normal reaction to severe adverse life events and problems (e.g. divorce, job loss), and is common in the community. A depressive episode is differentiated from this common experience by the severity, range and duration of symptoms. If the diagnostic requirements for a
---
[3] Cyclothymic disorder — Essential Features: • Mood instability over an extended period of time (i.e. 2 years or more) characterized by numerous hypomanic and depressive periods is required for diagnosis. (In children and adolescents depressed mood can manifest as pervasive irritability.) Hypomanic periods may or may not have been sufficiently
---
[4] Cyclothymic disorder — Boundary with Normality: • Cyclothymic disorder is distinguished from normal variations in mood by a history of distress or difficulty functioning due to repeated occurrences of mood disturbance.
---
[5] Mixed depressive and anxiety disorder — Essential Features: • The presence of both depressive and anxiety symptoms for most of the time during a period of 2 weeks or more is required for diagnosis. Mood disorders 259 • Depressive symptoms include depressed mood or markedly diminished interest or pleasure in activities. • There are multiple anxiety symptoms, 
---
[6] Mixed depressive and anxiety disorder — Boundary with Normality: • If worry is the only anxiety symptom (i.e. no sympathetic autonomic or other anxiety symptoms are present), a diagnosis of mixed depressive and anxiety disorder diagnosis is not appropriate.
---
[7] Dysthymic disorder — Essential Features: • Persistent depressed mood (i.e. lasting 2 years or more), for most of the day, for more days than not, as reported by the individual (e.g. feeling down, sad) or as observed (e.g. tearful, defeated appearance), is required for diagnosis. In children and adolescents depressed mood can manifest as pe
---
[8] Dysthymic disorder — Boundary with Normality: • Some depressed mood is a normal reaction to severe adverse life events and problems, and is common in the community. Dysthymic disorder is differentiated from this common experience by the severity, range and duration of symptoms. Assessment of the presence or absence of signs or symptoms should b",,,,,0,1,1,1,100.0
Phase 7: k-Value Check-k=8 Expand-18,k=8 Expand,18,depression,normal,"Label: normal
Evidence: ICD-11 chunk [5] says: ""Mood instability over an extended period of time (i.e. 2 years or more) characterized by numerous hypomanic and depressive periods is required for diagnosis.""
Justification: The post does not indicate any mood instability, depressive symptoms, or manic episodes. The content is positive and reflects a normal emotional experience.","[1] Hypomanic episode — Essential Features: • Both of the following symptoms occur concurrently and persist for most of the day, nearly every day, for at least several days. • Persistent elevation of mood or increased irritability is observable or reported, and represents a significant change from the individual’s usual range of moods (e.g. t
---
[2] Hypomanic episode — Boundary with Normality: • Hypomanic episodes are often difficult to distinguish from normal periods of elevated mood – for example, related to positive life events – particularly given that hypomanic episodes are not associated with significant functional impairment. In order to be considered a hypomanic episode, the sympt
---
[3] Manic episode — Essential Features: • Both of the following features occur concurrently and persist for most of the day, nearly every day, during a period of at least 1 week, unless shortened by a treatment intervention. • An extreme mood state is observable or reported, characterized by euphoria, irritability or expansiveness that re
---
[4] Manic episode — Boundary with Normality: • Periods of euphoric or irritable mood that are entirely contextually appropriate (e.g. euphoria after winning a lottery) should not be considered as meeting the mood component of the diagnostic requirements for a manic episode.
---
[5] Cyclothymic disorder — Essential Features: • Mood instability over an extended period of time (i.e. 2 years or more) characterized by numerous hypomanic and depressive periods is required for diagnosis. (In children and adolescents depressed mood can manifest as pervasive irritability.) Hypomanic periods may or may not have been sufficiently
---
[6] Cyclothymic disorder — Boundary with Normality: • Cyclothymic disorder is distinguished from normal variations in mood by a history of distress or difficulty functioning due to repeated occurrences of mood disturbance.
---
[7] Dysthymic disorder — Boundary with Normality: • Some depressed mood is a normal reaction to severe adverse life events and problems, and is common in the community. Dysthymic disorder is differentiated from this common experience by the severity, range and duration of symptoms. Assessment of the presence or absence of signs or symptoms should b
---
[8] Dysthymic disorder — Essential Features: • Persistent depressed mood (i.e. lasting 2 years or more), for most of the day, for more days than not, as reported by the individual (e.g. feeling down, sad) or as observed (e.g. tearful, defeated appearance), is required for diagnosis. In children and adolescents depressed mood can manifest as pe",,,,,0,1,1,1,100.0
Phase 7: k-Value Check-k=8 Expand-19,k=8 Expand,19,depression,suicidal,"Label: suicidal
Evidence: [3] (Depressive episode — Essential Features): ""suicidal ideation (with or without a specific plan), or evidence of attempted suicide""
Justification: The post contains suicidal ideation with the intent to ""have me logically decide that I've had enough and have no more use here,"" which aligns with the ICD-11 criteria for suicidal ideation (with or without a specific plan). The evidence from ICD-11 supports the classification of the post as suicidal.","[1] Depressive episode — Essential Features: • The concurrent presence of at least five of the following characteristic symptoms occurring for most of the day, nearly every day, during a period lasting at least 2 weeks is required for diagnosis. At least one symptom from the affective cluster must be present. Assessment of the presence or abse
---
[2] Depressive episode — Boundary with Normality: • Some depression of mood is a normal reaction to severe adverse life events and problems (e.g. divorce, job loss), and is common in the community. A depressive episode is differentiated from this common experience by the severity, range and duration of symptoms. If the diagnostic requirements for a
---
[3] Depressive episode — Essential Features: suicidal ideation (with or without a specific plan), or evidence of attempted suicide Mood disorders 213 Neurovegetative cluster • Significantly disrupted sleep (delayed sleep onset, increased frequency of waking during the night, or early morning awakening) or excessive sleep • Significant change i
---
[4] Dysthymic disorder — Essential Features: since the onset of the disorder. • There is no history of manic, mixed or hypomanic episodes, which would indicate the presence of a bipolar or related disorder. • The symptoms are not a manifestation of another medical condition (e.g. hypothyroidism), and are not due to the effects of a substance o
---
[5] Dysthymic disorder — Boundary with Normality: • Some depressed mood is a normal reaction to severe adverse life events and problems, and is common in the community. Dysthymic disorder is differentiated from this common experience by the severity, range and duration of symptoms. Assessment of the presence or absence of signs or symptoms should b
---
[6] Mixed depressive and anxiety disorder — Essential Features: • The presence of both depressive and anxiety symptoms for most of the time during a period of 2 weeks or more is required for diagnosis. Mood disorders 259 • Depressive symptoms include depressed mood or markedly diminished interest or pleasure in activities. • There are multiple anxiety symptoms, 
---
[7] Mixed depressive and anxiety disorder — Boundary with Normality: • If worry is the only anxiety symptom (i.e. no sympathetic autonomic or other anxiety symptoms are present), a diagnosis of mixed depressive and anxiety disorder diagnosis is not appropriate.
---
[8] Manic episode — Essential Features: their skill level, or that they are about to become famous – in psychotic presentations of mania, this may be manifested in grandiose delusions); • decreased need for sleep (e.g. the person reports being able to function with only 2 or 3 hours of sleep), as distinct from insomnia, in which an indivi",,,,,0,1,1,1,100.0
Phase 7: k-Value Check-k=8 Expand-20,k=8 Expand,20,normal,normal,"Label: normal
Evidence: [2] says: ""Several of the following symptoms are present, representing a significant change from the individual’s usual behaviour or subjective state: increased talkativeness or pressured speech (a feeling of internal pressure to be more talkative); flight of ideas or experience of rapid or racing thoughts (e.g. thoughts flow rapidly and, in some cases, illogically from one idea to the next; the person reports that their thoughts are rapid or even racing and has difficulty remaining on topic); increased self-esteem or grandiosity (e.g. the individual believes that they can accomplish tasks well beyond their skill level, or that they are about to become famous – in psychotic presentations of mania, this may be manifested in grandiose delusions); decreased need for sleep (e.g. the person reports being able)""
Justification: The post mentions ""I Survive"" and ""MorningIndoBox,"" which are unrelated to the diagnostic criteria for mental health conditions. The text does not indicate any symptoms or mood changes that meet the diagnostic requirements for a manic episode or depression. Therefore, the label is ""normal.""","[1] Manic episode — Boundary with Normality: • Periods of euphoric or irritable mood that are entirely contextually appropriate (e.g. euphoria after winning a lottery) should not be considered as meeting the mood component of the diagnostic requirements for a manic episode.
---
[2] Manic episode — Essential Features: • Both of the following features occur concurrently and persist for most of the day, nearly every day, during a period of at least 1 week, unless shortened by a treatment intervention. • An extreme mood state is observable or reported, characterized by euphoria, irritability or expansiveness that re",,,,,1,1,1,1,100.0
Phase 7: k-Value Check-k=8 Expand-21,k=8 Expand,21,normal,suicidal,"Label: suicidal|depression|normal
Evidence: [5] (Depressive episode — Essential Features) • suicidal ideation (with or without a specific plan), or evidence of attempted suicide Mood disorders 213 Neurovegetative cluster • Significantly disrupted sleep (delayed sleep onset, increased frequency of waking during the night, or early morning awakening) or excessive sleep
Justification: The post mentions ""I don't know what to do"" and has been lying in bed for seven hours, listening to a song, and it's early in the morning. This suggests a possible depressive episode, as the prolonged sleep disruption and lack of sleep could be indicative of depressive symptoms. The evidence from ICD-11 supports the presence of depressive symptoms, including disrupted sleep, which aligns with the post's description.","[1] Depressive episode — Essential Features: • The concurrent presence of at least five of the following characteristic symptoms occurring for most of the day, nearly every day, during a period lasting at least 2 weeks is required for diagnosis. At least one symptom from the affective cluster must be present. Assessment of the presence or abse
---
[2] Depressive episode — Boundary with Normality: • Some depression of mood is a normal reaction to severe adverse life events and problems (e.g. divorce, job loss), and is common in the community. A depressive episode is differentiated from this common experience by the severity, range and duration of symptoms. If the diagnostic requirements for a
---
[3] Dysthymic disorder — Essential Features: • Persistent depressed mood (i.e. lasting 2 years or more), for most of the day, for more days than not, as reported by the individual (e.g. feeling down, sad) or as observed (e.g. tearful, defeated appearance), is required for diagnosis. In children and adolescents depressed mood can manifest as pe
---
[4] Dysthymic disorder — Boundary with Normality: • Some depressed mood is a normal reaction to severe adverse life events and problems, and is common in the community. Dysthymic disorder is differentiated from this common experience by the severity, range and duration of symptoms. Assessment of the presence or absence of signs or symptoms should b
---
[5] Depressive episode — Essential Features: suicidal ideation (with or without a specific plan), or evidence of attempted suicide Mood disorders 213 Neurovegetative cluster • Significantly disrupted sleep (delayed sleep onset, increased frequency of waking during the night, or early morning awakening) or excessive sleep • Significant change i
---
[6] Hypomanic episode — Essential Features: • Both of the following symptoms occur concurrently and persist for most of the day, nearly every day, for at least several days. • Persistent elevation of mood or increased irritability is observable or reported, and represents a significant change from the individual’s usual range of moods (e.g. t
---
[7] Hypomanic episode — Boundary with Normality: • Hypomanic episodes are often difficult to distinguish from normal periods of elevated mood – for example, related to positive life events – particularly given that hypomanic episodes are not associated with significant functional impairment. In order to be considered a hypomanic episode, the sympt
---
[8] Hypomanic episode — Essential Features: from one idea to the next; the person reports that their thoughts are rapid or even racing and has difficulty remaining on a topic); • increased self-esteem or grandiosity (e.g. the individual is more self-confident than usual); • decreased need for sleep (e.g. the person reports needing less sleep ",,,,,0,1,1,0,66.66666666666666
Phase 7: k-Value Check-k=8 Expand-22,k=8 Expand,22,normal,normal,"Label: normal
Evidence: [7] (Depressive episode — Essential Features) says: ""The concurrent presence of at least five of the following characteristic symptoms occurring for most of the day, nearly every day, during a period lasting at least 2 weeks is required for diagnosis. At least one symptom from the affective cluster must be present.""
Justification: The post mentions a desire to make a ""fa.."" (likely a typo for ""a fan"" or ""a fake"" but not relevant to the context) but expresses fear of not taking care of it. There is no indication of significant depressive symptoms, suicidal ideation, or other clinical features that would meet the diagnostic criteria for a depressive episode. The statement is vague and does not provide sufficient evidence to classify the post as a depressive episode.","[1] Depressive episode — Essential Features: suicidal ideation (with or without a specific plan), or evidence of attempted suicide Mood disorders 213 Neurovegetative cluster • Significantly disrupted sleep (delayed sleep onset, increased frequency of waking during the night, or early morning awakening) or excessive sleep • Significant change i
---
[2] Depressive episode — Boundary with Normality: • Some depression of mood is a normal reaction to severe adverse life events and problems (e.g. divorce, job loss), and is common in the community. A depressive episode is differentiated from this common experience by the severity, range and duration of symptoms. If the diagnostic requirements for a
---
[3] Prolonged grief disorder — Essential Features: • A history of bereavement following the death of a partner, parent, child or other person close to the bereaved is required for diagnosis. Disorders specifically associated with stress | Prolonged grief disorder Disorders specifically associated with stress 349 • A persistent and pervasive grief re
---
[4] Prolonged grief disorder — Boundary with Normality: • An individual experiencing a grief reaction that is within a normative period given their cultural and religious context is considered to be experiencing normal bereavement, and should not be assigned a diagnosis of prolonged grief disorder. It is often important to consider whether other people w
---
[5] Manic episode — Essential Features: their skill level, or that they are about to become famous – in psychotic presentations of mania, this may be manifested in grandiose delusions); • decreased need for sleep (e.g. the person reports being able to function with only 2 or 3 hours of sleep), as distinct from insomnia, in which an indivi
---
[6] Manic episode — Boundary with Normality: • Periods of euphoric or irritable mood that are entirely contextually appropriate (e.g. euphoria after winning a lottery) should not be considered as meeting the mood component of the diagnostic requirements for a manic episode.
---
[7] Depressive episode — Essential Features: • The concurrent presence of at least five of the following characteristic symptoms occurring for most of the day, nearly every day, during a period lasting at least 2 weeks is required for diagnosis. At least one symptom from the affective cluster must be present. Assessment of the presence or abse
---
[8] Depressive episode — Boundary with Normality: a depressive episode can be superimposed on normal grief. The presence of a depressive episode during a period of bereavement is suggested by persistence of constant depressive symptoms 1 month or more following the loss (i.e. there are no periods of positive mood or enjoyment of activities); severe",,,,,1,1,1,1,100.0
Phase 7: k-Value Check-k=8 Expand-23,k=8 Expand,23,normal,normal,"Label: normal
Evidence: [1] says: ""The concurrent presence of at least five of the following characteristic symptoms occurring for most of the day, nearly every day, during a period lasting at least 2 weeks is required for diagnosis. At least one symptom from the affective cluster must be present.""
Justification: The post does not mention any depressive symptoms, suicidal ideation, or any other mental health-related indicators. The mention of a sprained leg and pus is a physical injury, and the left side of the stomach hurting is a physical symptom, not a mental health symptom. Therefore, there is no evidence to support a diagnosis of depression or suicidal ideation.","[1] Depressive episode — Essential Features: • The concurrent presence of at least five of the following characteristic symptoms occurring for most of the day, nearly every day, during a period lasting at least 2 weeks is required for diagnosis. At least one symptom from the affective cluster must be present. Assessment of the presence or abse
---
[2] Depressive episode — Boundary with Normality: • Some depression of mood is a normal reaction to severe adverse life events and problems (e.g. divorce, job loss), and is common in the community. A depressive episode is differentiated from this common experience by the severity, range and duration of symptoms. If the diagnostic requirements for a
---
[3] Depressive episode — Essential Features: suicidal ideation (with or without a specific plan), or evidence of attempted suicide Mood disorders 213 Neurovegetative cluster • Significantly disrupted sleep (delayed sleep onset, increased frequency of waking during the night, or early morning awakening) or excessive sleep • Significant change i
---
[4] Mixed depressive and anxiety disorder — Essential Features: • The presence of both depressive and anxiety symptoms for most of the time during a period of 2 weeks or more is required for diagnosis. Mood disorders 259 • Depressive symptoms include depressed mood or markedly diminished interest or pleasure in activities. • There are multiple anxiety symptoms, 
---
[5] Mixed depressive and anxiety disorder — Boundary with Normality: • If worry is the only anxiety symptom (i.e. no sympathetic autonomic or other anxiety symptoms are present), a diagnosis of mixed depressive and anxiety disorder diagnosis is not appropriate.",,,,,1,1,1,1,100.0
Phase 7: k-Value Check-k=8 Expand-24,k=8 Expand,24,normal,normal,"Label: normal
Evidence: [2] says: ""Increased activity or a subjective experience of increased energy is present, and represents a significant change from the individual’s typical level. ...""
Justification: The post describes a romantic scenario involving a person asking about cooking at a warteg. There is no mention of mood changes, manic episodes, or depressive symptoms. The text is neutral and does not indicate any mental health disorder.","[1] Manic episode — Boundary with Normality: • Periods of euphoric or irritable mood that are entirely contextually appropriate (e.g. euphoria after winning a lottery) should not be considered as meeting the mood component of the diagnostic requirements for a manic episode.
---
[2] Manic episode — Essential Features: • Both of the following features occur concurrently and persist for most of the day, nearly every day, during a period of at least 1 week, unless shortened by a treatment intervention. • An extreme mood state is observable or reported, characterized by euphoria, irritability or expansiveness that re
---
[3] Cyclothymic disorder — Boundary with Normality: • Cyclothymic disorder is distinguished from normal variations in mood by a history of distress or difficulty functioning due to repeated occurrences of mood disturbance.
---
[4] Cyclothymic disorder — Essential Features: • Mood instability over an extended period of time (i.e. 2 years or more) characterized by numerous hypomanic and depressive periods is required for diagnosis. (In children and adolescents depressed mood can manifest as pervasive irritability.) Hypomanic periods may or may not have been sufficiently
---
[5] Manic episode — Essential Features: their skill level, or that they are about to become famous – in psychotic presentations of mania, this may be manifested in grandiose delusions); • decreased need for sleep (e.g. the person reports being able to function with only 2 or 3 hours of sleep), as distinct from insomnia, in which an indivi",,,,,1,1,0,1,66.66666666666666
Phase 7: k-Value Check-k=8 Expand-25,k=8 Expand,25,normal,normal,"Label: normal
Evidence: [2] says: ""Disorders specifically associated with stress | Adjustment disorder Disorders specifically associated with stress 353""
Justification: The post mentions waiting for a comeback and expressing a desire for a comeback, which suggests a temporary emotional response to a specific event. The statement does not indicate a persistent emotional disturbance or a maladaptive reaction to a stressor. The context is specific to a particular event (EXO and SVTT) and does not reflect a chronic or persistent mental health condition.","[1] Adjustment disorder — Essential Features: • A maladaptive reaction to an identifiable psychosocial stressor or multiple stressors (e.g. single stressful event, ongoing psychosocial difficulty or a combination of stressful life situations) that usually emerges within a month of the stressor is required for diagnosis. Examples include divorce
---
[2] Adjustment disorder — Boundary with Normality: • Adjustment disorder represents a maladaptive reaction and failure to adapt to a stressor that is associated with significant preoccupation, and results in significant impairment in personal, family, social, educational, occupational or other important areas of functioning. Emotional reactions to n",,,,,1,1,1,1,100.0
Phase 7: k-Value Check-k=8 Expand-26,k=8 Expand,26,normal,normal,"Label: normal
Evidence: [8] says: ""The mood disturbance results in significant impairment in personal, family, social, educational, occupational or other important areas of functioning, requires intensive treatment (e.g. hospitalization) to prevent harm to self or others, or is accompanied by delusions or hallucinations.""
Justification: The post mentions ""basic math getting their discord = wanting the D,"" which is a vague and unclear statement. There is no indication of significant impairment, manic or hypomanic symptoms, or any mention of delusions or hallucinations. Therefore, the evidence does not support a diagnosis of suicidal, depressive, or normal mental health conditions.","[1] Manic episode — Essential Features: their skill level, or that they are about to become famous – in psychotic presentations of mania, this may be manifested in grandiose delusions); • decreased need for sleep (e.g. the person reports being able to function with only 2 or 3 hours of sleep), as distinct from insomnia, in which an indivi
---
[2] Manic episode — Boundary with Normality: • Periods of euphoric or irritable mood that are entirely contextually appropriate (e.g. euphoria after winning a lottery) should not be considered as meeting the mood component of the diagnostic requirements for a manic episode.
---
[3] Mixed episode — Essential Features: sexual desire or appetite) and cognitive functioning (e.g. periods of activation and inhibition or slowing of thoughts, attention and memory). • The symptoms are not a manifestation of another medical condition (e.g. a brain tumour), and are not due to the effects of a substance or medication on the
---
[4] Dysthymic disorder — Essential Features: since the onset of the disorder. • There is no history of manic, mixed or hypomanic episodes, which would indicate the presence of a bipolar or related disorder. • The symptoms are not a manifestation of another medical condition (e.g. hypothyroidism), and are not due to the effects of a substance o
---
[5] Dysthymic disorder — Boundary with Normality: • Some depressed mood is a normal reaction to severe adverse life events and problems, and is common in the community. Dysthymic disorder is differentiated from this common experience by the severity, range and duration of symptoms. Assessment of the presence or absence of signs or symptoms should b
---
[6] Hypomanic episode — Essential Features: from one idea to the next; the person reports that their thoughts are rapid or even racing and has difficulty remaining on a topic); • increased self-esteem or grandiosity (e.g. the individual is more self-confident than usual); • decreased need for sleep (e.g. the person reports needing less sleep 
---
[7] Hypomanic episode — Boundary with Normality: • Hypomanic episodes are often difficult to distinguish from normal periods of elevated mood – for example, related to positive life events – particularly given that hypomanic episodes are not associated with significant functional impairment. In order to be considered a hypomanic episode, the sympt
---
[8] Manic episode — Essential Features: fulfil the diagnostic requirements for a mixed episode. • The mood disturbance results in significant impairment in personal, family, social, educational, occupational or other important areas of functioning, requires intensive treatment (e.g. hospitalization) to prevent harm to self or others, or i",,,,,1,1,1,1,100.0
Phase 7: k-Value Check-k=8 Expand-27,k=8 Expand,27,normal,normal,"Label: normal
Evidence: [1] says: ""Children and adolescents may respond to the loss of a primary attachment figure (e.g. a parent or caregiver) with an intense and sustained grief response (e.g. greater in intensity, symptomatology, duration) because of the role these individuals play in the child’s life. Aspects of the grief response may be retriggered at various points during the individual’s development – for example, as new needs arise that would normally be supplied by the parent or caregiver. Generally, these reactions should be regarded as normal, and the diagnosis of prolonged grief disorder should be assigned with caution to children and adolescents in this situation.""
Justification: The post expresses a desire to play a game, which is a positive activity. There is no indication of suicidal ideation, depression, or any other mental health disorder based on the provided ICD-11 chunks. The statement is neutral and does not reflect a mental health condition.","[1] Prolonged grief disorder — Boundary with Normality: • An individual experiencing a grief reaction that is within a normative period given their cultural and religious context is considered to be experiencing normal bereavement, and should not be assigned a diagnosis of prolonged grief disorder. It is often important to consider whether other people w
---
[2] Prolonged grief disorder — Essential Features: • A history of bereavement following the death of a partner, parent, child or other person close to the bereaved is required for diagnosis. Disorders specifically associated with stress | Prolonged grief disorder Disorders specifically associated with stress 349 • A persistent and pervasive grief re
---
[3] Manic episode — Boundary with Normality: • Periods of euphoric or irritable mood that are entirely contextually appropriate (e.g. euphoria after winning a lottery) should not be considered as meeting the mood component of the diagnostic requirements for a manic episode.
---
[4] Manic episode — Essential Features: • Both of the following features occur concurrently and persist for most of the day, nearly every day, during a period of at least 1 week, unless shortened by a treatment intervention. • An extreme mood state is observable or reported, characterized by euphoria, irritability or expansiveness that re
---
[5] Manic episode — Essential Features: their skill level, or that they are about to become famous – in psychotic presentations of mania, this may be manifested in grandiose delusions); • decreased need for sleep (e.g. the person reports being able to function with only 2 or 3 hours of sleep), as distinct from insomnia, in which an indivi
---
[6] Manic episode — Essential Features: fulfil the diagnostic requirements for a mixed episode. • The mood disturbance results in significant impairment in personal, family, social, educational, occupational or other important areas of functioning, requires intensive treatment (e.g. hospitalization) to prevent harm to self or others, or i",,,,,1,1,0,1,66.66666666666666
Phase 7: k-Value Check-k=8 Expand-28,k=8 Expand,28,normal,normal,"Label: normal
Evidence: [3] (Dysthymic disorder — Essential Features): ""Persistent depressed mood (i.e. lasting 2 years or more), for most of the day, for more days than not, as reported by the individual (e.g. feeling down, sad) or as observed (e.g. tearful, defeated appearance), is required for diagnosis. In children and adolescents depressed mood can manifest as pervasive irritability.""
Justification: The post mentions the user ""just booted into window to upload something since internet is even worse under ubuntu,"" which does not indicate any depressive symptoms or significant distress. The statement is neutral and does not reflect a mental health crisis. The evidence from ICD-11 suggests that the user's current state does not meet the diagnostic criteria for dysthymic disorder or any other specified mood disorder.","[1] Dysthymic disorder — Essential Features: since the onset of the disorder. • There is no history of manic, mixed or hypomanic episodes, which would indicate the presence of a bipolar or related disorder. • The symptoms are not a manifestation of another medical condition (e.g. hypothyroidism), and are not due to the effects of a substance o
---
[2] Dysthymic disorder — Boundary with Normality: • Some depressed mood is a normal reaction to severe adverse life events and problems, and is common in the community. Dysthymic disorder is differentiated from this common experience by the severity, range and duration of symptoms. Assessment of the presence or absence of signs or symptoms should b
---
[3] Dysthymic disorder — Essential Features: • Persistent depressed mood (i.e. lasting 2 years or more), for most of the day, for more days than not, as reported by the individual (e.g. feeling down, sad) or as observed (e.g. tearful, defeated appearance), is required for diagnosis. In children and adolescents depressed mood can manifest as pe
---
[4] Mixed depressive and anxiety disorder — Essential Features: • The presence of both depressive and anxiety symptoms for most of the time during a period of 2 weeks or more is required for diagnosis. Mood disorders 259 • Depressive symptoms include depressed mood or markedly diminished interest or pleasure in activities. • There are multiple anxiety symptoms, 
---
[5] Mixed depressive and anxiety disorder — Boundary with Normality: • If worry is the only anxiety symptom (i.e. no sympathetic autonomic or other anxiety symptoms are present), a diagnosis of mixed depressive and anxiety disorder diagnosis is not appropriate.
---
[6] Other specified mood disorder — Essential Features: The presentation is characterized by mood symptoms that cannot clearly be described as bipolar or depressive in nature (e.g. marked and persistent irritability in the absence of other clear manic or depressive symptoms). • The symptoms do not fulfil the diagnostic requirements for any other disorder",,,,,1,1,1,1,100.0
Phase 7: k-Value Check-k=8 Expand-29,k=8 Expand,29,normal,normal,"Label: normal  
Evidence: [3] (Borderline pattern — Essential Features) says: ""Pervasiveness, severity and chronicity of emotional, cognitive and behavioural manifestations of the personality dysfunction""  
Justification: The post does not indicate any suicidal ideation, depression, or other mental health issues. The statement is neutral and does not reflect any emotional distress or psychological disorder.","[1] Hypomanic episode — Essential Features: from one idea to the next; the person reports that their thoughts are rapid or even racing and has difficulty remaining on a topic); • increased self-esteem or grandiosity (e.g. the individual is more self-confident than usual); • decreased need for sleep (e.g. the person reports needing less sleep 
---
[2] Hypomanic episode — Boundary with Normality: • Hypomanic episodes are often difficult to distinguish from normal periods of elevated mood – for example, related to positive life events – particularly given that hypomanic episodes are not associated with significant functional impairment. In order to be considered a hypomanic episode, the sympt
---
[3] Borderline pattern — Essential Features: of interpersonal dysfunction across various contexts and relationships (e.g. romantic relationships, school/work, parent-child, family, friendships, peer contexts) • Interest in engaging in relationships with others • Ability to understand and appreciate others’ perspectives • Ability to develop and
---
[4] Manic episode — Essential Features: their skill level, or that they are about to become famous – in psychotic presentations of mania, this may be manifested in grandiose delusions); • decreased need for sleep (e.g. the person reports being able to function with only 2 or 3 hours of sleep), as distinct from insomnia, in which an indivi
---
[5] Manic episode — Boundary with Normality: • Periods of euphoric or irritable mood that are entirely contextually appropriate (e.g. euphoria after winning a lottery) should not be considered as meeting the mood component of the diagnostic requirements for a manic episode.
---
[6] Borderline pattern — Essential Features: disturbance is associated with substantial distress or significant impairment in personal, family, social, educational, occupational or other important areas of functioning. • Personality disorder should not be diagnosed if the patterns of behaviour characterizing the personality disturbance are dev
---
[7] Cyclothymic disorder — Boundary with Normality: • Cyclothymic disorder is distinguished from normal variations in mood by a history of distress or difficulty functioning due to repeated occurrences of mood disturbance.
---
[8] Cyclothymic disorder — Essential Features: • Mood instability over an extended period of time (i.e. 2 years or more) characterized by numerous hypomanic and depressive periods is required for diagnosis. (In children and adolescents depressed mood can manifest as pervasive irritability.) Hypomanic periods may or may not have been sufficiently",,,,,1,1,0,1,66.66666666666666
