response_id,config,post_index,true_label,predicted,full_answer,retrieved_chunks,c2_relevant,c2_note,c3_relevant,c3_note
Phase 1: Best Retriever-BM25-0,BM25,0,suicidal,suicidal,"Label: suicidal
Evidence: [7] (Depressive episode — Essential Features): suicidal ideation (with or without a specific plan), or evidence of attempted suicide
Justification: The post mentions ""ending it all"" and ""how can I kill myself at age 13 without a gun,"" which indicates a suicidal ideation. The ICD-11 chunk [7] states that suicidal ideation with or without a specific plan is required for a depressive episode, and the context of the post aligns with this criterion.","[1] Schizotypal disorder — Essential Features: • An enduring pattern of unusual speech, perceptions, beliefs and behaviours that are not of sufficient intensity or duration to meet the diagnostic requirements of schizophrenia, schizoaffective disorder or delusional disorder is required for diagnosis. The pattern includes several of the following
---
[2] Schizotypal disorder — Boundary with Normality: • The threshold between symptoms of schizotypal disorder and extravagant, eccentric or unusual behaviour and beliefs in individuals without a diagnosable disorder is sometimes difficult to determine, especially as some people in the general population show eccentric behaviour and report psychotic-li
---
[3] Depressive episode — Essential Features: • The concurrent presence of at least five of the following characteristic symptoms occurring for most of the day, nearly every day, during a period lasting at least 2 weeks is required for diagnosis. At least one symptom from the affective cluster must be present. Assessment of the presence or abse
---
[4] Depressive episode — Boundary with Normality: • Some depression of mood is a normal reaction to severe adverse life events and problems (e.g. divorce, job loss), and is common in the community. A depressive episode is differentiated from this common experience by the severity, range and duration of symptoms. If the diagnostic requirements for a
---
[5] Autism spectrum disorder — Essential Features: functional language almost complete, functional language absence of functional language Without disorder of 6A02.0 6A02.2 _____ intellectual development With disorder of intellectual 6A02.1 6A02.3 6A02.5 development 6A02.Y Other specified autism spectrum disorder can be used if the above parameters 
---
[6] Autism spectrum disorder — Boundary with Normality: Social interaction skills Typically developing individuals vary in the pace and extent to which they acquire and master skills of reciprocal social interaction and social communication. A diagnosis of autism spectrum disorder should only be considered if there is marked and persistent deviation from
---
[7] Depressive episode — Essential Features: suicidal ideation (with or without a specific plan), or evidence of attempted suicide Mood disorders 213 Neurovegetative cluster • Significantly disrupted sleep (delayed sleep onset, increased frequency of waking during the night, or early morning awakening) or excessive sleep • Significant change i
---
[8] Hoarding disorder — Essential Features: • Accumulation of possessions that results in living spaces becoming cluttered to the point that their use or safety is compromised is required for diagnosis. Note: if living areas are uncluttered, this is only due to the intervention of third parties (e.g. family members, cleaners, authorities). Ac
---
[9] Manic episode — Essential Features: their skill level, or that they are about to become famous – in psychotic presentations of mania, this may be manifested in grandiose delusions); • decreased need for sleep (e.g. the person reports being able to function with only 2 or 3 hours of sleep), as distinct from insomnia, in which an indivi
---
[10] Manic episode — Boundary with Normality: • Periods of euphoric or irritable mood that are entirely contextually appropriate (e.g. euphoria after winning a lottery) should not be considered as meeting the mood component of the diagnostic requirements for a manic episode.
---
[11] Autism spectrum disorder — Essential Features: clearly atypical or excessive for the individual’s age and sociocultural context are an essential component. These may include: • lack of adaptability to new experiences and circumstances, with associated distress, that can be evoked by trivial changes to a familiar environment or in response to una",,,,
Phase 1: Best Retriever-BM25-1,BM25,1,suicidal,depression,"Label: depressive
Evidence: [11] (Depressive episode — Boundary with Normality) says: ""A prior history of depressive disorder or bipolar disorder is important to consider in making this distinction.""
Justification: The post expresses deep feelings of isolation, hopelessness, and a lack of emotional connection, which aligns with the criteria for a depressive episode as outlined in ICD-11. The individual describes feeling ""broken,"" ""alone,"" and ""unable to communicate,"" which are consistent with the symptoms of a depressive episode, including persistent depressive symptoms and a lack of interest in social activities. The mention of feeling ""deserved to be alone"" and the inability to feel loved further supports the diagnosis of depression.","[1] Depressive episode — Boundary with Normality: • Some depression of mood is a normal reaction to severe adverse life events and problems (e.g. divorce, job loss), and is common in the community. A depressive episode is differentiated from this common experience by the severity, range and duration of symptoms. If the diagnostic requirements for a
---
[2] Depressive episode — Essential Features: • The concurrent presence of at least five of the following characteristic symptoms occurring for most of the day, nearly every day, during a period lasting at least 2 weeks is required for diagnosis. At least one symptom from the affective cluster must be present. Assessment of the presence or abse
---
[3] Factitious disorder imposed on another — Boundary with Normality: • Some individuals whose loved ones have medical conditions may exaggerate the reports of symptoms to medical professionals in order to get their loved one’s care prioritized, or to access additional treatments they perceive as necessary or potentially beneficial. Factitious disorder imposed on anot
---
[4] Factitious disorder imposed on another — Essential Features: • The presentation is characterized by feigning, falsifying or intentionally inducing medical, psychological or behavioural signs and symptoms or injury in another person – most commonly a child dependent – associated with identified deception. If a pre-existing disorder or disease is present in the
---
[5] Hypomanic episode — Essential Features: • Both of the following symptoms occur concurrently and persist for most of the day, nearly every day, for at least several days. • Persistent elevation of mood or increased irritability is observable or reported, and represents a significant change from the individual’s usual range of moods (e.g. t
---
[6] Hypomanic episode — Boundary with Normality: • Hypomanic episodes are often difficult to distinguish from normal periods of elevated mood – for example, related to positive life events – particularly given that hypomanic episodes are not associated with significant functional impairment. In order to be considered a hypomanic episode, the sympt
---
[7] Depersonalization-derealization disorder — Essential Features: • Persistent or recurrent experiences of either depersonalization or derealization, or of both symptoms, are required for diagnosis. • Depersonalization is characterized by experiencing the self as strange or unreal, or by feeling detached from – or as though one were an outside observer of – one’s 
---
[8] Depersonalization-derealization disorder — Boundary with Normality: • Transient feelings of depersonalization or derealization may be experienced when under stress, during extreme emotional states or exhaustion, when physically ill, or under the influence of substances. Unlike depersonalization-derealization disorder, such experiences typically remit when these emot
---
[9] Possession trance disorder — Essential Features: and possession trance disorder often report prodromal symptoms. Somatic complaints and a sense of presence (i.e. feeling that one is not alone) are common. However, presence or absence of prodromal symptoms does not predict the number of trance episodes. • Possession trance states are often characte
---
[10] Hypomanic episode — Essential Features: from one idea to the next; the person reports that their thoughts are rapid or even racing and has difficulty remaining on a topic); • increased self-esteem or grandiosity (e.g. the individual is more self-confident than usual); • decreased need for sleep (e.g. the person reports needing less sleep 
---
[11] Depressive episode — Boundary with Normality: a depressive episode can be superimposed on normal grief. The presence of a depressive episode during a period of bereavement is suggested by persistence of constant depressive symptoms 1 month or more following the loss (i.e. there are no periods of positive mood or enjoyment of activities); severe
---
[12] Possession trance disorder — Essential Features: from a single prolonged episode to multiple recurrences over years. • Duration and intensity of trance episodes vary considerably. Most recurrent episodes are brief, and individuals may fall in and out of trance states multiple times within a given episode. • Acute recurrent episodes of trance usual",,,,
Phase 1: Best Retriever-BM25-2,BM25,2,suicidal,suicidal,"Label: suicidal
Evidence: ICD-11 chunk [10] says: ""Periods of euphoric or irritable mood that are entirely contextually appropriate (e.g. euphoria after winning a lottery) should not be considered as meeting the mood component of the diagnostic requirements for a manic episode.""
Justification: The post expresses a sense of hopelessness, despair, and a desire to ""leave gracefully,"" which aligns with the clinical features of suicidal ideation. The mention of ""suffrage is temporary"" and the acknowledgment of ""money does not buy happiness"" indicate a profound sense of disillusionment and hopelessness, which are consistent with suicidal ideation as defined in ICD-11.","[1] Hypomanic episode — Essential Features: • Both of the following symptoms occur concurrently and persist for most of the day, nearly every day, for at least several days. • Persistent elevation of mood or increased irritability is observable or reported, and represents a significant change from the individual’s usual range of moods (e.g. t
---
[2] Hypomanic episode — Boundary with Normality: • Hypomanic episodes are often difficult to distinguish from normal periods of elevated mood – for example, related to positive life events – particularly given that hypomanic episodes are not associated with significant functional impairment. In order to be considered a hypomanic episode, the sympt
---
[3] Dysthymic disorder — Essential Features: • Persistent depressed mood (i.e. lasting 2 years or more), for most of the day, for more days than not, as reported by the individual (e.g. feeling down, sad) or as observed (e.g. tearful, defeated appearance), is required for diagnosis. In children and adolescents depressed mood can manifest as pe
---
[4] Dysthymic disorder — Boundary with Normality: • Some depressed mood is a normal reaction to severe adverse life events and problems, and is common in the community. Dysthymic disorder is differentiated from this common experience by the severity, range and duration of symptoms. Assessment of the presence or absence of signs or symptoms should b
---
[5] Hypomanic episode — Essential Features: from one idea to the next; the person reports that their thoughts are rapid or even racing and has difficulty remaining on a topic); • increased self-esteem or grandiosity (e.g. the individual is more self-confident than usual); • decreased need for sleep (e.g. the person reports needing less sleep 
---
[6] Attention deficit hyperactivity disorder — Essential Features: their mind elsewhere; • losing things; being forgetful in daily activities; having difficulty remembering to complete upcoming daily tasks or activities; having difficulty planning, managing and organizing schoolwork, tasks and other activities. Note: inattention may not be evident when the individu
---
[7] Kleptomania — Boundary with Normality: • Stealing behaviour is common, and most individuals who steal do so because they need or want something they cannot afford, as an act of mischief, or as an expression of anger or vengeance. The diagnosis of kleptomania requires that the individual does not need or could afford to buy the stolen ite
---
[8] Kleptomania — Essential Features: • The presentation is characterized by a recurrent failure to control strong impulses to steal objects. • There is a lack of apparent motive for stealing objects (e.g. objects are not acquired for personal use or monetary gain). • The individual experiences increased tension or affective arousal pri
---
[9] Manic episode — Essential Features: • Both of the following features occur concurrently and persist for most of the day, nearly every day, during a period of at least 1 week, unless shortened by a treatment intervention. • An extreme mood state is observable or reported, characterized by euphoria, irritability or expansiveness that re
---
[10] Manic episode — Boundary with Normality: • Periods of euphoric or irritable mood that are entirely contextually appropriate (e.g. euphoria after winning a lottery) should not be considered as meeting the mood component of the diagnostic requirements for a manic episode.",,,,
Phase 1: Best Retriever-BM25-3,BM25,3,suicidal,suicidal,"Label: suicidal
Evidence: [7] (Depressive episode — Essential Features) says: ""suicidal ideation (with or without a specific plan), or evidence of attempted suicide Mood disorders 213 Neurovegetative cluster • Significantly disrupted sleep (delayed sleep onset, increased frequency of waking during the night, or early morning awakening) or excessive sleep • Significant change in appetite (diminished or increased) or significant weight change (gain or loss) • Psychomotor agitation or retardation (observable by others, not merely subjective feelings of restlessness or being slowed down) • Reduced energy, fatigue or marked tiredness following the expenditure of only a minimum of effort • The symptoms are not better accounted for by bereavement. • The symptoms are not a manifestation of another medical condition (e.g. a brain tumour), and are not due to the effects of a substance or medication on the central nervous system (e.g. benzodiazepines), including withdrawal effects (e.g. from stimulants). • The clinical presentation does not fulfil the diagnostic requirements for a mixed episode. • The mood disturbance results in significant impairment in personal, family, social, educational, occupational or other important areas of functioning. If functioning is maintained, it is only through significant additional effort.""
Justification: The post mentions ""I hate myself,"" ""my head is so messed up,"" ""moods keep changing like a rollercoaster,"" ""go from the happiest person to the most suicidal one in just a couple of hours,"" and ""I want everything to end."" These statements indicate severe emotional distress and suicidal ideation, which aligns with the essential features of a depressive episode and the boundary with normality for suicidal behavior. The evidence from ICD-11 supports the classification of the post as suicidal.","[1] Delirium — Boundary with Normality: • Normal ageing is typically associated with some degree of cognitive change. Delirium is differentiated from age-related cognitive changes by the sudden onset of symptoms (e.g. within hours or days), the presence of significant confusion and/or global neurocognitive impairment, and the transient an
---
[2] Delirium — Essential Features: • A disturbance of attention, orientation and awareness developing within a short period of time (e.g. within hours or days), typically presenting as significant confusion or global neurocognitive impairment, with transient symptoms that may fluctuate depending on the underlying causal condition or 
---
[3] Hypomanic episode — Essential Features: • Both of the following symptoms occur concurrently and persist for most of the day, nearly every day, for at least several days. • Persistent elevation of mood or increased irritability is observable or reported, and represents a significant change from the individual’s usual range of moods (e.g. t
---
[4] Hypomanic episode — Boundary with Normality: • Hypomanic episodes are often difficult to distinguish from normal periods of elevated mood – for example, related to positive life events – particularly given that hypomanic episodes are not associated with significant functional impairment. In order to be considered a hypomanic episode, the sympt
---
[5] Depressive episode — Essential Features: • The concurrent presence of at least five of the following characteristic symptoms occurring for most of the day, nearly every day, during a period lasting at least 2 weeks is required for diagnosis. At least one symptom from the affective cluster must be present. Assessment of the presence or abse
---
[6] Depressive episode — Boundary with Normality: • Some depression of mood is a normal reaction to severe adverse life events and problems (e.g. divorce, job loss), and is common in the community. A depressive episode is differentiated from this common experience by the severity, range and duration of symptoms. If the diagnostic requirements for a
---
[7] Depressive episode — Essential Features: suicidal ideation (with or without a specific plan), or evidence of attempted suicide Mood disorders 213 Neurovegetative cluster • Significantly disrupted sleep (delayed sleep onset, increased frequency of waking during the night, or early morning awakening) or excessive sleep • Significant change i
---
[8] Manic episode — Essential Features: • Both of the following features occur concurrently and persist for most of the day, nearly every day, during a period of at least 1 week, unless shortened by a treatment intervention. • An extreme mood state is observable or reported, characterized by euphoria, irritability or expansiveness that re
---
[9] Manic episode — Boundary with Normality: • Periods of euphoric or irritable mood that are entirely contextually appropriate (e.g. euphoria after winning a lottery) should not be considered as meeting the mood component of the diagnostic requirements for a manic episode.
---
[10] Bulimia nervosa — Essential Features: • Frequent, recurrent episodes of binge eating (e.g. once a week or more over a period of at least 1 month) are required for diagnosis. Binge eating is defined as a discrete period of time (e.g. 2 hours) during which the individual experiences a loss of control over their eating behaviour, and eats 
---
[11] Bulimia nervosa — Boundary with Normality: • Infrequent overeating or feasting during culturally sanctioned holidays or occasional celebrations should not be characterized as binge eating for the purpose of assigning a diagnosis of bulimia nervosa. Similarly, exercise qualifies as inappropriate compensatory behaviour only if it is unusually 
---
[12] Depressive episode — Boundary with Normality: a depressive episode can be superimposed on normal grief. The presence of a depressive episode during a period of bereavement is suggested by persistence of constant depressive symptoms 1 month or more following the loss (i.e. there are no periods of positive mood or enjoyment of activities); severe
---
[13] Manic episode — Essential Features: their skill level, or that they are about to become famous – in psychotic presentations of mania, this may be manifested in grandiose delusions); • decreased need for sleep (e.g. the person reports being able to function with only 2 or 3 hours of sleep), as distinct from insomnia, in which an indivi
---
[14] Hypomanic episode — Essential Features: from one idea to the next; the person reports that their thoughts are rapid or even racing and has difficulty remaining on a topic); • increased self-esteem or grandiosity (e.g. the individual is more self-confident than usual); • decreased need for sleep (e.g. the person reports needing less sleep ",,,,
Phase 1: Best Retriever-BM25-4,BM25,4,suicidal,suicidal,"Label: suicidal
Evidence: ICD-11 chunk [9] says: ""Emotional reactions to negative life events that do not meet these requirements should not be diagnosed as adjustment disorder. Disorders specifically associated with stress | Adjustment disorder Disorders specifically associated with stress 353 • Symptoms that occur as transient responses and resolve within a few days do not typically warrant a diagnosis of adjustment disorder. • In cases in which responses to traumatic events are considered normal given the severity of the stressor, a diagnosis of acute stress reaction from Chapter 24 on factors influencing health status or contact with health services (i.e. a non-disorder category) is generally most appropriate.""
Justification: The post expresses a desire to die and mentions having multiple mental illnesses, indicating a severe emotional state. The ICD-11 chunk [9] relates to adjustment disorder, which involves maladaptive reactions to stressors, and the post reflects a reaction to a negative life event. The evidence connects to the post by highlighting the emotional distress and the mention of multiple mental illnesses.","[1] Kleptomania — Boundary with Normality: • Stealing behaviour is common, and most individuals who steal do so because they need or want something they cannot afford, as an act of mischief, or as an expression of anger or vengeance. The diagnosis of kleptomania requires that the individual does not need or could afford to buy the stolen ite
---
[2] Kleptomania — Essential Features: • The presentation is characterized by a recurrent failure to control strong impulses to steal objects. • There is a lack of apparent motive for stealing objects (e.g. objects are not acquired for personal use or monetary gain). • The individual experiences increased tension or affective arousal pri
---
[3] Hypochondriasis (health anxiety disorder) — Essential Features: • Persistent preoccupation or fear about the possibility of having one or more serious, progressive or life-threatening illnesses is required for diagnosis. • The preoccupation is accompanied by either: • repetitive and excessive health-related behaviours, such as repeatedly checking of the body for
---
[4] Manic episode — Essential Features: their skill level, or that they are about to become famous – in psychotic presentations of mania, this may be manifested in grandiose delusions); • decreased need for sleep (e.g. the person reports being able to function with only 2 or 3 hours of sleep), as distinct from insomnia, in which an indivi
---
[5] Manic episode — Boundary with Normality: • Periods of euphoric or irritable mood that are entirely contextually appropriate (e.g. euphoria after winning a lottery) should not be considered as meeting the mood component of the diagnostic requirements for a manic episode.
---
[6] Hypomanic episode — Essential Features: from one idea to the next; the person reports that their thoughts are rapid or even racing and has difficulty remaining on a topic); • increased self-esteem or grandiosity (e.g. the individual is more self-confident than usual); • decreased need for sleep (e.g. the person reports needing less sleep 
---
[7] Hypomanic episode — Boundary with Normality: • Hypomanic episodes are often difficult to distinguish from normal periods of elevated mood – for example, related to positive life events – particularly given that hypomanic episodes are not associated with significant functional impairment. In order to be considered a hypomanic episode, the sympt
---
[8] Adjustment disorder — Essential Features: • A maladaptive reaction to an identifiable psychosocial stressor or multiple stressors (e.g. single stressful event, ongoing psychosocial difficulty or a combination of stressful life situations) that usually emerges within a month of the stressor is required for diagnosis. Examples include divorce
---
[9] Adjustment disorder — Boundary with Normality: • Adjustment disorder represents a maladaptive reaction and failure to adapt to a stressor that is associated with significant preoccupation, and results in significant impairment in personal, family, social, educational, occupational or other important areas of functioning. Emotional reactions to n
---
[10] Hypochondriasis (health anxiety disorder) — Essential Features: at times appear to be delusional in the degree of conviction or fixity with which these beliefs are held (e.g. an individual is convinced that they have a terminal illness). Insight may vary substantially even over short periods of time – for example, depending on the level of current anxiety or dis",,,,
Phase 1: Best Retriever-BM25-5,BM25,5,suicidal,suicidal,"Label: suicidal
Evidence: 8 says: ""A depressive episode should not be considered to be present if the individual is exhibiting normal grief symptoms, including some level of depressive symptoms, and the individual has experienced the death of a loved one within the past 6 months, or longer if a more extended period of bereavement is consistent with the normative response for grieving within the individual’s religious and cultural context.""
Justification: The post expresses a profound sense of despair and hopelessness, with the individual acknowledging that their life is ""sucking"" and describing themselves as ""tired of getting sweared at and bullied."" The individual also mentions a desire to end their life but is afraid to do so, which aligns with the criteria for a depressive episode. However, the presence of normal grief symptoms and the mention of being ""tired of getting sweared at and bullied"" suggests a complex emotional state that may not meet the full diagnostic criteria for a depressive episode. The individual's fear of ending their life is a key indicator of suicidal ideation, which is a separate but related condition.","[1] Panic disorder — Boundary with Normality: • Panic attacks are common in the general population, particularly in response to anxiety- provoking life events. Panic attacks in response to real threats to an individual’s physical or psychological integrity are considered part of the normative continuum of reactions, and a diagnosis is not warra
---
[2] Panic disorder — Essential Features: • Recurrent panic attacks, which are discrete episodes of intense fear or apprehension characterized by the rapid and concurrent onset of several characteristic symptoms, are required for diagnosis. These symptoms may include, but are not limited to, the following: • palpitations or increased heart 
---
[3] Adjustment disorder — Essential Features: • A maladaptive reaction to an identifiable psychosocial stressor or multiple stressors (e.g. single stressful event, ongoing psychosocial difficulty or a combination of stressful life situations) that usually emerges within a month of the stressor is required for diagnosis. Examples include divorce
---
[4] Adjustment disorder — Boundary with Normality: • Adjustment disorder represents a maladaptive reaction and failure to adapt to a stressor that is associated with significant preoccupation, and results in significant impairment in personal, family, social, educational, occupational or other important areas of functioning. Emotional reactions to n
---
[5] Developmental language disorder — Essential Features: • Persistent deficits in the acquisition, understanding, production or use of language (spoken or signed) are required for diagnosis. Any of the following specific components of language skill may be differentially impaired, with relative weaknesses in some and relative strengths in others, or impai
---
[6] Separation anxiety disorder — Boundary with Normality: separation from a loved one or be symptomatic of separation anxiety disorder. However, especially in adolescence, anxiety about school or school refusal is not typically related to fear of separation but rather to other factors such as truancy, peer rejection or bullying.
---
[7] Separation anxiety disorder — Essential Features: • Marked and excessive fear or anxiety about separation from those individuals to whom the person is attached (i.e. with whom the individual has a deep emotional bond) is required for diagnosis. In children and adolescents, key attachment figures that are most commonly the focus of separation anxiet
---
[8] Depressive episode — Boundary with Normality: • Some depression of mood is a normal reaction to severe adverse life events and problems (e.g. divorce, job loss), and is common in the community. A depressive episode is differentiated from this common experience by the severity, range and duration of symptoms. If the diagnostic requirements for a
---
[9] Depressive episode — Essential Features: • The concurrent presence of at least five of the following characteristic symptoms occurring for most of the day, nearly every day, during a period lasting at least 2 weeks is required for diagnosis. At least one symptom from the affective cluster must be present. Assessment of the presence or abse
---
[10] Developmental language disorder — Essential Features: • Language deficits result in significant limitations in communication, with functional impact in daily life at home, school or work. • The language deficits are not better accounted for by a disorder of intellectual development, autism spectrum disorder, another neurodevelopmental disorder, a senso
---
[11] Separation anxiety disorder — Boundary with Normality: • Many situations involving separation are associated with other potential stressors or are normal sources of anxiety (e.g. leaving home to start a job or attend university in a new city). Separation anxiety disorder is differentiated based on the focus of apprehension being on separation from a key",,,,
Phase 1: Best Retriever-BM25-6,BM25,6,suicidal,suicidal,"Label: suicidal
Evidence: [10] (Manic episode — Essential Features): ""The mood disturbance results in significant impairment in personal, family, social, educational, occupational or other important areas of functioning, requires intensive treatment (e.g. hospitalization) to prevent harm to self or others, or is accompanied by delusions or hallucinations.""
Justification: The post mentions the desire to overdose and the concern about not dying, which connects to the ICD-11 definition of a manic episode requiring intensive treatment to prevent harm to self or others. The mention of overdosing and the hesitation due to medication limitations supports the classification as suicidal.","[1] Manic episode — Essential Features: their skill level, or that they are about to become famous – in psychotic presentations of mania, this may be manifested in grandiose delusions); • decreased need for sleep (e.g. the person reports being able to function with only 2 or 3 hours of sleep), as distinct from insomnia, in which an indivi
---
[2] Manic episode — Boundary with Normality: • Periods of euphoric or irritable mood that are entirely contextually appropriate (e.g. euphoria after winning a lottery) should not be considered as meeting the mood component of the diagnostic requirements for a manic episode.
---
[3] Catatonia, unspecified — Essential Features: • The presence of three or more of the following symptoms of decreased, increased or abnormal psychomotor activity is required for diagnosis. The three symptoms may come from one or any combination of the following three symptom clusters. Note: symptoms that require assessment by physical examinatio
---
[4] Kleptomania — Boundary with Normality: • Stealing behaviour is common, and most individuals who steal do so because they need or want something they cannot afford, as an act of mischief, or as an expression of anger or vengeance. The diagnosis of kleptomania requires that the individual does not need or could afford to buy the stolen ite
---
[5] Kleptomania — Essential Features: • The presentation is characterized by a recurrent failure to control strong impulses to steal objects. • There is a lack of apparent motive for stealing objects (e.g. objects are not acquired for personal use or monetary gain). • The individual experiences increased tension or affective arousal pri
---
[6] Agoraphobia — Boundary with Normality: • Individuals may exhibit transient avoidance behaviours in the context of normal development or in periods of increased stress. These behaviours are differentiated from agoraphobia because they are limited in duration and do not lead to significant impact on functioning. • Individuals with disabili
---
[7] Agoraphobia — Essential Features: • Marked and excessive fear or anxiety that occurs in, or in anticipation of, multiple situations where escape might be difficult or help might not be available is required for diagnosis. Examples include using public transportation, or being in crowds, outside the home alone, in shops or theatres, 
---
[8] Hypomanic episode — Essential Features: from one idea to the next; the person reports that their thoughts are rapid or even racing and has difficulty remaining on a topic); • increased self-esteem or grandiosity (e.g. the individual is more self-confident than usual); • decreased need for sleep (e.g. the person reports needing less sleep 
---
[9] Hypomanic episode — Boundary with Normality: • Hypomanic episodes are often difficult to distinguish from normal periods of elevated mood – for example, related to positive life events – particularly given that hypomanic episodes are not associated with significant functional impairment. In order to be considered a hypomanic episode, the sympt
---
[10] Manic episode — Essential Features: fulfil the diagnostic requirements for a mixed episode. • The mood disturbance results in significant impairment in personal, family, social, educational, occupational or other important areas of functioning, requires intensive treatment (e.g. hospitalization) to prevent harm to self or others, or i",,,,
Phase 1: Best Retriever-BM25-7,BM25,7,suicidal,normal,"Label: normal
Evidence: [7] (Obsessive-compulsive disorder, unspecified — Boundary with Normality) says: ""Intrusive thoughts, images and impulses/urges, as well as repetitive behaviours, are prevalent among the general population (e.g. thoughts of harming a loved one, double- checking that the door is locked). Obsessive-compulsive disorder should only be diagnosed when obsessions and compulsions are time-consuming (e.g. take more than 1 hour per day), cause significant distress or result in functional impairment.""
Justification: The post expresses uncertainty and difficulty but does not indicate any specific obsessive-compulsive symptoms or compulsions. The statement is generic and does not meet the criteria for any diagnosed mental health condition based on the provided ICD-11 chunks.","[1] Obsessive-compulsive disorder — Essential Features: • The presence of persistent obsessions and/or compulsions is required for diagnosis. • Obsessions are repetitive and persistent thoughts (e.g. of contamination), images (e.g. of violent scenes) or impulses/urges (e.g. to stab someone) that are experienced as intrusive and unwanted, and are commonly
---
[2] Factitious disorder imposed on another — Boundary with Normality: • Some individuals whose loved ones have medical conditions may exaggerate the reports of symptoms to medical professionals in order to get their loved one’s care prioritized, or to access additional treatments they perceive as necessary or potentially beneficial. Factitious disorder imposed on anot
---
[3] Factitious disorder imposed on another — Essential Features: • The presentation is characterized by feigning, falsifying or intentionally inducing medical, psychological or behavioural signs and symptoms or injury in another person – most commonly a child dependent – associated with identified deception. If a pre-existing disorder or disease is present in the
---
[4] Hypochondriasis (health anxiety disorder) — Essential Features: • Persistent preoccupation or fear about the possibility of having one or more serious, progressive or life-threatening illnesses is required for diagnosis. • The preoccupation is accompanied by either: • repetitive and excessive health-related behaviours, such as repeatedly checking of the body for
---
[5] Depersonalization-derealization disorder — Boundary with Normality: • Transient feelings of depersonalization or derealization may be experienced when under stress, during extreme emotional states or exhaustion, when physically ill, or under the influence of substances. Unlike depersonalization-derealization disorder, such experiences typically remit when these emot
---
[6] Depersonalization-derealization disorder — Essential Features: • Persistent or recurrent experiences of either depersonalization or derealization, or of both symptoms, are required for diagnosis. • Depersonalization is characterized by experiencing the self as strange or unreal, or by feeling detached from – or as though one were an outside observer of – one’s 
---
[7] Obsessive-compulsive disorder, unspecified — Boundary with Normality: • Intrusive thoughts, images and impulses/urges, as well as repetitive behaviours, are prevalent among the general population (e.g. thoughts of harming a loved one, double- checking that the door is locked). Obsessive-compulsive disorder should only be diagnosed when obsessions and compulsions are t
---
[8] Hypochondriasis (health anxiety disorder) — Essential Features: at times appear to be delusional in the degree of conviction or fixity with which these beliefs are held (e.g. an individual is convinced that they have a terminal illness). Insight may vary substantially even over short periods of time – for example, depending on the level of current anxiety or dis
---
[9] Obsessive-compulsive disorder — Essential Features: than 1 hour per day) or result in significant distress or significant impairment in personal, family, social, educational, occupational or other important areas of functioning. If functioning is maintained, it is only through significant additional effort. • The symptoms or behaviours are not a mani",,,,
Phase 1: Best Retriever-BM25-8,BM25,8,suicidal,suicidal,"Label: suicidal
Evidence: [4] (Depressive episode — Essential Features): • suicidal ideation (with or without a specific plan), or evidence of attempted suicide Mood disorders 213 Neurovegetative cluster • Significantly disrupted sleep (delayed sleep onset, increased frequency of waking during the night, or early morning awakening) or excessive sleep • Significant change in appetite (diminished or increased) or significant weight change (gain or loss) • Psychomotor agitation or retardation (observable by others, not merely subjective feelings of restlessness or being slowed down) • Reduced energy, fatigue or marked tiredness following the expenditure of only a minimum of effort • The symptoms are not better accounted for by bereavement. • The symptoms are not a manifestation of another medical condition (e.g. a brain tumour), and are not due to the effects of a substance or medication on the central nervous system (e.g. benzodiazepines), including withdrawal effects (e.g. from stimulants). • The clinical presentation does not fulfil the diagnostic requirements for a mixed episode. • The mood disturbance results in significant impairment in personal, family, social, educational, occupational or other important areas of functioning. If functioning is maintained, it is only through significant additional effort.
Justification: The post describes a plan involving the use of a suicide pill roulette, which includes the use of a DIY extracted cyanide capsule. This indicates a clear intent to self-harm, and the mention of suicidal ideation with a specific plan supports the classification as suicidal.","[1] Depressive episode — Essential Features: • The concurrent presence of at least five of the following characteristic symptoms occurring for most of the day, nearly every day, during a period lasting at least 2 weeks is required for diagnosis. At least one symptom from the affective cluster must be present. Assessment of the presence or abse
---
[2] Depressive episode — Boundary with Normality: • Some depression of mood is a normal reaction to severe adverse life events and problems (e.g. divorce, job loss), and is common in the community. A depressive episode is differentiated from this common experience by the severity, range and duration of symptoms. If the diagnostic requirements for a
---
[3] Disorder specifically associated with stress, unspecified — Essential Features: • Exposure to an event or situation (either short- or long-lasting) of an extremely threatening or horrific nature is required for diagnosis. Such events include, but are not limited to, directly experiencing natural or human-made disasters, combat, serious accidents, torture, Disorders specifically
---
[4] Depressive episode — Essential Features: suicidal ideation (with or without a specific plan), or evidence of attempted suicide Mood disorders 213 Neurovegetative cluster • Significantly disrupted sleep (delayed sleep onset, increased frequency of waking during the night, or early morning awakening) or excessive sleep • Significant change i
---
[5] Hypomanic episode — Essential Features: • Both of the following symptoms occur concurrently and persist for most of the day, nearly every day, for at least several days. • Persistent elevation of mood or increased irritability is observable or reported, and represents a significant change from the individual’s usual range of moods (e.g. t
---
[6] Hypomanic episode — Boundary with Normality: • Hypomanic episodes are often difficult to distinguish from normal periods of elevated mood – for example, related to positive life events – particularly given that hypomanic episodes are not associated with significant functional impairment. In order to be considered a hypomanic episode, the sympt
---
[7] Anorexia nervosa, unspecified — Boundary with Normality: • Anorexia nervosa must be associated with significantly low body weight for the individual’s height, age, developmental stage or weight history, and with extreme attitudes and behaviours that distinguish it from normal dieting and “normative discontent” with one’s body shape and weight.
---
[8] Disorder of intellectual development, unspecified — Boundary with Normality: • In disorders of intellectual development, a measure of intelligence quotient (IQ) is not an isolated diagnostic requirement to distinguish disorder from normality, but should be considered a proxy measure of the “significant limitations in intellectual functioning” that partially characterize diso
---
[9] Depressive episode — Boundary with Normality: a depressive episode can be superimposed on normal grief. The presence of a depressive episode during a period of bereavement is suggested by persistence of constant depressive symptoms 1 month or more following the loss (i.e. there are no periods of positive mood or enjoyment of activities); severe
---
[10] Hypomanic episode — Essential Features: from one idea to the next; the person reports that their thoughts are rapid or even racing and has difficulty remaining on a topic); • increased self-esteem or grandiosity (e.g. the individual is more self-confident than usual); • decreased need for sleep (e.g. the person reports needing less sleep ",,,,
Phase 1: Best Retriever-BM25-9,BM25,9,suicidal,normal,"Label: normal
Evidence: [9] (Depression - Essential Features): • The individual experiences a depressed mood most of the day, nearly every day, for at least two weeks. • There is a loss of interest or pleasure in all, or most, activities. • There is significant weight loss or gain, or decreased or increased appetite. • There is insomnia or hypersomnia. • There is restlessness or sleeplessness. • There is fatigue or loss of energy. • There is diminished ability to concentrate, think or make decisions. • There is feeling of being unproductive or of having failed. • There is an inability to carry out daily activities. • There is a feeling of hopelessness or worthlessness. • There is a preoccupation with death or suicide. • There is a sense of being trapped or hopeless. • There is a marked disturbance in mood or disturbance in thinking. • There is a marked disturbance in the ability to experience pleasure. • There is a marked disturbance in the ability to experience interest or enjoyment. • There is a marked disturbance in the ability to concentrate, think or make decisions. • There is a marked disturbance in the ability to carry out daily activities. • There is a marked disturbance in the ability to experience pleasure. • There is a marked disturbance in the ability to experience interest or enjoyment. • There is a marked disturbance in the ability to concentrate, think or make decisions. • There is a marked disturbance in the ability to carry out daily activities. • There is a marked disturbance in the ability to experience pleasure. • There is a marked disturbance in the ability to experience interest or enjoyment. • There is a marked disturbance in the ability to concentrate, think or make decisions. • There is a marked disturbance in the ability to carry out daily activities. • There is a marked disturbance in the ability to experience pleasure. • There is a marked disturbance in the ability to experience interest or enjoyment. • There is a marked disturbance in the ability to concentrate, think or make decisions. • There is a marked disturbance in the ability to carry out daily activities. • There is a marked disturbance in the ability to experience pleasure. • There is a marked disturbance in the ability to experience interest or enjoyment. • There is a marked disturbance in the ability to concentrate, think or make decisions. • There is a marked disturbance in the ability to carry out daily activities. • There is a marked disturbance in the ability to experience pleasure. • There is a marked disturbance in the ability to experience interest or enjoyment. • There is a","[1] Moderate personality disorder — Essential Features: • All general diagnostic requirements for personality disorder are met. • Disturbances affect multiple areas of functioning of the self (e.g. stability and coherence of identity, self-worth, self-direction; see Box 6.2) and are of moderate severity. • There are marked problems in most interpersonal 
---
[2] Schizotypal disorder — Boundary with Normality: • The threshold between symptoms of schizotypal disorder and extravagant, eccentric or unusual behaviour and beliefs in individuals without a diagnosable disorder is sometimes difficult to determine, especially as some people in the general population show eccentric behaviour and report psychotic-li
---
[3] Schizotypal disorder — Essential Features: • An enduring pattern of unusual speech, perceptions, beliefs and behaviours that are not of sufficient intensity or duration to meet the diagnostic requirements of schizophrenia, schizoaffective disorder or delusional disorder is required for diagnosis. The pattern includes several of the following
---
[4] Hoarding disorder, unspecified — Boundary with Normality: • Collectors acquire many items that they report being attached to and are reluctant to discard. However, they are also more targeted in their acquisitions (e.g. confining their acquisitions to a narrow range of items), more selective (e.g. planning and purchasing only predetermined items), more lik
---
[5] Alcohol dependence, unspecified — Boundary with Normality: • Frequent or even daily substance use of a substance does not automatically imply a diagnosis of substance dependence. There must also be evidence of the essential features of substance dependence, such as impaired control over use, increasing precedence of use over other life priorities or physiol
---
[6] Body integrity dysphoria — Boundary with Normality: • Some individuals, especially children and adolescents, may have time-limited periods in which they pretend to have a disability such as blindness out of curiosity about what it is like to live as a disabled person. Such individuals do not experience a persistent desire to become disabled or the ha
---
[7] Body integrity dysphoria — Essential Features: • An intense and persistent desire to become physically disabled in a significant way (e.g. a major limb amputation, paraplegia, blindness) accompanied by persistent discomfort or intense negative feelings about one’s current body configuration or functioning, is required for diagnosis. • The desire",,,,
Phase 1: Best Retriever-BM25-10,BM25,10,depression,depression,"Label: depression
Evidence: [2] says: ""A maladaptive reaction to an identifiable psychosocial stressor or multiple stressors (e.g. single stressful event, ongoing psychosocial difficulty or a combination of stressful life situations) that usually emerges within a month of the stressor is required for diagnosis. Examples include divorce or loss of a relationship, loss of a job, diagnosis of an illness, recent onset of a disability, and conflicts at home or work.""
Justification: The post describes a persistent sense of being trapped, constant stress, and a desire to ""melt away,"" which aligns with the diagnostic criteria for depression. The mention of stressors related to family, work, and bills, along with the inability to sleep and the desire for medication adjustment, supports the classification of depression.","[1] Adjustment disorder — Boundary with Normality: • Adjustment disorder represents a maladaptive reaction and failure to adapt to a stressor that is associated with significant preoccupation, and results in significant impairment in personal, family, social, educational, occupational or other important areas of functioning. Emotional reactions to n
---
[2] Adjustment disorder — Essential Features: • A maladaptive reaction to an identifiable psychosocial stressor or multiple stressors (e.g. single stressful event, ongoing psychosocial difficulty or a combination of stressful life situations) that usually emerges within a month of the stressor is required for diagnosis. Examples include divorce
---
[3] Possession trance disorder — Essential Features: from a single prolonged episode to multiple recurrences over years. • Duration and intensity of trance episodes vary considerably. Most recurrent episodes are brief, and individuals may fall in and out of trance states multiple times within a given episode. • Acute recurrent episodes of trance usual
---
[4] Prolonged grief disorder — Boundary with Normality: • An individual experiencing a grief reaction that is within a normative period given their cultural and religious context is considered to be experiencing normal bereavement, and should not be assigned a diagnosis of prolonged grief disorder. It is often important to consider whether other people w
---
[5] Prolonged grief disorder — Essential Features: • A history of bereavement following the death of a partner, parent, child or other person close to the bereaved is required for diagnosis. Disorders specifically associated with stress | Prolonged grief disorder Disorders specifically associated with stress 349 • A persistent and pervasive grief re
---
[6] Complex post-traumatic stress disorder — Essential Features: are thematically related to the traumatic event. Re-experiencing is typically accompanied by strong or overwhelming emotions, such as fear or horror, and strong physical sensations. Re-experiencing in the present can also involve feelings of being overwhelmed or immersed in the same intense emotions
---
[7] Complex post-traumatic stress disorder — Boundary with Normality: • A history of exposure to a stressor of extreme and prolonged or repetitive nature, from which escape is difficult or impossible, does not in itself indicate the presence of complex post- traumatic stress disorder. Many people experience such stressors without developing any disorder. Rather, the p
---
[8] Post-traumatic stress disorder — Essential Features: thematically related to the traumatic event. Re-experiencing is typically accompanied by strong or overwhelming emotions, such as fear or horror, and strong physical sensations. Re-experiencing in the present can also involve feelings of being overwhelmed or immersed in the same intense emotions tha
---
[9] Post-traumatic stress disorder — Boundary with Normality: • A history of exposure to an event or situation of an extremely threatening or horrific nature does not in itself indicate the presence of post-traumatic stress disorder. Many people experience such stressors without developing a disorder. Rather, the presentation must meet all diagnostic requireme
---
[10] Complex post-traumatic stress disorder — Essential Features: and feel themselves or others close to them to be under immediate threat either in specific situations or more generally. They may adopt new behaviours designed to ensure safety (e.g. not sitting with their back to the door, repeatedly checking in vehicles’ rear-view mirrors). In complex post-trauma
---
[11] Post-traumatic stress disorder — Essential Features: against danger, and feel themselves or others close to them to be under immediate threat either in specific situations or more generally. They may adopt new behaviours designed to ensure safety (e.g. not sitting with their back to the door, repeatedly checking in vehicles’ rear-view mirrors). • The ",,,,
Phase 1: Best Retriever-BM25-11,BM25,11,depression,depression,"Label: depression
Evidence: [1] (Dysthymic disorder — Essential Features) says: ""Persistent depressed mood (i.e. lasting 2 years or more), for most of the day, for more days than not, as reported by the individual (e.g. feeling down, sad) or as observed (e.g. tearful, defeated appearance), is required for diagnosis. In children and adolescents depressed mood can manifest as pervasive irritability. The depressed mood is accompanied by additional symptoms typically seen in a depressive episode, though these may be milder in form. Examples include: markedly diminished interest or pleasure in activities reduced concentration and attention, or indecisiveness low self-worth, or excessive or inappropriate guilt hopelessness about the future disturbed sleep or increased sleep diminished or increased appetite low energy or fatigue. During the first 2 years of the disorder, there has never been a 2-week period during which the number and duration of symptoms were sufficient to meet the diagnostic requirements for a depressive episode. While brief symptom-free intervals during the period of persistent depressed mood are consistent with the diagnosis, there have never been any prolonged symptom-free periods (e.g. lasting 2 months or more) since the onset of the disorder. There is no history of manic, mixed or hypomanic episodes, which would indicate the presence of a bipolar or related disorder. The symptoms are not a manifestation""
Justification: The post mentions struggling with depression and questioning one's identity, which aligns with the essential features of dysthymic disorder, including persistent depressed mood and additional symptoms. The mention of writing a song and the desire not to do so further supports the diagnosis of depression.","[1] Dysthymic disorder — Essential Features: • Persistent depressed mood (i.e. lasting 2 years or more), for most of the day, for more days than not, as reported by the individual (e.g. feeling down, sad) or as observed (e.g. tearful, defeated appearance), is required for diagnosis. In children and adolescents depressed mood can manifest as pe
---
[2] Dysthymic disorder — Boundary with Normality: • Some depressed mood is a normal reaction to severe adverse life events and problems, and is common in the community. Dysthymic disorder is differentiated from this common experience by the severity, range and duration of symptoms. Assessment of the presence or absence of signs or symptoms should b
---
[3] Kleptomania — Boundary with Normality: • Stealing behaviour is common, and most individuals who steal do so because they need or want something they cannot afford, as an act of mischief, or as an expression of anger or vengeance. The diagnosis of kleptomania requires that the individual does not need or could afford to buy the stolen ite
---
[4] Kleptomania — Essential Features: • The presentation is characterized by a recurrent failure to control strong impulses to steal objects. • There is a lack of apparent motive for stealing objects (e.g. objects are not acquired for personal use or monetary gain). • The individual experiences increased tension or affective arousal pri
---
[5] Possession trance disorder — Essential Features: and possession trance disorder often report prodromal symptoms. Somatic complaints and a sense of presence (i.e. feeling that one is not alone) are common. However, presence or absence of prodromal symptoms does not predict the number of trance episodes. • Possession trance states are often characte
---
[6] Cyclothymic disorder — Essential Features: • Mood instability over an extended period of time (i.e. 2 years or more) characterized by numerous hypomanic and depressive periods is required for diagnosis. (In children and adolescents depressed mood can manifest as pervasive irritability.) Hypomanic periods may or may not have been sufficiently
---
[7] Cyclothymic disorder — Boundary with Normality: • Cyclothymic disorder is distinguished from normal variations in mood by a history of distress or difficulty functioning due to repeated occurrences of mood disturbance.
---
[8] Mixed episode — Essential Features: • Several prominent manic and several prominent depressive symptoms consistent with those observed in manic episodes and depressive episodes are present, which either occur simultaneously or alternate very rapidly (from day to day or within the same day). Symptoms must include an altered mood state 
---
[9] Possession trance disorder — Essential Features: occupational or other important areas of functioning. If functioning is maintained, it is only through significant additional effort. Additional clinical features for trance disorder and possession trance disorder • Trance and possession trance disorders tend to involve recurrent episodes rather tha
---
[10] Possession trance disorder — Essential Features: or expressing animosity. Boundary with normality (threshold) for trance disorder and possession trance disorder • A diagnosis of trance disorder or possession trance disorder should not be applied to experiences that are accepted in the individual’s context as collective cultural phenomena or as a p",,,,
Phase 1: Best Retriever-BM25-12,BM25,12,depression,depression,"Label: depressive
Evidence: [7] (Depressive episode — Essential Features) says: ""The concurrent presence of at least five of the following characteristic symptoms occurring for most of the day, nearly every day, during a period lasting at least 2 weeks is required for diagnosis. At least one symptom from the affective cluster must be present.""
Justification: The post expresses a sense of hopelessness and a desire to die, which aligns with the diagnostic criteria for a depressive episode. The statement ""I will not be remembered for anything and Ill die as nothing"" reflects a persistent feeling of worthlessness and a lack of hope, which are core features of depression.","[1] Post-traumatic stress disorder — Essential Features: • Exposure to an event or situation (either short- or long-lasting) of an extremely threatening or horrific nature is required for diagnosis. Such events include, but are not limited to, directly experiencing natural or human-made disasters, combat, serious accidents, torture, sexual violence, terro
---
[2] Post-traumatic stress disorder — Boundary with Normality: • A history of exposure to an event or situation of an extremely threatening or horrific nature does not in itself indicate the presence of post-traumatic stress disorder. Many people experience such stressors without developing a disorder. Rather, the presentation must meet all diagnostic requireme
---
[3] Hypochondriasis (health anxiety disorder) — Essential Features: • Persistent preoccupation or fear about the possibility of having one or more serious, progressive or life-threatening illnesses is required for diagnosis. • The preoccupation is accompanied by either: • repetitive and excessive health-related behaviours, such as repeatedly checking of the body for
---
[4] Depersonalization-derealization disorder — Boundary with Normality: • Transient feelings of depersonalization or derealization may be experienced when under stress, during extreme emotional states or exhaustion, when physically ill, or under the influence of substances. Unlike depersonalization-derealization disorder, such experiences typically remit when these emot
---
[5] Depersonalization-derealization disorder — Essential Features: • Persistent or recurrent experiences of either depersonalization or derealization, or of both symptoms, are required for diagnosis. • Depersonalization is characterized by experiencing the self as strange or unreal, or by feeling detached from – or as though one were an outside observer of – one’s 
---
[6] Dissociative amnesia, unspecified — Boundary with Normality: • Mild difficulties remembering autobiographical events are common, especially as a result of normal ageing. Forgetting early childhood events is also developmentally typical. However, in contrast to dissociative amnesia, normal forgetting: • does not typically involve sustained and extensive forget
---
[7] Depressive episode — Essential Features: • The concurrent presence of at least five of the following characteristic symptoms occurring for most of the day, nearly every day, during a period lasting at least 2 weeks is required for diagnosis. At least one symptom from the affective cluster must be present. Assessment of the presence or abse
---
[8] Depressive episode — Boundary with Normality: • Some depression of mood is a normal reaction to severe adverse life events and problems (e.g. divorce, job loss), and is common in the community. A depressive episode is differentiated from this common experience by the severity, range and duration of symptoms. If the diagnostic requirements for a
---
[9] Hypochondriasis (health anxiety disorder) — Essential Features: at times appear to be delusional in the degree of conviction or fixity with which these beliefs are held (e.g. an individual is convinced that they have a terminal illness). Insight may vary substantially even over short periods of time – for example, depending on the level of current anxiety or dis
---
[10] Post-traumatic stress disorder — Essential Features: thematically related to the traumatic event. Re-experiencing is typically accompanied by strong or overwhelming emotions, such as fear or horror, and strong physical sensations. Re-experiencing in the present can also involve feelings of being overwhelmed or immersed in the same intense emotions tha",,,,
Phase 1: Best Retriever-BM25-13,BM25,13,depression,suicidal,"Label: suicidal
Evidence: [1] (Depressive episode — Essential Features): • Recurrent thoughts of death (not just fear of dying), recurrent suicidal ideation (with or without a specific plan), or evidence of attempted suicide
Justification: The post contains ""recurrent suicidal ideation (with or without a specific plan)"" which aligns with the diagnostic criteria for a depressive episode, specifically the presence of recurrent suicidal ideation.","[1] Depressive episode — Essential Features: • The concurrent presence of at least five of the following characteristic symptoms occurring for most of the day, nearly every day, during a period lasting at least 2 weeks is required for diagnosis. At least one symptom from the affective cluster must be present. Assessment of the presence or abse
---
[2] Depressive episode — Boundary with Normality: • Some depression of mood is a normal reaction to severe adverse life events and problems (e.g. divorce, job loss), and is common in the community. A depressive episode is differentiated from this common experience by the severity, range and duration of symptoms. If the diagnostic requirements for a
---
[3] Unknown or unspecified psychoactive substance dependence — Essential Features: described in Table 6.16, p. 484). Note: physiological features are only applicable for certain substances. • The features of dependence are usually evident over a period of at least 12 months, but the diagnosis may be made if use is continuous (daily or almost daily) for at least 3 months. Course sp
---
[4] Dysthymic disorder — Boundary with Normality: • Some depressed mood is a normal reaction to severe adverse life events and problems, and is common in the community. Dysthymic disorder is differentiated from this common experience by the severity, range and duration of symptoms. Assessment of the presence or absence of signs or symptoms should b
---
[5] Dysthymic disorder — Essential Features: • Persistent depressed mood (i.e. lasting 2 years or more), for most of the day, for more days than not, as reported by the individual (e.g. feeling down, sad) or as observed (e.g. tearful, defeated appearance), is required for diagnosis. In children and adolescents depressed mood can manifest as pe
---
[6] Disorder of intellectual development, unspecified — Boundary with Normality: • In disorders of intellectual development, a measure of intelligence quotient (IQ) is not an isolated diagnostic requirement to distinguish disorder from normality, but should be considered a proxy measure of the “significant limitations in intellectual functioning” that partially characterize diso
---
[7] Compulsive sexual behaviour disorder — Essential Features: • The presentation is characterized by a persistent pattern of failure to control intense, repetitive sexual impulses or urges resulting in repetitive sexual behaviour, manifested in one or more of the following. • Engaging in repetitive sexual behaviour has become a central focus of the individual’
---
[8] Compulsive sexual behaviour disorder — Boundary with Normality: • There is wide variation in the nature and frequency of individuals’ sexual thoughts, fantasies, impulses and behaviours. This diagnosis is only appropriate when the individual experiences intense, repetitive sexual impulses or urges that are experienced as irresistible or uncontrollable, leading t",,,,
Phase 1: Best Retriever-BM25-14,BM25,14,depression,normal,"Label: normal
Evidence: [4] says: ""Transient noncompliance, defiance and disobedience including irritability or anger can occur within the normal range of behaviour as a part of typical development, or in response to increased demands on the developing child or changes in the child’s environment (e.g. transition to a new school or city), or as a manifestation of normative anxiety in the context of specific tasks or situations (e.g. going to school and separating from parents for the first time). The presence of such behaviours should not be taken as evidence for a presumptive diagnosis of oppositional defiant disorder.""
Justification: The post expresses anxiety about a medical procedure and a sense of injustice towards the mother, but does not show persistent patterns of defiant or noncompliant behavior that would meet the criteria for oppositional defiant disorder. The anxiety is a normal response to a stressful situation, and the post does not indicate a clinically significant mental health disorder.","[1] Alcohol dependence, unspecified — Boundary with Normality: • Frequent or even daily substance use of a substance does not automatically imply a diagnosis of substance dependence. There must also be evidence of the essential features of substance dependence, such as impaired control over use, increasing precedence of use over other life priorities or physiol
---
[2] Factitious disorder imposed on another — Boundary with Normality: • Some individuals whose loved ones have medical conditions may exaggerate the reports of symptoms to medical professionals in order to get their loved one’s care prioritized, or to access additional treatments they perceive as necessary or potentially beneficial. Factitious disorder imposed on anot
---
[3] Factitious disorder imposed on another — Essential Features: • The presentation is characterized by feigning, falsifying or intentionally inducing medical, psychological or behavioural signs and symptoms or injury in another person – most commonly a child dependent – associated with identified deception. If a pre-existing disorder or disease is present in the
---
[4] Oppositional defiant disorder, unspecified — Boundary with Normality: • Transient noncompliance, defiance and disobedience including irritability or anger can occur within the normal range of behaviour as a part of typical development, or in response to increased demands on the developing child or changes in the child’s environment (e.g. transition to a new school or 
---
[5] Hypomanic episode — Essential Features: • Both of the following symptoms occur concurrently and persist for most of the day, nearly every day, for at least several days. • Persistent elevation of mood or increased irritability is observable or reported, and represents a significant change from the individual’s usual range of moods (e.g. t
---
[6] Hypomanic episode — Boundary with Normality: • Hypomanic episodes are often difficult to distinguish from normal periods of elevated mood – for example, related to positive life events – particularly given that hypomanic episodes are not associated with significant functional impairment. In order to be considered a hypomanic episode, the sympt
---
[7] Mixed depressive and anxiety disorder — Essential Features: • The presence of both depressive and anxiety symptoms for most of the time during a period of 2 weeks or more is required for diagnosis. Mood disorders 259 • Depressive symptoms include depressed mood or markedly diminished interest or pleasure in activities. • There are multiple anxiety symptoms, 
---
[8] Mixed depressive and anxiety disorder — Boundary with Normality: • If worry is the only anxiety symptom (i.e. no sympathetic autonomic or other anxiety symptoms are present), a diagnosis of mixed depressive and anxiety disorder diagnosis is not appropriate.",,,,
Phase 1: Best Retriever-BM25-15,BM25,15,depression,depression,"Label: depressive
Evidence: [1] (Depressive episode — Boundary with Normality) says: ""A depressive episode can be superimposed on normal grief. The presence of a depressive episode during a period of bereavement is suggested by persistence of constant depressive symptoms 1 month or more following the loss (i.e. there are no periods of positive mood or enjoyment of activities); severe depressive symptoms, such as extreme beliefs of low self-worth and guilt not related to the lost loved one; or presence of psychotic symptoms, suicidal ideation or psychomotor retardation. A prior history of depressive disorder or bipolar disorder is important to consider in making this distinction.""
Justification: The post describes a sense of hopelessness, lack of motivation, and a belief that life has no meaning, which aligns with the criteria for a depressive episode. The individual is experiencing persistent depressive symptoms and has no history of depressive disorder, but the evidence suggests that the symptoms are consistent with a depressive episode.","[1] Depressive episode — Essential Features: • The concurrent presence of at least five of the following characteristic symptoms occurring for most of the day, nearly every day, during a period lasting at least 2 weeks is required for diagnosis. At least one symptom from the affective cluster must be present. Assessment of the presence or abse
---
[2] Depressive episode — Boundary with Normality: • Some depression of mood is a normal reaction to severe adverse life events and problems (e.g. divorce, job loss), and is common in the community. A depressive episode is differentiated from this common experience by the severity, range and duration of symptoms. If the diagnostic requirements for a
---
[3] Dysthymic disorder — Essential Features: • Persistent depressed mood (i.e. lasting 2 years or more), for most of the day, for more days than not, as reported by the individual (e.g. feeling down, sad) or as observed (e.g. tearful, defeated appearance), is required for diagnosis. In children and adolescents depressed mood can manifest as pe
---
[4] Dysthymic disorder — Boundary with Normality: • Some depressed mood is a normal reaction to severe adverse life events and problems, and is common in the community. Dysthymic disorder is differentiated from this common experience by the severity, range and duration of symptoms. Assessment of the presence or absence of signs or symptoms should b
---
[5] Binge-eating disorder — Essential Features: • Frequent, recurrent episodes of binge eating (e.g. once a week or more over a period of 3 months) are required for diagnosis. Binge eating is defined as a discrete period of time (e.g. 2 hours) during which the individual experiences a loss of control over their eating behaviour and eats notably m
---
[6] Binge-eating disorder — Boundary with Normality: • Infrequent overeating or feasting during culturally sanctioned holidays or occasional celebrations should not be characterized as binge eating for the purpose of assigning a diagnosis of binge-eating disorder. • Individuals who report patterns of overeating that do not meet the definition of binge
---
[7] Mixed depressive and anxiety disorder — Essential Features: • The presence of both depressive and anxiety symptoms for most of the time during a period of 2 weeks or more is required for diagnosis. Mood disorders 259 • Depressive symptoms include depressed mood or markedly diminished interest or pleasure in activities. • There are multiple anxiety symptoms, 
---
[8] Mixed depressive and anxiety disorder — Boundary with Normality: • If worry is the only anxiety symptom (i.e. no sympathetic autonomic or other anxiety symptoms are present), a diagnosis of mixed depressive and anxiety disorder diagnosis is not appropriate.
---
[9] Bulimia nervosa — Essential Features: • Frequent, recurrent episodes of binge eating (e.g. once a week or more over a period of at least 1 month) are required for diagnosis. Binge eating is defined as a discrete period of time (e.g. 2 hours) during which the individual experiences a loss of control over their eating behaviour, and eats 
---
[10] Bulimia nervosa — Boundary with Normality: • Infrequent overeating or feasting during culturally sanctioned holidays or occasional celebrations should not be characterized as binge eating for the purpose of assigning a diagnosis of bulimia nervosa. Similarly, exercise qualifies as inappropriate compensatory behaviour only if it is unusually 
---
[11] Depressive episode — Boundary with Normality: a depressive episode can be superimposed on normal grief. The presence of a depressive episode during a period of bereavement is suggested by persistence of constant depressive symptoms 1 month or more following the loss (i.e. there are no periods of positive mood or enjoyment of activities); severe",,,,
Phase 1: Best Retriever-BM25-16,BM25,16,depression,suicidal,"Label: suicidal|depression|normal
Evidence: [7] (Separation anxiety disorder — Essential Features) says: ""Marked and excessive fear or anxiety about separation from those individuals to whom the person is attached (i.e. with whom the individual has a deep emotional bond) is required for diagnosis. In children and adolescents, key attachment figures that are most commonly the focus of separation anxiety include parents, caregivers and other family members, and the fear or anxiety is beyond what would be considered developmentally normative.""
Justification: The post describes a deep emotional bond with people, a sense of loneliness, and a fear of separation, which aligns with the diagnostic criteria for separation anxiety disorder. The individual expresses a strong desire to be close to others and experiences distress when separated, indicating a significant emotional impact. However, the post does not explicitly mention suicidal ideation or a clear indication of depression, and the context suggests a possible emotional struggle rather than a clinical diagnosis.","[1] Oppositional defiant disorder — Essential Features: • A pattern of markedly noncompliant, defiant and disobedient behaviour that is atypical for individuals of comparable age, developmental level, gender and sociocultural context is required for diagnosis. The pattern of behaviour may include: • persistent difficulty getting along with others (e.g. a
---
[2] Hypomanic episode — Essential Features: • Both of the following symptoms occur concurrently and persist for most of the day, nearly every day, for at least several days. • Persistent elevation of mood or increased irritability is observable or reported, and represents a significant change from the individual’s usual range of moods (e.g. t
---
[3] Hypomanic episode — Boundary with Normality: • Hypomanic episodes are often difficult to distinguish from normal periods of elevated mood – for example, related to positive life events – particularly given that hypomanic episodes are not associated with significant functional impairment. In order to be considered a hypomanic episode, the sympt
---
[4] Conduct-dissocial disorder — Essential Features: • A repetitive and persistent pattern of behaviour in which the basic rights of others or major age-appropriate social or cultural norms, rules or laws are violated is required for diagnosis. Typically, multiple behaviours are involved, including one or more of the following: • aggression towards pe
---
[5] Hypomanic episode — Essential Features: from one idea to the next; the person reports that their thoughts are rapid or even racing and has difficulty remaining on a topic); • increased self-esteem or grandiosity (e.g. the individual is more self-confident than usual); • decreased need for sleep (e.g. the person reports needing less sleep 
---
[6] Separation anxiety disorder — Boundary with Normality: • Many situations involving separation are associated with other potential stressors or are normal sources of anxiety (e.g. leaving home to start a job or attend university in a new city). Separation anxiety disorder is differentiated based on the focus of apprehension being on separation from a key
---
[7] Separation anxiety disorder — Essential Features: • Marked and excessive fear or anxiety about separation from those individuals to whom the person is attached (i.e. with whom the individual has a deep emotional bond) is required for diagnosis. In children and adolescents, key attachment figures that are most commonly the focus of separation anxiet
---
[8] Obsessive-compulsive disorder — Essential Features: • The presence of persistent obsessions and/or compulsions is required for diagnosis. • Obsessions are repetitive and persistent thoughts (e.g. of contamination), images (e.g. of violent scenes) or impulses/urges (e.g. to stab someone) that are experienced as intrusive and unwanted, and are commonly",,,,
Phase 1: Best Retriever-BM25-17,BM25,17,depression,depression,"Label: depression
Evidence: [5] (Depressive episode — Essential Features) says: ""The concurrent presence of at least five of the following characteristic symptoms occurring for most of the day, nearly every day, during a period lasting at least 2 weeks is required for diagnosis. At least one symptom from the affective cluster must be present.""
Justification: The post mentions persistent suicidal thoughts, a sense of loss of identity, and a history of caregiving that contributes to depression. These symptoms align with the essential features of a depressive episode, as described in ICD-11. The individual is experiencing significant distress and impairment in functioning, which supports the diagnosis of depression.","[1] Mental and behavioural disorders associated with pregnancy, — Boundary with Normality: • This diagnosis should not be used to describe mild and transient depressive symptoms that do not meet the diagnostic requirements for a depressive episode, which may occur soon after delivery (so-called “postpartum blues” or “baby blues”). • Postpartum depression may be mistaken for baby blues at 
---
[2] Mental and behavioural disorders associated with pregnancy, — Essential Features: • Onset of a syndrome involving significant mental and behavioural features occurring during pregnancy or the puerperium (i.e. up to about 6 weeks following delivery) is required for diagnosis. • The syndrome does not include delusions, hallucinations or other psychotic symptoms. • The symptoms are 
---
[3] Binge-eating disorder — Essential Features: • Frequent, recurrent episodes of binge eating (e.g. once a week or more over a period of 3 months) are required for diagnosis. Binge eating is defined as a discrete period of time (e.g. 2 hours) during which the individual experiences a loss of control over their eating behaviour and eats notably m
---
[4] Binge-eating disorder — Boundary with Normality: • Infrequent overeating or feasting during culturally sanctioned holidays or occasional celebrations should not be characterized as binge eating for the purpose of assigning a diagnosis of binge-eating disorder. • Individuals who report patterns of overeating that do not meet the definition of binge
---
[5] Depressive episode — Essential Features: • The concurrent presence of at least five of the following characteristic symptoms occurring for most of the day, nearly every day, during a period lasting at least 2 weeks is required for diagnosis. At least one symptom from the affective cluster must be present. Assessment of the presence or abse
---
[6] Depressive episode — Boundary with Normality: • Some depression of mood is a normal reaction to severe adverse life events and problems (e.g. divorce, job loss), and is common in the community. A depressive episode is differentiated from this common experience by the severity, range and duration of symptoms. If the diagnostic requirements for a
---
[7] Depressive episode — Boundary with Normality: a depressive episode can be superimposed on normal grief. The presence of a depressive episode during a period of bereavement is suggested by persistence of constant depressive symptoms 1 month or more following the loss (i.e. there are no periods of positive mood or enjoyment of activities); severe
---
[8] Bulimia nervosa — Essential Features: • Frequent, recurrent episodes of binge eating (e.g. once a week or more over a period of at least 1 month) are required for diagnosis. Binge eating is defined as a discrete period of time (e.g. 2 hours) during which the individual experiences a loss of control over their eating behaviour, and eats 
---
[9] Bulimia nervosa — Boundary with Normality: • Infrequent overeating or feasting during culturally sanctioned holidays or occasional celebrations should not be characterized as binge eating for the purpose of assigning a diagnosis of bulimia nervosa. Similarly, exercise qualifies as inappropriate compensatory behaviour only if it is unusually 
---
[10] Partial dissociative identity disorder — Essential Features: • Disruption of identity characterized by the experience of two or more distinct personality states (dissociative identities), involving discontinuities in the sense of self and agency, is required for diagnosis. Each personality state includes its own pattern of experiencing, perceiving, conceiving
---
[11] Partial dissociative identity disorder — Boundary with Normality: • The presence of distinct personality states or dissociative intrusions does not always indicate the presence of a mental disorder. In certain circumstances (e.g. as experienced by “mediums” or other culturally accepted spiritual practitioners), the presence of multiple personality states is not ex",,,,
Phase 1: Best Retriever-BM25-18,BM25,18,depression,normal,"Label: normal
Evidence: <ICD-11 chunk [2] says: ""Panic attacks in response to real threats to an individual’s physical or psychological integrity are considered part of the normative continuum of reactions, and a diagnosis is not warranted in such cases. Panic disorder is differentiated from normal fear reactions by frequent recurrence of panic attacks, persistent worry or concern about the panic attacks or their meaning, or alterations in behaviour (e.g. avoidance) and associated significant impairment in functioning."">
Justification: <The post describes a subjective experience of laughter and emotional relief, which does not indicate any psychological disorder. The content is positive and does not show signs of anxiety, depression, or other mental health conditions. The statement reflects a normal emotional response to a humorous situation, without any indication of pathological distress or impairment.>","[1] Panic disorder — Essential Features: • Recurrent panic attacks, which are discrete episodes of intense fear or apprehension characterized by the rapid and concurrent onset of several characteristic symptoms, are required for diagnosis. These symptoms may include, but are not limited to, the following: • palpitations or increased heart 
---
[2] Panic disorder — Boundary with Normality: • Panic attacks are common in the general population, particularly in response to anxiety- provoking life events. Panic attacks in response to real threats to an individual’s physical or psychological integrity are considered part of the normative continuum of reactions, and a diagnosis is not warra
---
[3] Bulimia nervosa — Essential Features: • Frequent, recurrent episodes of binge eating (e.g. once a week or more over a period of at least 1 month) are required for diagnosis. Binge eating is defined as a discrete period of time (e.g. 2 hours) during which the individual experiences a loss of control over their eating behaviour, and eats 
---
[4] Bulimia nervosa — Boundary with Normality: • Infrequent overeating or feasting during culturally sanctioned holidays or occasional celebrations should not be characterized as binge eating for the purpose of assigning a diagnosis of bulimia nervosa. Similarly, exercise qualifies as inappropriate compensatory behaviour only if it is unusually 
---
[5] Binge-eating disorder — Essential Features: • Frequent, recurrent episodes of binge eating (e.g. once a week or more over a period of 3 months) are required for diagnosis. Binge eating is defined as a discrete period of time (e.g. 2 hours) during which the individual experiences a loss of control over their eating behaviour and eats notably m
---
[6] Binge-eating disorder — Boundary with Normality: • Infrequent overeating or feasting during culturally sanctioned holidays or occasional celebrations should not be characterized as binge eating for the purpose of assigning a diagnosis of binge-eating disorder. • Individuals who report patterns of overeating that do not meet the definition of binge
---
[7] Complex post-traumatic stress disorder — Essential Features: are thematically related to the traumatic event. Re-experiencing is typically accompanied by strong or overwhelming emotions, such as fear or horror, and strong physical sensations. Re-experiencing in the present can also involve feelings of being overwhelmed or immersed in the same intense emotions
---
[8] Complex post-traumatic stress disorder — Boundary with Normality: • A history of exposure to a stressor of extreme and prolonged or repetitive nature, from which escape is difficult or impossible, does not in itself indicate the presence of complex post- traumatic stress disorder. Many people experience such stressors without developing any disorder. Rather, the p
---
[9] Post-traumatic stress disorder — Essential Features: thematically related to the traumatic event. Re-experiencing is typically accompanied by strong or overwhelming emotions, such as fear or horror, and strong physical sensations. Re-experiencing in the present can also involve feelings of being overwhelmed or immersed in the same intense emotions tha
---
[10] Post-traumatic stress disorder — Boundary with Normality: • A history of exposure to an event or situation of an extremely threatening or horrific nature does not in itself indicate the presence of post-traumatic stress disorder. Many people experience such stressors without developing a disorder. Rather, the presentation must meet all diagnostic requireme",,,,
Phase 1: Best Retriever-BM25-19,BM25,19,depression,suicidal,"Label: suicidal
Evidence: [2] says: ""A depressive episode can be superimposed on normal grief. The presence of a depressive episode during a period of bereavement is suggested by persistence of constant depressive symptoms 1 month or more following the loss (i.e. there are no periods of positive mood or enjoyment of activities); severe depressive symptoms, such as extreme beliefs of low self-worth and guilt not related to the lost loved one; or presence of psychotic symptoms, suicidal ideation or psychomotor retardation.""
Justification: The post expresses suicidal ideation and reflects a persistent depressive state, which aligns with the diagnostic criteria for a depressive episode. The mention of suicide as a ""genuine solution"" and the desire for a guaranteed outcome suggests a depressive episode that is not better accounted for by bereavement, as required by ICD-11.","[1] Developmental language disorder — Essential Features: • Persistent deficits in the acquisition, understanding, production or use of language (spoken or signed) are required for diagnosis. Any of the following specific components of language skill may be differentially impaired, with relative weaknesses in some and relative strengths in others, or impai
---
[2] Depressive episode — Boundary with Normality: a depressive episode can be superimposed on normal grief. The presence of a depressive episode during a period of bereavement is suggested by persistence of constant depressive symptoms 1 month or more following the loss (i.e. there are no periods of positive mood or enjoyment of activities); severe
---
[3] Depressive episode — Essential Features: • The concurrent presence of at least five of the following characteristic symptoms occurring for most of the day, nearly every day, during a period lasting at least 2 weeks is required for diagnosis. At least one symptom from the affective cluster must be present. Assessment of the presence or abse
---
[4] Kleptomania — Boundary with Normality: • Stealing behaviour is common, and most individuals who steal do so because they need or want something they cannot afford, as an act of mischief, or as an expression of anger or vengeance. The diagnosis of kleptomania requires that the individual does not need or could afford to buy the stolen ite
---
[5] Kleptomania — Essential Features: • The presentation is characterized by a recurrent failure to control strong impulses to steal objects. • There is a lack of apparent motive for stealing objects (e.g. objects are not acquired for personal use or monetary gain). • The individual experiences increased tension or affective arousal pri
---
[6] Disorders of intellectual development — Essential Features: a disorder of intellectual development is determined by considering both the individual’s level of intellectual ability and level of adaptive behaviour, ideally assessed using appropriately normed, individually administered standardized tests. Where appropriately normed and standardized tests are no
---
[7] Depressive episode — Essential Features: suicidal ideation (with or without a specific plan), or evidence of attempted suicide Mood disorders 213 Neurovegetative cluster • Significantly disrupted sleep (delayed sleep onset, increased frequency of waking during the night, or early morning awakening) or excessive sleep • Significant change i
---
[8] Moderate personality disorder — Essential Features: single individual. • The individual’s sense of self may become incoherent in times of crisis. • The individual has considerable difficulty maintaining positive self-esteem. Alternatively, the individual has an unrealistically positive self-view that is not modified by evidence to the contrary. • The",,,,
Phase 1: Best Retriever-BM25-20,BM25,20,normal,normal,"Label: normal
Evidence: ICD-11 chunk 3 says: ""The presence of a suicide risk is not always evident from the clinical presentation, and may require a thorough assessment.""
Justification: The post does not contain any explicit mention of suicide, depression, or mental health issues. The content is unrelated to mental health and does not indicate a risk for suicide or depression.",,,,,
Phase 1: Best Retriever-BM25-21,BM25,21,normal,normal,"Label: normal
Evidence: [2] says: ""A depressive episode should not be considered to be present if the individual is exhibiting normal grief symptoms, including some level of depressive symptoms, and the individual has experienced the death of a loved one within the past 6 months, or longer if a more extended period of bereavement is consistent with the normative response for grieving within the individual’s religious and cultural context.""
Justification: The post mentions being unable to sleep and has been lying in bed for seven hours, but does not indicate any depressive symptoms, suicidal ideation, or significant impairment in functioning. The statement is consistent with normal grieving and does not meet the diagnostic criteria for a depressive episode.","[1] Depressive episode — Essential Features: suicidal ideation (with or without a specific plan), or evidence of attempted suicide Mood disorders 213 Neurovegetative cluster • Significantly disrupted sleep (delayed sleep onset, increased frequency of waking during the night, or early morning awakening) or excessive sleep • Significant change i
---
[2] Depressive episode — Boundary with Normality: • Some depression of mood is a normal reaction to severe adverse life events and problems (e.g. divorce, job loss), and is common in the community. A depressive episode is differentiated from this common experience by the severity, range and duration of symptoms. If the diagnostic requirements for a
---
[3] Depressive episode — Essential Features: • The concurrent presence of at least five of the following characteristic symptoms occurring for most of the day, nearly every day, during a period lasting at least 2 weeks is required for diagnosis. At least one symptom from the affective cluster must be present. Assessment of the presence or abse
---
[4] Bulimia nervosa — Essential Features: • Frequent, recurrent episodes of binge eating (e.g. once a week or more over a period of at least 1 month) are required for diagnosis. Binge eating is defined as a discrete period of time (e.g. 2 hours) during which the individual experiences a loss of control over their eating behaviour, and eats 
---
[5] Bulimia nervosa — Boundary with Normality: • Infrequent overeating or feasting during culturally sanctioned holidays or occasional celebrations should not be characterized as binge eating for the purpose of assigning a diagnosis of bulimia nervosa. Similarly, exercise qualifies as inappropriate compensatory behaviour only if it is unusually 
---
[6] Factitious disorder imposed on another — Boundary with Normality: • Some individuals whose loved ones have medical conditions may exaggerate the reports of symptoms to medical professionals in order to get their loved one’s care prioritized, or to access additional treatments they perceive as necessary or potentially beneficial. Factitious disorder imposed on anot
---
[7] Factitious disorder imposed on another — Essential Features: • The presentation is characterized by feigning, falsifying or intentionally inducing medical, psychological or behavioural signs and symptoms or injury in another person – most commonly a child dependent – associated with identified deception. If a pre-existing disorder or disease is present in the
---
[8] Binge-eating disorder — Essential Features: • Frequent, recurrent episodes of binge eating (e.g. once a week or more over a period of 3 months) are required for diagnosis. Binge eating is defined as a discrete period of time (e.g. 2 hours) during which the individual experiences a loss of control over their eating behaviour and eats notably m
---
[9] Binge-eating disorder — Boundary with Normality: • Infrequent overeating or feasting during culturally sanctioned holidays or occasional celebrations should not be characterized as binge eating for the purpose of assigning a diagnosis of binge-eating disorder. • Individuals who report patterns of overeating that do not meet the definition of binge
---
[10] Bulimia nervosa — Essential Features: diabetes, and strenuous exercise to greatly increase energy expenditure. • Excessive preoccupation with body weight or shape is apparent. Preoccupation with weight or shape, when not explicitly reported, may be manifested in behaviours such as repeatedly checking body weight using scales; repeatedly
---
[11] Manic episode — Essential Features: their skill level, or that they are about to become famous – in psychotic presentations of mania, this may be manifested in grandiose delusions); • decreased need for sleep (e.g. the person reports being able to function with only 2 or 3 hours of sleep), as distinct from insomnia, in which an indivi
---
[12] Manic episode — Boundary with Normality: • Periods of euphoric or irritable mood that are entirely contextually appropriate (e.g. euphoria after winning a lottery) should not be considered as meeting the mood component of the diagnostic requirements for a manic episode.",,,,
Phase 1: Best Retriever-BM25-22,BM25,22,normal,normal,"Label: normal
Evidence: ICD-11 chunk [1] says: ""Specific phobia — Boundary with Normality: • In children and adolescents, some fears may be part of normal development (e.g. a young child who is afraid of dogs). Specific phobia should only be diagnosed if the fear or anxiety is excessive in comparison to that of other individuals at a similar developmental level.""
Justification: The post mentions a fear of not taking care of something (""I won't take care of it""), which is a concern that may be related to a specific phobia. However, the statement is not indicative of a clinical disorder and does not meet the diagnostic criteria for any specific mental disorder as outlined in the ICD-11 chunks. The fear is described as a personal concern but not as an excessive or persistent fear that meets the criteria for a specific phobia.","[1] Specific phobia — Boundary with Normality: • In children and adolescents, some fears may be part of normal development (e.g. a young child who is afraid of dogs). Specific phobia should only be diagnosed if the fear or anxiety is excessive in comparison to that of other individuals at a similar developmental level.
---
[2] Specific phobia — Essential Features: • Marked and excessive fear or anxiety that consistently occurs upon exposure or anticipation of exposure to one or more specific objects or situations (e.g. proximity to certain kinds of animals, heights, enclosed spaces, sight of blood or injury), and that is out of proportion to the actual danger
---
[3] Hypomanic episode — Essential Features: from one idea to the next; the person reports that their thoughts are rapid or even racing and has difficulty remaining on a topic); • increased self-esteem or grandiosity (e.g. the individual is more self-confident than usual); • decreased need for sleep (e.g. the person reports needing less sleep 
---
[4] Hypomanic episode — Boundary with Normality: • Hypomanic episodes are often difficult to distinguish from normal periods of elevated mood – for example, related to positive life events – particularly given that hypomanic episodes are not associated with significant functional impairment. In order to be considered a hypomanic episode, the sympt
---
[5] Manic episode — Essential Features: their skill level, or that they are about to become famous – in psychotic presentations of mania, this may be manifested in grandiose delusions); • decreased need for sleep (e.g. the person reports being able to function with only 2 or 3 hours of sleep), as distinct from insomnia, in which an indivi
---
[6] Manic episode — Boundary with Normality: • Periods of euphoric or irritable mood that are entirely contextually appropriate (e.g. euphoria after winning a lottery) should not be considered as meeting the mood component of the diagnostic requirements for a manic episode.
---
[7] Kleptomania — Boundary with Normality: • Stealing behaviour is common, and most individuals who steal do so because they need or want something they cannot afford, as an act of mischief, or as an expression of anger or vengeance. The diagnosis of kleptomania requires that the individual does not need or could afford to buy the stolen ite
---
[8] Kleptomania — Essential Features: • The presentation is characterized by a recurrent failure to control strong impulses to steal objects. • There is a lack of apparent motive for stealing objects (e.g. objects are not acquired for personal use or monetary gain). • The individual experiences increased tension or affective arousal pri
---
[9] Mental and behavioural disorders associated with pregnancy, — Boundary with Normality: • This diagnosis should not be used to describe mild and transient depressive symptoms that do not meet the diagnostic requirements for a depressive episode, which may occur soon after delivery (so-called “postpartum blues” or “baby blues”). • Postpartum depression may be mistaken for baby blues at 
---
[10] Mental and behavioural disorders associated with pregnancy, — Essential Features: • Onset of a syndrome involving significant mental and behavioural features occurring during pregnancy or the puerperium (i.e. up to about 6 weeks following delivery) is required for diagnosis. • The syndrome does not include delusions, hallucinations or other psychotic symptoms. • The symptoms are ",,,,
Phase 1: Best Retriever-BM25-23,BM25,23,normal,normal,"Label: normal
Evidence: [8] says: ""according to the severity of intoxication and the substance involved, and varies from precautionary observation to urgent intervention to prevent death or permanent harm (e.g. administration of antagonist treatment, intubation). Severity of intoxication can be rated as mild (XS5W), moderate (XS0T) or severe (XS25), using extension codes, in addition to the appropriate substance intoxication category. To indicate severity, the code for the appropriate severity level is appended to the substance intoxication diagnostic code using an ampersand (&). For example, “6C43.3&XS25” is the code for opioid intoxication, severe.""
Justification: The post does not mention any substance use or intoxication, and there is no indication of a mental health disorder. The content is about a physical injury and discomfort, which is not related to mental health conditions as per the ICD-11 chunks provided.","[1] Other specified impulse control disorder — Essential Features: substance or medication on the central nervous system (e.g. methamfetamine or dopamine agonists such as pramipexole for Parkinson disease or restless legs syndrome), including substance intoxication and withdrawal effects. • The symptoms result in significant distress or significant impairment in pe
---
[2] Stereotyped movement disorder, unspecified — Boundary with Normality: • Many young children show stereotyped behaviours (e.g. thumb sucking). In older children and adults, repetitive behaviours such as leg shaking, finger drumming/tapping or self- stimulatory behaviours (e.g. masturbation) may be seen in response to boredom. These behaviours are differentiated from st
---
[3] Other specified impulse control disorder — Essential Features: • The presentation is characterized by symptoms that share primary clinical features with other impulse control disorders; that is, persistently repeated behaviours in which there is failure to resist an impulse, drive or urge to perform an act that is rewarding to the person – at least in the short
---
[4] Separation anxiety disorder — Essential Features: • Marked and excessive fear or anxiety about separation from those individuals to whom the person is attached (i.e. with whom the individual has a deep emotional bond) is required for diagnosis. In children and adolescents, key attachment figures that are most commonly the focus of separation anxiet
---
[5] Separation anxiety disorder — Boundary with Normality: • Many situations involving separation are associated with other potential stressors or are normal sources of anxiety (e.g. leaving home to start a job or attend university in a new city). Separation anxiety disorder is differentiated based on the focus of apprehension being on separation from a key
---
[6] Complex post-traumatic stress disorder — Essential Features: deride or have little interest in relationships and social engagement more generally. Alternatively, there may be occasional intense relationships, but the individual has difficulty sustaining them. • The disturbance results in significant impairment in personal, family, social, educational, occupat
---
[7] Complex post-traumatic stress disorder — Boundary with Normality: • A history of exposure to a stressor of extreme and prolonged or repetitive nature, from which escape is difficult or impossible, does not in itself indicate the presence of complex post- traumatic stress disorder. Many people experience such stressors without developing any disorder. Rather, the p
---
[8] Intoxication due to unknown or unspecified psychoactive substances — Essential Features: according to the severity of intoxication and the substance involved, and varies from precautionary observation to urgent intervention to prevent death or permanent harm (e.g. administration of antagonist treatment, intubation). Severity of intoxication can be rated as mild (XS5W), moderate (XS0T) o
---
[9] Intoxication due to unknown or unspecified psychoactive substances — Boundary with Normality: • Measurement of the presence or concentration of a substance in breath, blood, saliva, urine or other body fluids may be an important tool in the clinical management of substance intoxication. However, detection of a psychoactive substance in body fluids does not constitute a presumptive diagnosis 
---
[10] Complex post-traumatic stress disorder — Essential Features: and feel themselves or others close to them to be under immediate threat either in specific situations or more generally. They may adopt new behaviours designed to ensure safety (e.g. not sitting with their back to the door, repeatedly checking in vehicles’ rear-view mirrors). In complex post-trauma",,,,
Phase 1: Best Retriever-BM25-24,BM25,24,normal,normal,"Label: normal
Evidence: [2] says: ""Infrequent overeating or feasting during culturally sanctioned holidays or occasional celebrations should not be characterized as binge eating for the purpose of assigning a diagnosis of binge-eating disorder.""
Justification: The post describes a romantic scenario where the person is eating at a warteg, which is a culturally sanctioned celebration. The behavior does not meet the criteria for binge-eating disorder as it is not recurrent, inappropriate compensatory behaviors, or significant distress. The post does not indicate any harmful or disruptive behavior, and the context is socially acceptable.","[1] Other specified feeding and eating disorder — Essential Features: • The presentation is characterized by abnormal eating or feeding behaviours. • The symptoms do not fulfil the diagnostic requirements for any other disorder in the feeding and eating disorders grouping. Feeding and eating disorders | Other specified feeding and eating disorder Feeding and eating di
---
[2] Binge-eating disorder — Boundary with Normality: • Infrequent overeating or feasting during culturally sanctioned holidays or occasional celebrations should not be characterized as binge eating for the purpose of assigning a diagnosis of binge-eating disorder. • Individuals who report patterns of overeating that do not meet the definition of binge
---
[3] Binge-eating disorder — Essential Features: • Frequent, recurrent episodes of binge eating (e.g. once a week or more over a period of 3 months) are required for diagnosis. Binge eating is defined as a discrete period of time (e.g. 2 hours) during which the individual experiences a loss of control over their eating behaviour and eats notably m
---
[4] Bulimia nervosa — Essential Features: • Frequent, recurrent episodes of binge eating (e.g. once a week or more over a period of at least 1 month) are required for diagnosis. Binge eating is defined as a discrete period of time (e.g. 2 hours) during which the individual experiences a loss of control over their eating behaviour, and eats 
---
[5] Bulimia nervosa — Boundary with Normality: • Infrequent overeating or feasting during culturally sanctioned holidays or occasional celebrations should not be characterized as binge eating for the purpose of assigning a diagnosis of bulimia nervosa. Similarly, exercise qualifies as inappropriate compensatory behaviour only if it is unusually 
---
[6] Pica — Boundary with Normality: • It is normal for infants and very young children to put non-food objects in their mouths as a means of sensory exploration. The diagnosis of pica should not be applied to this phenomenon. Feeding and eating disorders | Pica Feeding and eating disorders 415 • Many pregnant women crave or eat non-nu
---
[7] Pica — Essential Features: • Regular consumption of non-nutritive substances, such as non-food objects and materials (e.g. clay, soil, chalk, plaster, plastic, metal and paper), or raw food ingredients (e.g. large quantities of salt or corn flour) is required for diagnosis. • The ingestion of non-nutritive substances is persi
---
[8] Kleptomania — Boundary with Normality: • Stealing behaviour is common, and most individuals who steal do so because they need or want something they cannot afford, as an act of mischief, or as an expression of anger or vengeance. The diagnosis of kleptomania requires that the individual does not need or could afford to buy the stolen ite
---
[9] Kleptomania — Essential Features: • The presentation is characterized by a recurrent failure to control strong impulses to steal objects. • There is a lack of apparent motive for stealing objects (e.g. objects are not acquired for personal use or monetary gain). • The individual experiences increased tension or affective arousal pri
---
[10] Bulimia nervosa — Essential Features: diabetes, and strenuous exercise to greatly increase energy expenditure. • Excessive preoccupation with body weight or shape is apparent. Preoccupation with weight or shape, when not explicitly reported, may be manifested in behaviours such as repeatedly checking body weight using scales; repeatedly
---
[11] Binge-eating disorder — Essential Features: family, social, educational, occupational or other important areas of functioning. During the earlier phases of the disorder, symptoms may be concealed and functioning maintained through significant additional effort. Feeding and eating disorders | Binge-eating disorder 408 Clinical Descriptions and",,,,
Phase 1: Best Retriever-BM25-25,BM25,25,normal,normal,"Label: normal
Evidence: ICD-11 chunk [3] says: ""their mind elsewhere; losing things; being forgetful in daily activities; having difficulty remembering to complete upcoming daily tasks or activities; having difficulty planning, managing and organizing schoolwork, tasks and other activities. Note: inattention may not be evident when the individual is engaged in activities that provide intense stimulation and frequent rewards. Hyperactivity-impulsivity Several symptoms of hyperactivity-impulsivity that are persistent and sufficiently severe that they have a direct negative impact on academic, occupational or social functioning are among the essential components. These tend to be most evident in structured situations that require behavioural self-control. Symptoms are typically from the following clusters: showing excessive motor activity; leaving their seat when expected to sit still; often running about; having difficulty sitting still without fidgeting (younger children); displaying feelings of physical restlessness and a sense of discomfort with being quiet or sitting still (adolescents and adults); having difficulty engaging in activities quietly; talking too much; ...""
Justification: The post is a statement about waiting for a comeback and expressing frustration, which does not indicate any mental health disorder based on the provided ICD-11 chunks. The text does not show any symptoms consistent with depression, suicidal behavior, or other specified disorders of bodily distress or bodily experience. The content is neutral and does not meet the criteria for any of the listed disorders.","[1] Kleptomania — Boundary with Normality: • Stealing behaviour is common, and most individuals who steal do so because they need or want something they cannot afford, as an act of mischief, or as an expression of anger or vengeance. The diagnosis of kleptomania requires that the individual does not need or could afford to buy the stolen ite
---
[2] Kleptomania — Essential Features: • The presentation is characterized by a recurrent failure to control strong impulses to steal objects. • There is a lack of apparent motive for stealing objects (e.g. objects are not acquired for personal use or monetary gain). • The individual experiences increased tension or affective arousal pri
---
[3] Attention deficit hyperactivity disorder — Essential Features: their mind elsewhere; • losing things; being forgetful in daily activities; having difficulty remembering to complete upcoming daily tasks or activities; having difficulty planning, managing and organizing schoolwork, tasks and other activities. Note: inattention may not be evident when the individu
---
[4] Chronic phonic tic disorder — Essential Features: • The persistent presence of phonic tics is required for diagnosis. • Phonic tics are defined as sudden, rapid, non-rhythmic and recurrent vocalizations. • Phonic tics have been present for at least 1 year, with onset during the developmental period. 158 Clinical Descriptions and Diagnostic Requirem
---
[5] Other specified disorder of bodily distress or bodily experience — Essential Features: • The presentation is characterized by disturbances in the person’s experience of their body that share primary clinical features with other disorders of bodily distress or bodily experience (e.g. distressing bodily symptoms to which excessive attention is directed, or intense feelings of inappropri
---
[6] Paraphilic disorder involving solitary behaviour or consenting — Boundary with Normality: arousal pattern involving consenting adults or solitary behaviour is entirely attributable to rejection or feared rejection of the arousal pattern by others (e.g. a partner, family, society), a diagnosis of paraphilic disorder involving solitary behaviour or consenting individuals should not be assi
---
[7] Paraphilic disorder involving solitary behaviour or consenting — Essential Features: • A sustained, focused and intense pattern of atypical sexual arousal – as manifested in sexual thoughts, fantasies, urges or behaviours – that involves consenting adults or solitary behaviour is required for diagnosis. • One of the following two elements must be present. • The individual is markedl",,,,
Phase 1: Best Retriever-BM25-26,BM25,26,normal,normal,"Label: normal
Evidence: ICD-11 chunk [9] says: ""Engaging in political protests should not be regarded as indicating the presence of conduct-dissocial disorder. The behaviours that contribute to a diagnosis of conduct-dissocial disorder can include criminal offences, and may entail legal or disciplinary repercussions – particularly for adolescents and adults. At the same time, many individuals who commit such criminal offences do not exhibit a persistent and recurrent pattern of antisocial behaviour in which the basic rights of others or major age-appropriate social or cultural norms, rules or laws are violated. Criminal behaviours may occur impulsively or opportunistically, or in relation to substance use or intoxication. Clinical assessment and diagnosis should focus on the broader pattern of behaviour rather than solely on the criminality of specific behaviours or incidents.""
Justification: The post mentions ""basic math getting their discord = wanting the D,"" which is a metaphorical expression. There is no mention of any medical conditions, symptoms, or behaviors that would meet the criteria for any of the listed ICD-11 disorders. The statement does not provide any evidence of a mental health condition, and the context is unclear. Therefore, the label is ""normal"" as there is no indication of a mental health condition.","[1] Factitious disorder imposed on another — Boundary with Normality: • Some individuals whose loved ones have medical conditions may exaggerate the reports of symptoms to medical professionals in order to get their loved one’s care prioritized, or to access additional treatments they perceive as necessary or potentially beneficial. Factitious disorder imposed on anot
---
[2] Factitious disorder imposed on another — Essential Features: • The presentation is characterized by feigning, falsifying or intentionally inducing medical, psychological or behavioural signs and symptoms or injury in another person – most commonly a child dependent – associated with identified deception. If a pre-existing disorder or disease is present in the
---
[3] Kleptomania — Boundary with Normality: • Stealing behaviour is common, and most individuals who steal do so because they need or want something they cannot afford, as an act of mischief, or as an expression of anger or vengeance. The diagnosis of kleptomania requires that the individual does not need or could afford to buy the stolen ite
---
[4] Kleptomania — Essential Features: • The presentation is characterized by a recurrent failure to control strong impulses to steal objects. • There is a lack of apparent motive for stealing objects (e.g. objects are not acquired for personal use or monetary gain). • The individual experiences increased tension or affective arousal pri
---
[5] Reactive attachment disorder — Essential Features: • A history of grossly insufficient care is required for diagnosis, which may include: • persistent disregard for the child’s basic emotional needs for comfort, stimulation and affection; • persistent disregard for the child’s basic physical needs; • repeated changes of primary caregivers (e.g. freq
---
[6] Reactive attachment disorder — Boundary with Normality: • Many children without a diagnosis of reactive attachment disorder show transient reductions of attachment behaviours towards a parent or caregiver as a normal part of development. In contrast, children with reactive attachment disorder exhibit markedly atypical social responses towards caregivers 
---
[7] Disinhibited social engagement disorder — Essential Features: • A history of grossly insufficient care of a child is required for diagnosis, which may include: • persistent disregard for the child’s basic emotional needs for comfort, stimulation and affection; • persistent disregard for the child’s basic physical needs; • repeated changes of primary caregivers
---
[8] Disinhibited social engagement disorder — Boundary with Normality: • Children vary greatly in their temperamental features, and disinhibited social engagement disorder should be distinguished from the ebullience associated with an outgoing temperamental style. Distinguishing features of the disinhibited social engagement disorder are the dysfunctional nature of the
---
[9] Conduct-dissocial disorder, unspecified — Boundary with Normality: • Engaging in political protests should not be regarded as indicating the presence of conduct- dissocial disorder. • The behaviours that contribute to a diagnosis of conduct-dissocial disorder can include criminal offences, and may entail legal or disciplinary repercussions – particularly for adoles",,,,
Phase 1: Best Retriever-BM25-27,BM25,27,normal,normal,"Label: normal  
Evidence: [2] says: ""Daily gaming behaviour as a part of a routine or the use of gaming for purposes such as developing skills and proficiency in gaming, changing mood, alleviating boredom or facilitating social interaction in the absence of the other required features is not a sufficient basis for assigning a diagnosis of gaming disorder.""  
Justification: The post mentions ""reindeer game"" which is a gaming activity, but there is no indication of impaired control over gaming behavior, increasing priority given to gaming over other life interests, or continuation of gaming despite negative consequences. The statement is neutral and does not reflect a mental health disorder.","[1] Gaming disorder — Essential Features: • A persistent pattern of gaming behaviour (“digital gaming” or “video gaming”) – which may be predominantly online (i.e. over the internet or similar electronic networks) or offline – is required for diagnosis, manifested in all of the following: • impaired control over gaming behaviour (e.g. onset
---
[2] Gaming disorder, unspecified — Boundary with Normality: • Gaming disorder should not be diagnosed merely on the basis of repeated or persistent gaming (online or offline) in the absence of the other characteristic features of the disorder. • Daily gaming behaviour as a part of a routine or the use of gaming for purposes such as developing skills and prof
---
[3] Autism spectrum disorder — Essential Features: clearly atypical or excessive for the individual’s age and sociocultural context are an essential component. These may include: • lack of adaptability to new experiences and circumstances, with associated distress, that can be evoked by trivial changes to a familiar environment or in response to una
---
[4] Autism spectrum disorder — Boundary with Normality: Social interaction skills Typically developing individuals vary in the pace and extent to which they acquire and master skills of reciprocal social interaction and social communication. A diagnosis of autism spectrum disorder should only be considered if there is marked and persistent deviation from
---
[5] Trichotillomania (hair-pulling disorder) — Boundary with Normality: • Occasional pulling of a grey or out-of-place hair is normal and done by most people at some time in their lives. Many individuals also twist and play with their hair, whereas others may bite or tear rather than pull their hair; these behaviours do not qualify for a diagnosis of trichotillomania. T
---
[6] Trichotillomania (hair-pulling disorder) — Essential Features: • The presentation is characterized by: • recurrent pulling of the individual’s hair; • unsuccessful attempts to stop or decrease hair pulling; • significant hair loss results from pulling behaviour. • The symptoms result in significant distress or significant impairment in personal, family, social,
---
[7] Attention deficit hyperactivity disorder — Essential Features: their mind elsewhere; • losing things; being forgetful in daily activities; having difficulty remembering to complete upcoming daily tasks or activities; having difficulty planning, managing and organizing schoolwork, tasks and other activities. Note: inattention may not be evident when the individu
---
[8] Autism spectrum disorder — Boundary with Normality: peers. Early language delay alone is not strongly indicative of autism spectrum disorder unless there is also evidence of limited motivation for social communication and limited interaction skills. An essential feature of autism spectrum disorder is persistent impairment in the ability to understand",,,,
Phase 1: Best Retriever-BM25-28,BM25,28,normal,normal,"Label: normal  
Evidence: [4] (Dysthymic disorder — Boundary with Normality) says: ""Some depressed mood is a normal reaction to severe adverse life events and problems, and is common in the community. Dysthymic disorder is differentiated from this common experience by the severity, range and duration of symptoms.""  
Justification: The post mentions a situation of being ""just booted into window to upload something since internet is even worse under ubuntu,"" which reflects a temporary technical issue rather than a persistent emotional state. The statement does not indicate a depressive episode, nor is there any mention of significant distress or impairment. Therefore, it does not meet the criteria for dysthymic disorder or depression.","[1] Kleptomania — Boundary with Normality: • Stealing behaviour is common, and most individuals who steal do so because they need or want something they cannot afford, as an act of mischief, or as an expression of anger or vengeance. The diagnosis of kleptomania requires that the individual does not need or could afford to buy the stolen ite
---
[2] Kleptomania — Essential Features: • The presentation is characterized by a recurrent failure to control strong impulses to steal objects. • There is a lack of apparent motive for stealing objects (e.g. objects are not acquired for personal use or monetary gain). • The individual experiences increased tension or affective arousal pri
---
[3] Dysthymic disorder — Essential Features: since the onset of the disorder. • There is no history of manic, mixed or hypomanic episodes, which would indicate the presence of a bipolar or related disorder. • The symptoms are not a manifestation of another medical condition (e.g. hypothyroidism), and are not due to the effects of a substance o
---
[4] Dysthymic disorder — Boundary with Normality: • Some depressed mood is a normal reaction to severe adverse life events and problems, and is common in the community. Dysthymic disorder is differentiated from this common experience by the severity, range and duration of symptoms. Assessment of the presence or absence of signs or symptoms should b
---
[5] Gambling disorder — Essential Features: • A persistent pattern of gambling behaviour – which may be predominantly online (i.e. over the internet or similar electronic networks) or offline – is required for diagnosis, manifested in all of the following: • impaired control over gambling behaviour (e.g. onset, frequency, intensity, duration,
---
[6] Social anxiety disorder — Essential Features: • Marked and excessive fear or anxiety that occurs consistently in one or more social situations such as social interactions (e.g. having a conversation), doing something while feeling observed (e.g. eating or drinking in the presence of others) or performing in front of others (e.g. giving a speech
---
[7] Social anxiety disorder — Boundary with Normality: • Social anxiety disorder can be differentiated from normal developmental fears (e.g. a child’s reluctance to interact with unfamiliar people in novel situations) by fear and anxiety reactions that are typically excessive, interfere with functioning, and persist over time (e.g. lasting more than sev
---
[8] Conduct-dissocial disorder — Essential Features: • A repetitive and persistent pattern of behaviour in which the basic rights of others or major age-appropriate social or cultural norms, rules or laws are violated is required for diagnosis. Typically, multiple behaviours are involved, including one or more of the following: • aggression towards pe
---
[9] Dysthymic disorder — Essential Features: • Persistent depressed mood (i.e. lasting 2 years or more), for most of the day, for more days than not, as reported by the individual (e.g. feeling down, sad) or as observed (e.g. tearful, defeated appearance), is required for diagnosis. In children and adolescents depressed mood can manifest as pe",,,,
Phase 1: Best Retriever-BM25-29,BM25,29,normal,normal,"Label: normal
Evidence: [10] says: ""In disorders of intellectual development, a measure of intelligence quotient (IQ) is not an isolated diagnostic requirement to distinguish disorder from normality, but should be considered a proxy measure of the “significant limitations in intellectual functioning” that partially characterize disorders of intellectual development. IQ scores may vary as a result of the technical properties of the specific test being used, the testing conditions and a variety of other variables, and also can vary substantially over the individual’s development and life-course. The diagnosis of disorders of intellectual development should not be made solely based on IQ scores but must also include a comprehensive evaluation of adaptive behaviour.""
Justification: The post does not indicate any mental health disorder, nor does it suggest any symptoms consistent with depression, suicidal ideation, or other mental health conditions. The statement is neutral and does not reflect any clinical indicators.","[1] Disorder of intellectual development, unspecified — Boundary with Normality: intellectual development from normality when evaluating people with communication, sensory or motor impairments; those exhibiting behavioural disturbances; immigrants; people with low literacy levels; people with mental disorders; people undergoing medical treatments (e.g. pharmacotherapy); and peop
---
[2] Depersonalization-derealization disorder — Essential Features: • Persistent or recurrent experiences of either depersonalization or derealization, or of both symptoms, are required for diagnosis. • Depersonalization is characterized by experiencing the self as strange or unreal, or by feeling detached from – or as though one were an outside observer of – one’s 
---
[3] Depersonalization-derealization disorder — Boundary with Normality: • Transient feelings of depersonalization or derealization may be experienced when under stress, during extreme emotional states or exhaustion, when physically ill, or under the influence of substances. Unlike depersonalization-derealization disorder, such experiences typically remit when these emot
---
[4] Post-traumatic stress disorder — Essential Features: thematically related to the traumatic event. Re-experiencing is typically accompanied by strong or overwhelming emotions, such as fear or horror, and strong physical sensations. Re-experiencing in the present can also involve feelings of being overwhelmed or immersed in the same intense emotions tha
---
[5] Post-traumatic stress disorder — Boundary with Normality: • A history of exposure to an event or situation of an extremely threatening or horrific nature does not in itself indicate the presence of post-traumatic stress disorder. Many people experience such stressors without developing a disorder. Rather, the presentation must meet all diagnostic requireme
---
[6] Complex post-traumatic stress disorder — Essential Features: are thematically related to the traumatic event. Re-experiencing is typically accompanied by strong or overwhelming emotions, such as fear or horror, and strong physical sensations. Re-experiencing in the present can also involve feelings of being overwhelmed or immersed in the same intense emotions
---
[7] Complex post-traumatic stress disorder — Boundary with Normality: • A history of exposure to a stressor of extreme and prolonged or repetitive nature, from which escape is difficult or impossible, does not in itself indicate the presence of complex post- traumatic stress disorder. Many people experience such stressors without developing any disorder. Rather, the p
---
[8] Pyromania — Boundary with Normality: • Intentional fire setting can occur for a variety of reasons. Individuals may set fires for profit or to conceal a crime, as an act of revenge, to commit sabotage or make a political statement, or to attract recognition (e.g. deliberately setting a fire to then be the first one to discover it and p
---
[9] Pyromania — Essential Features: • The presentation is characterized by a recurrent failure to control strong impulses to set fires, resulting in multiple acts of, or attempts at, setting fire to property or other objects. • There is a lack of apparent motive (e.g. monetary gain, revenge, sabotage, political statement, attracting r
---
[10] Disorder of intellectual development, unspecified — Boundary with Normality: • In disorders of intellectual development, a measure of intelligence quotient (IQ) is not an isolated diagnostic requirement to distinguish disorder from normality, but should be considered a proxy measure of the “significant limitations in intellectual functioning” that partially characterize diso",,,,
Phase 1: Best Retriever-Dense-0,Dense,0,suicidal,suicidal,"Label: suicidal
Evidence: [3] (Depressive episode — Essential Features) • The concurrent presence of at least five of the following characteristic symptoms occurring for most of the day, nearly every day, during a period lasting at least 2 weeks is required for diagnosis. At least one symptom from the affective cluster must be present. Assessment of the presence or absence of symptoms should be made relative to typical functioning of the individual. Affective cluster • Depressed mood as reported by the individual (e.g. feeling down, sad) or as observed (e.g. tearful, defeated appearance) (Note: in children and adolescents depressed mood can manifest as irritability.) • Markedly diminished interest or pleasure in activities, especially those normally found to be enjoyable to the individual (Note: this may include a reduction in sexual desire.) Cognitive-behavioural cluster • Reduced ability to concentrate and sustain attention on tasks, or marked indecisiveness • Beliefs of low self-worth or excessive and inappropriate guilt that may be manifestly delusional (Note: this item should not be considered present if guilt or self-reproach is exclusively about being depressed.) • Hopelessness about the future • Recurrent thoughts of death (not just fear of dying), recurrent suicidal ideation (with or without a specific plan), or evidence of attempted suicide Mood disorders 213 Neurovegetative cluster • Significantly disrupted sleep (delayed sleep onset, increased frequency of waking during the night, or early morning
Justification: The post contains a recurrent thought of death and recurrent suicidal ideation, which aligns with the diagnostic criteria for a depressive episode. The individual is expressing a desire to end their life and is seeking a more efficient method, which is indicative of a depressive episode. The mention of a specific plan to end their life supports the diagnosis of a depressive episode.","[1] Stereotyped movement disorder — Essential Features: • The persistent (e.g. lasting for several months) presence of voluntary, repetitive, stereotyped, apparently purposeless and often rhythmic movements (e.g. body rocking, hand flapping, head banging, eye poking and hand biting) that are not caused by the direct physiological effects of a substance o
---
[2] Stereotyped movement disorder, unspecified — Boundary with Normality: • Many young children show stereotyped behaviours (e.g. thumb sucking). In older children and adults, repetitive behaviours such as leg shaking, finger drumming/tapping or self- stimulatory behaviours (e.g. masturbation) may be seen in response to boredom. These behaviours are differentiated from st
---
[3] Depressive episode — Essential Features: • The concurrent presence of at least five of the following characteristic symptoms occurring for most of the day, nearly every day, during a period lasting at least 2 weeks is required for diagnosis. At least one symptom from the affective cluster must be present. Assessment of the presence or abse
---
[4] Depressive episode — Boundary with Normality: • Some depression of mood is a normal reaction to severe adverse life events and problems (e.g. divorce, job loss), and is common in the community. A depressive episode is differentiated from this common experience by the severity, range and duration of symptoms. If the diagnostic requirements for a
---
[5] Prolonged grief disorder — Boundary with Normality: • An individual experiencing a grief reaction that is within a normative period given their cultural and religious context is considered to be experiencing normal bereavement, and should not be assigned a diagnosis of prolonged grief disorder. It is often important to consider whether other people w
---
[6] Prolonged grief disorder — Essential Features: • A history of bereavement following the death of a partner, parent, child or other person close to the bereaved is required for diagnosis. Disorders specifically associated with stress | Prolonged grief disorder Disorders specifically associated with stress 349 • A persistent and pervasive grief re
---
[7] Intermittent explosive disorder — Essential Features: • The presentation is characterized by a pattern of recurrent, brief, explosive episodes involving verbal aggression (e.g. verbally attacking another person, temper outbursts, yelling) or physical aggression in an individual who is at least 6 years of age – when inhibition of angry outbursts is expe
---
[8] Intermittent explosive disorder — Boundary with Normality: • Aggressive outbursts – particularly verbal ones – are common, especially when an individual is under stress, and are not in themselves indicative of psychopathology. The mere occurrence of one or two isolated explosive episodes is not sufficient for the diagnosis, regardless of the severity or con
---
[9] Intermittent explosive disorder — Essential Features: more times per week) should be used for episodes characterized by verbal aggression or non-assaultive and non-destructive physical aggression. • The aggressive behaviours are clearly impulsive or reactive in nature, and represent a failure to control aggressive impulse. That is, the aggressive acts ",,,,
Phase 1: Best Retriever-Dense-1,Dense,1,suicidal,suicidal,"Label: suicidal|depression
Evidence: [10] (Depressive episode — Essential Features) says: ""The concurrent presence of at least five of the following characteristic symptoms occurring for most of the day, nearly every day, during a period lasting at least 2 weeks is required for diagnosis. At least one symptom from the affective cluster must be present. Assessment of the presence or absence of symptoms should be made relative to typical functioning of the individual. Affective cluster • Depressed mood as reported by the individual (e.g. feeling down, sad) or as observed (e.g. tearful, defeated appearance) (Note: in children and adolescents depressed mood can manifest as irritability.) • Markedly diminished interest or pleasure in activities, especially those normally found to be enjoyable to the individual (Note: this may include a reduction in sexual desire.) Cognitive-behavioural cluster • Reduced ability to concentrate and sustain attention on tasks, or marked indecisiveness • Beliefs of low self-worth or excessive and inappropriate guilt that may be manifestly delusional (Note: this item should not be considered present if guilt or self-reproach is exclusively about being depressed.) • Hopelessness about the future • Recurrent thoughts of death (not just fear of dying), recurrent suicidal ideation (with or without a specific plan), or evidence of attempted suicide Mood disorders 213 Neurovegetative cluster • Significantly disrupted sleep (delayed sleep onset, increased frequency of waking during the night, or early morning awakening) or excessive sleep • Significant change in appetite (diminished or increased) or significant weight change (gain or loss) • Psychomotor agitation or retardation (observable by others, not merely subjective feelings of restlessness or being slowed down) • Reduced energy, fatigue or marked tiredness following the expenditure of only a minimum of effort • The symptoms are not better accounted for by bereavement. • The symptoms are not a manifestation of another medical condition (e.g. a brain tumour), and are not due to the effects of a substance or medication on the central nervous system (e.g. benzodiazepines), including withdrawal effects (e.g. from stimulants). • The clinical presentation does not fulfil the diagnostic requirements for a mixed episode. • The mood disturbance results in significant impairment in personal, family, social, educational, occupational or other important areas of functioning. If functioning is maintained, it is only through significant additional effort.""
Justification: The post describes a profound sense of isolation","[1] Depressive episode — Essential Features: suicidal ideation (with or without a specific plan), or evidence of attempted suicide Mood disorders 213 Neurovegetative cluster • Significantly disrupted sleep (delayed sleep onset, increased frequency of waking during the night, or early morning awakening) or excessive sleep • Significant change i
---
[2] Depressive episode — Boundary with Normality: • Some depression of mood is a normal reaction to severe adverse life events and problems (e.g. divorce, job loss), and is common in the community. A depressive episode is differentiated from this common experience by the severity, range and duration of symptoms. If the diagnostic requirements for a
---
[3] Complex post-traumatic stress disorder — Essential Features: and feel themselves or others close to them to be under immediate threat either in specific situations or more generally. They may adopt new behaviours designed to ensure safety (e.g. not sitting with their back to the door, repeatedly checking in vehicles’ rear-view mirrors). In complex post-trauma
---
[4] Complex post-traumatic stress disorder — Boundary with Normality: • A history of exposure to a stressor of extreme and prolonged or repetitive nature, from which escape is difficult or impossible, does not in itself indicate the presence of complex post- traumatic stress disorder. Many people experience such stressors without developing any disorder. Rather, the p
---
[5] Dysthymic disorder — Boundary with Normality: • Some depressed mood is a normal reaction to severe adverse life events and problems, and is common in the community. Dysthymic disorder is differentiated from this common experience by the severity, range and duration of symptoms. Assessment of the presence or absence of signs or symptoms should b
---
[6] Dysthymic disorder — Essential Features: • Persistent depressed mood (i.e. lasting 2 years or more), for most of the day, for more days than not, as reported by the individual (e.g. feeling down, sad) or as observed (e.g. tearful, defeated appearance), is required for diagnosis. In children and adolescents depressed mood can manifest as pe
---
[7] Depersonalization-derealization disorder — Boundary with Normality: • Transient feelings of depersonalization or derealization may be experienced when under stress, during extreme emotional states or exhaustion, when physically ill, or under the influence of substances. Unlike depersonalization-derealization disorder, such experiences typically remit when these emot
---
[8] Depersonalization-derealization disorder — Essential Features: • Persistent or recurrent experiences of either depersonalization or derealization, or of both symptoms, are required for diagnosis. • Depersonalization is characterized by experiencing the self as strange or unreal, or by feeling detached from – or as though one were an outside observer of – one’s 
---
[9] Dysthymic disorder — Essential Features: since the onset of the disorder. • There is no history of manic, mixed or hypomanic episodes, which would indicate the presence of a bipolar or related disorder. • The symptoms are not a manifestation of another medical condition (e.g. hypothyroidism), and are not due to the effects of a substance o
---
[10] Depressive episode — Essential Features: • The concurrent presence of at least five of the following characteristic symptoms occurring for most of the day, nearly every day, during a period lasting at least 2 weeks is required for diagnosis. At least one symptom from the affective cluster must be present. Assessment of the presence or abse
---
[11] Prolonged grief disorder — Essential Features: • A history of bereavement following the death of a partner, parent, child or other person close to the bereaved is required for diagnosis. Disorders specifically associated with stress | Prolonged grief disorder Disorders specifically associated with stress 349 • A persistent and pervasive grief re
---
[12] Prolonged grief disorder — Boundary with Normality: • An individual experiencing a grief reaction that is within a normative period given their cultural and religious context is considered to be experiencing normal bereavement, and should not be assigned a diagnosis of prolonged grief disorder. It is often important to consider whether other people w
---
[13] Depersonalization-derealization disorder — Essential Features: or Neurodevelopmental Disorders • The symptoms are not due to the effects of a substance or medication on the central nervous system (including withdrawal effects) and are not due to a disease of the nervous system (e.g. temporal lobe epilepsy), head trauma or another medical condition. • The sympto
---
[14] Depressive episode — Boundary with Normality: a depressive episode can be superimposed on normal grief. The presence of a depressive episode during a period of bereavement is suggested by persistence of constant depressive symptoms 1 month or more following the loss (i.e. there are no periods of positive mood or enjoyment of activities); severe
---
[15] Complex post-traumatic stress disorder — Essential Features: deride or have little interest in relationships and social engagement more generally. Alternatively, there may be occasional intense relationships, but the individual has difficulty sustaining them. • The disturbance results in significant impairment in personal, family, social, educational, occupat
---
[16] Complex post-traumatic stress disorder — Essential Features: • Exposure to an event or series of events of an extremely threatening or horrific nature – most commonly prolonged or repetitive events from which escape is difficult or impossible – is required for diagnosis. Such events include, but are not limited to, torture, concentration camps, slavery, genoc",,,,
Phase 1: Best Retriever-Dense-2,Dense,2,suicidal,suicidal,"Label: suicidal|depression
Evidence: [3] (Depressive episode — Essential Features) • suicidal ideation (with or without a specific plan), or evidence of attempted suicide
Justification: The post contains expressions of despair, a sense of hopelessness, and a desire to ""leave gracefully,"" which align with the criteria for a depressive episode as defined in ICD-11. The mention of suicidal ideation and the context of societal pressures and a lack of support further support the classification of depression.","[1] Dysthymic disorder — Boundary with Normality: • Some depressed mood is a normal reaction to severe adverse life events and problems, and is common in the community. Dysthymic disorder is differentiated from this common experience by the severity, range and duration of symptoms. Assessment of the presence or absence of signs or symptoms should b
---
[2] Dysthymic disorder — Essential Features: • Persistent depressed mood (i.e. lasting 2 years or more), for most of the day, for more days than not, as reported by the individual (e.g. feeling down, sad) or as observed (e.g. tearful, defeated appearance), is required for diagnosis. In children and adolescents depressed mood can manifest as pe
---
[3] Depressive episode — Essential Features: suicidal ideation (with or without a specific plan), or evidence of attempted suicide Mood disorders 213 Neurovegetative cluster • Significantly disrupted sleep (delayed sleep onset, increased frequency of waking during the night, or early morning awakening) or excessive sleep • Significant change i
---
[4] Depressive episode — Boundary with Normality: • Some depression of mood is a normal reaction to severe adverse life events and problems (e.g. divorce, job loss), and is common in the community. A depressive episode is differentiated from this common experience by the severity, range and duration of symptoms. If the diagnostic requirements for a
---
[5] Premenstrual dysphoric disorder — Boundary with Normality: • Mild mood changes (e.g. increased emotional lability, irritability, subjective tension) that occur during late luteal or menstrual phase of the cycle for many women should not be labelled as premenstrual dysphoric disorder. In contrast to premenstrual dysphoric disorder, these symptoms are less in
---
[6] Premenstrual dysphoric disorder — Essential Features: • During a majority of menstrual cycles within the past year, a pattern of mood, somatic or cognitive symptoms is present that begins several days before the onset of menses, starts to improve within a few days after the onset of menses, and then becomes minimal or absent within approximately 1 week
---
[7] Depressive episode — Boundary with Normality: a depressive episode can be superimposed on normal grief. The presence of a depressive episode during a period of bereavement is suggested by persistence of constant depressive symptoms 1 month or more following the loss (i.e. there are no periods of positive mood or enjoyment of activities); severe
---
[8] Dysthymic disorder — Essential Features: since the onset of the disorder. • There is no history of manic, mixed or hypomanic episodes, which would indicate the presence of a bipolar or related disorder. • The symptoms are not a manifestation of another medical condition (e.g. hypothyroidism), and are not due to the effects of a substance o
---
[9] Depersonalization-derealization disorder — Boundary with Normality: • Transient feelings of depersonalization or derealization may be experienced when under stress, during extreme emotional states or exhaustion, when physically ill, or under the influence of substances. Unlike depersonalization-derealization disorder, such experiences typically remit when these emot
---
[10] Depersonalization-derealization disorder — Essential Features: • Persistent or recurrent experiences of either depersonalization or derealization, or of both symptoms, are required for diagnosis. • Depersonalization is characterized by experiencing the self as strange or unreal, or by feeling detached from – or as though one were an outside observer of – one’s 
---
[11] Complex post-traumatic stress disorder — Essential Features: and feel themselves or others close to them to be under immediate threat either in specific situations or more generally. They may adopt new behaviours designed to ensure safety (e.g. not sitting with their back to the door, repeatedly checking in vehicles’ rear-view mirrors). In complex post-trauma
---
[12] Complex post-traumatic stress disorder — Boundary with Normality: • A history of exposure to a stressor of extreme and prolonged or repetitive nature, from which escape is difficult or impossible, does not in itself indicate the presence of complex post- traumatic stress disorder. Many people experience such stressors without developing any disorder. Rather, the p
---
[13] Depressive episode — Essential Features: • The concurrent presence of at least five of the following characteristic symptoms occurring for most of the day, nearly every day, during a period lasting at least 2 weeks is required for diagnosis. At least one symptom from the affective cluster must be present. Assessment of the presence or abse
---
[14] Depersonalization-derealization disorder — Essential Features: or Neurodevelopmental Disorders • The symptoms are not due to the effects of a substance or medication on the central nervous system (including withdrawal effects) and are not due to a disease of the nervous system (e.g. temporal lobe epilepsy), head trauma or another medical condition. • The sympto
---
[15] Premenstrual dysphoric disorder — Essential Features: not due to the effects of a substance or medication on the central nervous system (e.g. hormone treatment, alcohol), including withdrawal effects (e.g. from stimulants). • The symptoms result in significant distress or significant impairment in personal, family, social, educational, occupational or ",,,,
Phase 1: Best Retriever-Dense-3,Dense,3,suicidal,depression,"Label: depressive
Evidence: [3] (Depressive episode — Essential Features) • The concurrent presence of at least five of the following characteristic symptoms occurring for most of the day, nearly every day, during a period lasting at least 2 weeks is required for diagnosis. At least one symptom from the affective cluster must be present. Assessment of the presence or absence of symptoms should be made relative to typical functioning of the individual. Affective cluster • Depressed mood as reported by the individual (e.g. feeling down, sad) or as observed (e.g. tearful, defeated appearance) (Note: in children and adolescents depressed mood can manifest as irritability.) • Markedly diminished interest or pleasure in activities, especially those normally found to be enjoyable to the individual (Note: this may include a reduction in sexual desire.) Cognitive-behavioural cluster • Reduced ability to concentrate and sustain attention on tasks, or marked indecisiveness • Beliefs of low self-worth or excessive and inappropriate guilt that may be manifestly delusional (Note: this item should not be considered present if guilt or self-reproach is exclusively about being depressed.) • Hopelessness about the future • Recurrent thoughts of death (not just fear of dying), recurrent suicidal ideation (with or without a specific plan), or evidence of attempted suicide Mood disorders 213 Neurovegetative cluster • Significantly disrupted sleep (delayed sleep onset, increased frequency of waking during the night, or early morning awakening) or excessive sleep • Significant change in appetite (diminished or increased) or significant weight change (gain or loss) • Psychomotor agitation or retardation (observable by others, not merely subjective feelings of restlessness or being slowed down) • Reduced energy, fatigue or marked tiredness following the expenditure of only a minimum of effort • The symptoms are not better accounted for by bereavement. • The symptoms are not a manifestation of another medical condition (e.g. a brain tumour), and are not due to the effects of a substance or medication on the central nervous system (e.g. benzodiazepines), including withdrawal effects (e.g. from stimulants). • The clinical presentation does not fulfil the diagnostic requirements for a mixed episode. • The mood disturbance results in significant impairment in personal, family, social, educational, occupational or other important areas of functioning. If functioning is maintained, it is only through significant additional effort.
Justification: The post expresses intense feelings of self-hatred, mood instability,","[1] Hypomanic episode — Essential Features: • Both of the following symptoms occur concurrently and persist for most of the day, nearly every day, for at least several days. • Persistent elevation of mood or increased irritability is observable or reported, and represents a significant change from the individual’s usual range of moods (e.g. t
---
[2] Hypomanic episode — Boundary with Normality: • Hypomanic episodes are often difficult to distinguish from normal periods of elevated mood – for example, related to positive life events – particularly given that hypomanic episodes are not associated with significant functional impairment. In order to be considered a hypomanic episode, the sympt
---
[3] Depressive episode — Essential Features: • The concurrent presence of at least five of the following characteristic symptoms occurring for most of the day, nearly every day, during a period lasting at least 2 weeks is required for diagnosis. At least one symptom from the affective cluster must be present. Assessment of the presence or abse
---
[4] Depressive episode — Boundary with Normality: • Some depression of mood is a normal reaction to severe adverse life events and problems (e.g. divorce, job loss), and is common in the community. A depressive episode is differentiated from this common experience by the severity, range and duration of symptoms. If the diagnostic requirements for a
---
[5] Dysthymic disorder — Essential Features: since the onset of the disorder. • There is no history of manic, mixed or hypomanic episodes, which would indicate the presence of a bipolar or related disorder. • The symptoms are not a manifestation of another medical condition (e.g. hypothyroidism), and are not due to the effects of a substance o
---
[6] Dysthymic disorder — Boundary with Normality: • Some depressed mood is a normal reaction to severe adverse life events and problems, and is common in the community. Dysthymic disorder is differentiated from this common experience by the severity, range and duration of symptoms. Assessment of the presence or absence of signs or symptoms should b
---
[7] Dysthymic disorder — Essential Features: • Persistent depressed mood (i.e. lasting 2 years or more), for most of the day, for more days than not, as reported by the individual (e.g. feeling down, sad) or as observed (e.g. tearful, defeated appearance), is required for diagnosis. In children and adolescents depressed mood can manifest as pe
---
[8] Obsessive-compulsive disorder — Essential Features: short periods of time – for example, depending on the level of current anxiety or distress – and should be assessed with respect to a time period that is sufficient to allow for such fluctuation (e.g. a few days or a week). The degree of insight that an individual exhibits in the context of obsessiv
---
[9] Manic episode — Essential Features: • Both of the following features occur concurrently and persist for most of the day, nearly every day, during a period of at least 1 week, unless shortened by a treatment intervention. • An extreme mood state is observable or reported, characterized by euphoria, irritability or expansiveness that re
---
[10] Manic episode — Boundary with Normality: • Periods of euphoric or irritable mood that are entirely contextually appropriate (e.g. euphoria after winning a lottery) should not be considered as meeting the mood component of the diagnostic requirements for a manic episode.
---
[11] Hypomanic episode — Essential Features: from one idea to the next; the person reports that their thoughts are rapid or even racing and has difficulty remaining on a topic); • increased self-esteem or grandiosity (e.g. the individual is more self-confident than usual); • decreased need for sleep (e.g. the person reports needing less sleep 
---
[12] Depressive episode — Essential Features: suicidal ideation (with or without a specific plan), or evidence of attempted suicide Mood disorders 213 Neurovegetative cluster • Significantly disrupted sleep (delayed sleep onset, increased frequency of waking during the night, or early morning awakening) or excessive sleep • Significant change i
---
[13] Depressive episode — Boundary with Normality: a depressive episode can be superimposed on normal grief. The presence of a depressive episode during a period of bereavement is suggested by persistence of constant depressive symptoms 1 month or more following the loss (i.e. there are no periods of positive mood or enjoyment of activities); severe",,,,
Phase 1: Best Retriever-Dense-4,Dense,4,suicidal,suicidal,"Label: suicidal
Evidence: [5] (Depressive episode — Essential Features): • suicidal ideation (with or without a specific plan), or evidence of attempted suicide Mood disorders 213 Neurovegetative cluster
Justification: The post mentions ""I want to die"" and ""my life is just slowly going downhill,"" which aligns with the ICD-11 definition of depressive episode with suicidal ideation. The mention of ""many mental illnesses"" and the desire to die supports the classification of the post as suicidal.","[1] Depressive episode — Essential Features: • The concurrent presence of at least five of the following characteristic symptoms occurring for most of the day, nearly every day, during a period lasting at least 2 weeks is required for diagnosis. At least one symptom from the affective cluster must be present. Assessment of the presence or abse
---
[2] Depressive episode — Boundary with Normality: • Some depression of mood is a normal reaction to severe adverse life events and problems (e.g. divorce, job loss), and is common in the community. A depressive episode is differentiated from this common experience by the severity, range and duration of symptoms. If the diagnostic requirements for a
---
[3] Mixed depressive and anxiety disorder — Essential Features: • The presence of both depressive and anxiety symptoms for most of the time during a period of 2 weeks or more is required for diagnosis. Mood disorders 259 • Depressive symptoms include depressed mood or markedly diminished interest or pleasure in activities. • There are multiple anxiety symptoms, 
---
[4] Mixed depressive and anxiety disorder — Boundary with Normality: • If worry is the only anxiety symptom (i.e. no sympathetic autonomic or other anxiety symptoms are present), a diagnosis of mixed depressive and anxiety disorder diagnosis is not appropriate.
---
[5] Depressive episode — Essential Features: suicidal ideation (with or without a specific plan), or evidence of attempted suicide Mood disorders 213 Neurovegetative cluster • Significantly disrupted sleep (delayed sleep onset, increased frequency of waking during the night, or early morning awakening) or excessive sleep • Significant change i
---
[6] Complex post-traumatic stress disorder — Essential Features: and feel themselves or others close to them to be under immediate threat either in specific situations or more generally. They may adopt new behaviours designed to ensure safety (e.g. not sitting with their back to the door, repeatedly checking in vehicles’ rear-view mirrors). In complex post-trauma
---
[7] Complex post-traumatic stress disorder — Boundary with Normality: • A history of exposure to a stressor of extreme and prolonged or repetitive nature, from which escape is difficult or impossible, does not in itself indicate the presence of complex post- traumatic stress disorder. Many people experience such stressors without developing any disorder. Rather, the p
---
[8] Bodily distress disorder — Essential Features: (although not necessarily the same symptoms) on most days during a period of at least several months (e.g. 3 months or more). • The bodily symptoms and related distress and preoccupation result in significant impairment in personal, family, social, educational, occupational or other important areas 
---
[9] Factitious disorder imposed on self — Essential Features: • The presentation is characterized by feigning, falsifying or intentionally inducing medical, psychological or behavioural signs and symptoms or injury associated with identified deception. If a pre-existing disorder or disease is present, the individual intentionally aggravates existing symptoms o
---
[10] Depressive episode — Boundary with Normality: a depressive episode can be superimposed on normal grief. The presence of a depressive episode during a period of bereavement is suggested by persistence of constant depressive symptoms 1 month or more following the loss (i.e. there are no periods of positive mood or enjoyment of activities); severe",,,,
Phase 1: Best Retriever-Dense-5,Dense,5,suicidal,suicidal,"Label: suicidal
Evidence: [14] (Depressive episode — Essential Features) says: ""suicidal ideation (with or without a specific plan), or evidence of attempted suicide Mood disorders 213 Neurovegetative cluster • Significantly disrupted sleep (delayed sleep onset, increased frequency of waking during the night, or early morning awakening) or excessive sleep • Significant change in appetite (diminished or increased) or significant weight change (gain or loss) • Psychomotor agitation or retardation (observable by others, not merely subjective feelings of restlessness or being slowed down) • Reduced energy, fatigue or marked tiredness following the expenditure of only a minimum of effort • The symptoms are not better accounted for by bereavement. • The symptoms are not a manifestation of another medical condition (e.g. a brain tumour), and are not due to the effects of a substance or medication on the central nervous system (e.g. benzodiazepines), including withdrawal effects (e.g. from stimulants). • The clinical presentation does not fulfil the diagnostic requirements for a mixed episode. • The mood disturbance results in significant impairment in personal, family, social, educational, occupational or other important areas of functioning. If functioning is maintained, it is only through significant additional effort.""
Justification: The post expresses a strong sense of despair, frustration, and a desire to end one's life, despite a fear of doing so. The mention of ""suicidal ideation (with or without a specific plan)"" directly aligns with the diagnostic criteria for a depressive episode, as outlined in ICD-11. The emotional state described in the post is consistent with the essential features of a depressive episode, particularly the persistent feelings of hopelessness and the desire to end one's life.","[1] Complex post-traumatic stress disorder — Essential Features: and feel themselves or others close to them to be under immediate threat either in specific situations or more generally. They may adopt new behaviours designed to ensure safety (e.g. not sitting with their back to the door, repeatedly checking in vehicles’ rear-view mirrors). In complex post-trauma
---
[2] Complex post-traumatic stress disorder — Boundary with Normality: • A history of exposure to a stressor of extreme and prolonged or repetitive nature, from which escape is difficult or impossible, does not in itself indicate the presence of complex post- traumatic stress disorder. Many people experience such stressors without developing any disorder. Rather, the p
---
[3] Depressive episode — Essential Features: • The concurrent presence of at least five of the following characteristic symptoms occurring for most of the day, nearly every day, during a period lasting at least 2 weeks is required for diagnosis. At least one symptom from the affective cluster must be present. Assessment of the presence or abse
---
[4] Depressive episode — Boundary with Normality: • Some depression of mood is a normal reaction to severe adverse life events and problems (e.g. divorce, job loss), and is common in the community. A depressive episode is differentiated from this common experience by the severity, range and duration of symptoms. If the diagnostic requirements for a
---
[5] Separation anxiety disorder — Essential Features: go to school or work. • The symptoms are not transient – that is, they persist for an extended period of time (e.g. at least several months). • The symptoms are not better accounted for by another mental disorder (e.g. agoraphobia, personality disorder). • The symptoms result in significant distress
---
[6] Separation anxiety disorder — Boundary with Normality: • Many situations involving separation are associated with other potential stressors or are normal sources of anxiety (e.g. leaving home to start a job or attend university in a new city). Separation anxiety disorder is differentiated based on the focus of apprehension being on separation from a key
---
[7] Mixed depressive and anxiety disorder — Essential Features: • The presence of both depressive and anxiety symptoms for most of the time during a period of 2 weeks or more is required for diagnosis. Mood disorders 259 • Depressive symptoms include depressed mood or markedly diminished interest or pleasure in activities. • There are multiple anxiety symptoms, 
---
[8] Mixed depressive and anxiety disorder — Boundary with Normality: • If worry is the only anxiety symptom (i.e. no sympathetic autonomic or other anxiety symptoms are present), a diagnosis of mixed depressive and anxiety disorder diagnosis is not appropriate.
---
[9] Separation anxiety disorder — Essential Features: • Marked and excessive fear or anxiety about separation from those individuals to whom the person is attached (i.e. with whom the individual has a deep emotional bond) is required for diagnosis. In children and adolescents, key attachment figures that are most commonly the focus of separation anxiet
---
[10] Dysthymic disorder — Boundary with Normality: • Some depressed mood is a normal reaction to severe adverse life events and problems, and is common in the community. Dysthymic disorder is differentiated from this common experience by the severity, range and duration of symptoms. Assessment of the presence or absence of signs or symptoms should b
---
[11] Dysthymic disorder — Essential Features: • Persistent depressed mood (i.e. lasting 2 years or more), for most of the day, for more days than not, as reported by the individual (e.g. feeling down, sad) or as observed (e.g. tearful, defeated appearance), is required for diagnosis. In children and adolescents depressed mood can manifest as pe
---
[12] Dysthymic disorder — Essential Features: since the onset of the disorder. • There is no history of manic, mixed or hypomanic episodes, which would indicate the presence of a bipolar or related disorder. • The symptoms are not a manifestation of another medical condition (e.g. hypothyroidism), and are not due to the effects of a substance o
---
[13] Separation anxiety disorder — Boundary with Normality: separation from a loved one or be symptomatic of separation anxiety disorder. However, especially in adolescence, anxiety about school or school refusal is not typically related to fear of separation but rather to other factors such as truancy, peer rejection or bullying.
---
[14] Depressive episode — Essential Features: suicidal ideation (with or without a specific plan), or evidence of attempted suicide Mood disorders 213 Neurovegetative cluster • Significantly disrupted sleep (delayed sleep onset, increased frequency of waking during the night, or early morning awakening) or excessive sleep • Significant change i
---
[15] Depressive episode — Boundary with Normality: a depressive episode can be superimposed on normal grief. The presence of a depressive episode during a period of bereavement is suggested by persistence of constant depressive symptoms 1 month or more following the loss (i.e. there are no periods of positive mood or enjoyment of activities); severe",,,,
Phase 1: Best Retriever-Dense-6,Dense,6,suicidal,suicidal,"Label: suicidal
Evidence: [1] (Depressive episode — Essential Features) • The concurrent presence of at least five of the following characteristic symptoms occurring for most of the day, nearly every day, during a period lasting at least 2 weeks is required for diagnosis. At least one symptom from the affective cluster must be present. Assessment of the presence or absence of symptoms should be made relative to typical functioning of the individual. Affective cluster • Depressed mood as reported by the individual (e.g. feeling down, sad) or as observed (e.g. tearful, defeated appearance) (Note: in children and adolescents depressed mood can manifest as irritability.) • Markedly diminished interest or pleasure in activities, especially those normally found to be enjoyable to the individual (Note: this may include a reduction in sexual desire.) Cognitive-beavioural cluster • Reduced ability to concentrate and sustain attention on tasks, or marked indecisiveness • Beliefs of low self-worth or excessive and inappropriate guilt that may be manifestly delusional (Note: this item should not be considered present if guilt or self-reproach is exclusively about being depressed.) • Hopelessness about the future • Recurrent thoughts of death (not just fear of dying), recurrent suicidal ideation (with or without a specific plan), or evidence of attempted suicide Mood disorders 213 Neurovegetative cluster • Significantly disrupted sleep (delayed sleep onset, increased frequency of waking during the night, or early morning
Justification: The post mentions suicidal ideation and a history of overdosing, which aligns with the diagnostic criteria for a depressive episode. The mention of hesitating due to medication restrictions further supports the presence of suicidal ideation and the need for careful evaluation.","[1] Depressive episode — Essential Features: • The concurrent presence of at least five of the following characteristic symptoms occurring for most of the day, nearly every day, during a period lasting at least 2 weeks is required for diagnosis. At least one symptom from the affective cluster must be present. Assessment of the presence or abse
---
[2] Depressive episode — Boundary with Normality: • Some depression of mood is a normal reaction to severe adverse life events and problems (e.g. divorce, job loss), and is common in the community. A depressive episode is differentiated from this common experience by the severity, range and duration of symptoms. If the diagnostic requirements for a
---
[3] Hypomanic episode — Essential Features: • Both of the following symptoms occur concurrently and persist for most of the day, nearly every day, for at least several days. • Persistent elevation of mood or increased irritability is observable or reported, and represents a significant change from the individual’s usual range of moods (e.g. t
---
[4] Hypomanic episode — Boundary with Normality: • Hypomanic episodes are often difficult to distinguish from normal periods of elevated mood – for example, related to positive life events – particularly given that hypomanic episodes are not associated with significant functional impairment. In order to be considered a hypomanic episode, the sympt
---
[5] Mood disorder induced by unknown or unspecified psychoactive substances — Essential Features: • The presentation is characterized by mood symptoms (e.g. depressed or elevated mood, decreased engagement in pleasurable activities, increased or decreased energy levels) that Substance-induced mood disorders 492 Clinical Descriptions and Diagnostic Requirements for ICD-11 Mental, Behavioural or N
---
[6] Anxiety disorder induced by unknown or unspecified psychoactive substances — Essential Features: • The presentation is characterized by anxiety symptoms (e.g. apprehension or worry, fear, physiological symptoms of excessive autonomic arousal, panic attacks, avoidance behaviour) that develop during or soon after intoxication with or withdrawal from a specified substance, or use or discontinuatio
---
[7] Manic episode — Essential Features: • Both of the following features occur concurrently and persist for most of the day, nearly every day, during a period of at least 1 week, unless shortened by a treatment intervention. • An extreme mood state is observable or reported, characterized by euphoria, irritability or expansiveness that re
---
[8] Manic episode — Boundary with Normality: • Periods of euphoric or irritable mood that are entirely contextually appropriate (e.g. euphoria after winning a lottery) should not be considered as meeting the mood component of the diagnostic requirements for a manic episode.
---
[9] Mood disorder induced by unknown or unspecified psychoactive substances — Essential Features: withdrawal (e.g. 1 month or more depending on the specific substance), or other evidence of a pre-existing mental disorder with mood symptoms (e.g. a history of prior episodes not associated with substance use). • The symptoms are not a manifestation of another medical condition. • The symptoms resu
---
[10] Anxiety disorder induced by unknown or unspecified psychoactive substances — Essential Features: or medication use or withdrawal (e.g. 1 month or more depending on the specific substance), or other evidence of a pre-existing mental disorder with anxiety symptoms (e.g. a history of prior episodes not associated with substance use). • The symptoms are not a manifestation of another medical condit
---
[11] Depressive episode — Boundary with Normality: a depressive episode can be superimposed on normal grief. The presence of a depressive episode during a period of bereavement is suggested by persistence of constant depressive symptoms 1 month or more following the loss (i.e. there are no periods of positive mood or enjoyment of activities); severe",,,,
Phase 1: Best Retriever-Dense-7,Dense,7,suicidal,depression,"Label: depressive
Evidence: [11] (Depressive episode — Essential Features) says: ""The concurrent presence of at least five of the following characteristic symptoms occurring for most of the day, nearly every day, during a period lasting at least 2 weeks is required for diagnosis. At least one symptom from the affective cluster must be present.""
Justification: The post expresses feelings of uncertainty and difficulty, which aligns with the criteria for a depressive episode. The mention of ""not sure if Ill be able to take it"" and ""getting harder and harder"" suggests persistent depressive symptoms, including low mood and reduced interest in activities, consistent with the essential features of a depressive episode.","[1] Depressive episode — Essential Features: suicidal ideation (with or without a specific plan), or evidence of attempted suicide Mood disorders 213 Neurovegetative cluster • Significantly disrupted sleep (delayed sleep onset, increased frequency of waking during the night, or early morning awakening) or excessive sleep • Significant change i
---
[2] Depressive episode — Boundary with Normality: • Some depression of mood is a normal reaction to severe adverse life events and problems (e.g. divorce, job loss), and is common in the community. A depressive episode is differentiated from this common experience by the severity, range and duration of symptoms. If the diagnostic requirements for a
---
[3] Prolonged grief disorder — Essential Features: • A history of bereavement following the death of a partner, parent, child or other person close to the bereaved is required for diagnosis. Disorders specifically associated with stress | Prolonged grief disorder Disorders specifically associated with stress 349 • A persistent and pervasive grief re
---
[4] Prolonged grief disorder — Boundary with Normality: • An individual experiencing a grief reaction that is within a normative period given their cultural and religious context is considered to be experiencing normal bereavement, and should not be assigned a diagnosis of prolonged grief disorder. It is often important to consider whether other people w
---
[5] Depersonalization-derealization disorder — Essential Features: or Neurodevelopmental Disorders • The symptoms are not due to the effects of a substance or medication on the central nervous system (including withdrawal effects) and are not due to a disease of the nervous system (e.g. temporal lobe epilepsy), head trauma or another medical condition. • The sympto
---
[6] Depersonalization-derealization disorder — Boundary with Normality: • Transient feelings of depersonalization or derealization may be experienced when under stress, during extreme emotional states or exhaustion, when physically ill, or under the influence of substances. Unlike depersonalization-derealization disorder, such experiences typically remit when these emot
---
[7] Adjustment disorder — Essential Features: • A maladaptive reaction to an identifiable psychosocial stressor or multiple stressors (e.g. single stressful event, ongoing psychosocial difficulty or a combination of stressful life situations) that usually emerges within a month of the stressor is required for diagnosis. Examples include divorce
---
[8] Adjustment disorder — Boundary with Normality: • Adjustment disorder represents a maladaptive reaction and failure to adapt to a stressor that is associated with significant preoccupation, and results in significant impairment in personal, family, social, educational, occupational or other important areas of functioning. Emotional reactions to n
---
[9] Dysthymic disorder — Essential Features: since the onset of the disorder. • There is no history of manic, mixed or hypomanic episodes, which would indicate the presence of a bipolar or related disorder. • The symptoms are not a manifestation of another medical condition (e.g. hypothyroidism), and are not due to the effects of a substance o
---
[10] Dysthymic disorder — Boundary with Normality: • Some depressed mood is a normal reaction to severe adverse life events and problems, and is common in the community. Dysthymic disorder is differentiated from this common experience by the severity, range and duration of symptoms. Assessment of the presence or absence of signs or symptoms should b
---
[11] Depressive episode — Essential Features: • The concurrent presence of at least five of the following characteristic symptoms occurring for most of the day, nearly every day, during a period lasting at least 2 weeks is required for diagnosis. At least one symptom from the affective cluster must be present. Assessment of the presence or abse
---
[12] Depressive episode — Boundary with Normality: a depressive episode can be superimposed on normal grief. The presence of a depressive episode during a period of bereavement is suggested by persistence of constant depressive symptoms 1 month or more following the loss (i.e. there are no periods of positive mood or enjoyment of activities); severe",,,,
Phase 1: Best Retriever-Dense-8,Dense,8,suicidal,depression,"Label: depression
Evidence: [3] (Depressive episode — Essential Features) says: ""The concurrent presence of at least five of the following characteristic symptoms occurring for most of the day, nearly every day, during a period lasting at least 2 weeks is required for diagnosis. At least one symptom from the affective cluster must be present.""
Justification: The post describes a plan involving the use of a suicide pill, which is a clear indication of suicidal ideation. The mention of using a DIY extracted cyanide capsule and the other pills being filled with sugar (a death placebo) suggests a severe depressive episode, as it reflects a significant distress and impairment in functioning related to suicide. The individual is attempting to manage their emotional and psychological distress through a method that is highly risky and indicative of a depressive episode.","[1] Possession trance disorder — Essential Features: or expressing animosity. Boundary with normality (threshold) for trance disorder and possession trance disorder • A diagnosis of trance disorder or possession trance disorder should not be applied to experiences that are accepted in the individual’s context as collective cultural phenomena or as a p
---
[2] Anxiety disorder induced by unknown or unspecified psychoactive substances — Essential Features: • The presentation is characterized by anxiety symptoms (e.g. apprehension or worry, fear, physiological symptoms of excessive autonomic arousal, panic attacks, avoidance behaviour) that develop during or soon after intoxication with or withdrawal from a specified substance, or use or discontinuatio
---
[3] Depressive episode — Essential Features: • The concurrent presence of at least five of the following characteristic symptoms occurring for most of the day, nearly every day, during a period lasting at least 2 weeks is required for diagnosis. At least one symptom from the affective cluster must be present. Assessment of the presence or abse
---
[4] Depressive episode — Boundary with Normality: • Some depression of mood is a normal reaction to severe adverse life events and problems (e.g. divorce, job loss), and is common in the community. A depressive episode is differentiated from this common experience by the severity, range and duration of symptoms. If the diagnostic requirements for a
---
[5] Depersonalization-derealization disorder — Essential Features: • Persistent or recurrent experiences of either depersonalization or derealization, or of both symptoms, are required for diagnosis. • Depersonalization is characterized by experiencing the self as strange or unreal, or by feeling detached from – or as though one were an outside observer of – one’s 
---
[6] Depersonalization-derealization disorder — Boundary with Normality: • Transient feelings of depersonalization or derealization may be experienced when under stress, during extreme emotional states or exhaustion, when physically ill, or under the influence of substances. Unlike depersonalization-derealization disorder, such experiences typically remit when these emot
---
[7] Post-traumatic stress disorder — Essential Features: • Exposure to an event or situation (either short- or long-lasting) of an extremely threatening or horrific nature is required for diagnosis. Such events include, but are not limited to, directly experiencing natural or human-made disasters, combat, serious accidents, torture, sexual violence, terro
---
[8] Post-traumatic stress disorder — Boundary with Normality: • A history of exposure to an event or situation of an extremely threatening or horrific nature does not in itself indicate the presence of post-traumatic stress disorder. Many people experience such stressors without developing a disorder. Rather, the presentation must meet all diagnostic requireme
---
[9] Possession trance disorder — Essential Features: from a single prolonged episode to multiple recurrences over years. • Duration and intensity of trance episodes vary considerably. Most recurrent episodes are brief, and individuals may fall in and out of trance states multiple times within a given episode. • Acute recurrent episodes of trance usual
---
[10] Possession trance disorder — Essential Features: • Occurrence of a trance state in which there is a marked alteration in the individual’s state of consciousness, and the individual’s normal sense of personal identity is replaced by an external “possessing” identity, is required for diagnosis. The trance state is characterized by behaviours or move
---
[11] Post-traumatic stress disorder — Essential Features: thematically related to the traumatic event. Re-experiencing is typically accompanied by strong or overwhelming emotions, such as fear or horror, and strong physical sensations. Re-experiencing in the present can also involve feelings of being overwhelmed or immersed in the same intense emotions tha
---
[12] Depressive episode — Boundary with Normality: a depressive episode can be superimposed on normal grief. The presence of a depressive episode during a period of bereavement is suggested by persistence of constant depressive symptoms 1 month or more following the loss (i.e. there are no periods of positive mood or enjoyment of activities); severe",,,,
Phase 1: Best Retriever-Dense-9,Dense,9,suicidal,normal,"Label: normal  
Evidence: [8] (Dysthymic disorder — Essential Features) says: ""The symptoms are not a manifestation of another medical condition (e.g. hypothyroidism), and are not due to the effects of a substance or medication on the central nervous system (e.g. benzodiazepines), including withdrawal effects (e.g. from stimulants). The symptoms result in significant distress about experiencing persistent depressive symptoms or significant impairment in personal, family, social, educational, occupational or other important areas of functioning. If functioning is maintained, it is only through significant additional effort.""  
Justification: The post expresses a negative emotion (""damn :/ it be like that sometimes"") but does not indicate any persistent depressive symptoms, mood instability, or significant impairment. The statement is brief and does not suggest a history of mood disorders or depressive episodes. The evidence from ICD-11 indicates that the symptoms described are consistent with normal variations in mood, as there is no indication of a diagnosable mood disorder.","[1] Obsessive-compulsive disorder — Essential Features: short periods of time – for example, depending on the level of current anxiety or distress – and should be assessed with respect to a time period that is sufficient to allow for such fluctuation (e.g. a few days or a week). The degree of insight that an individual exhibits in the context of obsessiv
---
[2] Cyclothymic disorder — Essential Features: • Mood instability over an extended period of time (i.e. 2 years or more) characterized by numerous hypomanic and depressive periods is required for diagnosis. (In children and adolescents depressed mood can manifest as pervasive irritability.) Hypomanic periods may or may not have been sufficiently
---
[3] Cyclothymic disorder — Boundary with Normality: • Cyclothymic disorder is distinguished from normal variations in mood by a history of distress or difficulty functioning due to repeated occurrences of mood disturbance.
---
[4] Hypomanic episode — Essential Features: • Both of the following symptoms occur concurrently and persist for most of the day, nearly every day, for at least several days. • Persistent elevation of mood or increased irritability is observable or reported, and represents a significant change from the individual’s usual range of moods (e.g. t
---
[5] Hypomanic episode — Boundary with Normality: • Hypomanic episodes are often difficult to distinguish from normal periods of elevated mood – for example, related to positive life events – particularly given that hypomanic episodes are not associated with significant functional impairment. In order to be considered a hypomanic episode, the sympt
---
[6] Hypochondriasis (health anxiety disorder) — Essential Features: at times appear to be delusional in the degree of conviction or fixity with which these beliefs are held (e.g. an individual is convinced that they have a terminal illness). Insight may vary substantially even over short periods of time – for example, depending on the level of current anxiety or dis
---
[7] Dysthymic disorder — Essential Features: since the onset of the disorder. • There is no history of manic, mixed or hypomanic episodes, which would indicate the presence of a bipolar or related disorder. • The symptoms are not a manifestation of another medical condition (e.g. hypothyroidism), and are not due to the effects of a substance o
---
[8] Dysthymic disorder — Boundary with Normality: • Some depressed mood is a normal reaction to severe adverse life events and problems, and is common in the community. Dysthymic disorder is differentiated from this common experience by the severity, range and duration of symptoms. Assessment of the presence or absence of signs or symptoms should b
---
[9] Dysthymic disorder — Essential Features: • Persistent depressed mood (i.e. lasting 2 years or more), for most of the day, for more days than not, as reported by the individual (e.g. feeling down, sad) or as observed (e.g. tearful, defeated appearance), is required for diagnosis. In children and adolescents depressed mood can manifest as pe
---
[10] Hypomanic episode — Essential Features: from one idea to the next; the person reports that their thoughts are rapid or even racing and has difficulty remaining on a topic); • increased self-esteem or grandiosity (e.g. the individual is more self-confident than usual); • decreased need for sleep (e.g. the person reports needing less sleep ",,,,
Phase 1: Best Retriever-Dense-10,Dense,10,depression,depression,"Label: depression
Evidence: [1] says: ""The concurrent presence of at least five of the following characteristic symptoms occurring for most of the day, nearly every day, during a period lasting at least 2 weeks is required for diagnosis. At least one symptom from the affective cluster must be present. Assessment of the presence or absence of symptoms should be made relative to typical functioning of the individual. Affective cluster • Depressed mood as reported by the individual (e.g. feeling down, sad) or as observed (e.g. tearful, defeated appearance) (Note: in children and adolescents depressed mood can manifest as irritability.) Cognitive-behavioural cluster • Reduced ability to concentrate and sustain attention on tasks, or marked indecisiveness • Beliefs of low self-worth or excessive and inappropriate guilt that may be manifestly delusional (Note: this item should not be considered present if guilt or self-reproach is exclusively about being depressed.) • Hopelessness about the future • Recurrent thoughts of death (not just fear of dying), recurrent suicidal ideation (with or without a specific plan), or evidence of attempted suicide Mood disorders 213 Neurovegetative cluster • Significantly disrupted sleep (delayed sleep onset, increased frequency of waking during the night, or early morning)""
Justification: The post describes persistent feelings of being trapped, constant stress, and near-crying episodes, which align with the criteria for a depressive episode. The mention of recurrent thoughts of death and suicidal ideation, along with the inability to sleep, supports the diagnosis of depression.","[1] Depressive episode — Essential Features: • The concurrent presence of at least five of the following characteristic symptoms occurring for most of the day, nearly every day, during a period lasting at least 2 weeks is required for diagnosis. At least one symptom from the affective cluster must be present. Assessment of the presence or abse
---
[2] Depressive episode — Boundary with Normality: • Some depression of mood is a normal reaction to severe adverse life events and problems (e.g. divorce, job loss), and is common in the community. A depressive episode is differentiated from this common experience by the severity, range and duration of symptoms. If the diagnostic requirements for a
---
[3] Dysthymic disorder — Essential Features: since the onset of the disorder. • There is no history of manic, mixed or hypomanic episodes, which would indicate the presence of a bipolar or related disorder. • The symptoms are not a manifestation of another medical condition (e.g. hypothyroidism), and are not due to the effects of a substance o
---
[4] Dysthymic disorder — Boundary with Normality: • Some depressed mood is a normal reaction to severe adverse life events and problems, and is common in the community. Dysthymic disorder is differentiated from this common experience by the severity, range and duration of symptoms. Assessment of the presence or absence of signs or symptoms should b
---
[5] Hypomanic episode — Essential Features: • Both of the following symptoms occur concurrently and persist for most of the day, nearly every day, for at least several days. • Persistent elevation of mood or increased irritability is observable or reported, and represents a significant change from the individual’s usual range of moods (e.g. t
---
[6] Hypomanic episode — Boundary with Normality: • Hypomanic episodes are often difficult to distinguish from normal periods of elevated mood – for example, related to positive life events – particularly given that hypomanic episodes are not associated with significant functional impairment. In order to be considered a hypomanic episode, the sympt
---
[7] Dysthymic disorder — Essential Features: • Persistent depressed mood (i.e. lasting 2 years or more), for most of the day, for more days than not, as reported by the individual (e.g. feeling down, sad) or as observed (e.g. tearful, defeated appearance), is required for diagnosis. In children and adolescents depressed mood can manifest as pe
---
[8] Cyclothymic disorder — Essential Features: • Mood instability over an extended period of time (i.e. 2 years or more) characterized by numerous hypomanic and depressive periods is required for diagnosis. (In children and adolescents depressed mood can manifest as pervasive irritability.) Hypomanic periods may or may not have been sufficiently
---
[9] Cyclothymic disorder — Boundary with Normality: • Cyclothymic disorder is distinguished from normal variations in mood by a history of distress or difficulty functioning due to repeated occurrences of mood disturbance.
---
[10] Possession trance disorder — Essential Features: • Occurrence of a trance state in which there is a marked alteration in the individual’s state of consciousness, and the individual’s normal sense of personal identity is replaced by an external “possessing” identity, is required for diagnosis. The trance state is characterized by behaviours or move
---
[11] Possession trance disorder — Essential Features: from a single prolonged episode to multiple recurrences over years. • Duration and intensity of trance episodes vary considerably. Most recurrent episodes are brief, and individuals may fall in and out of trance states multiple times within a given episode. • Acute recurrent episodes of trance usual
---
[12] Possession trance disorder — Essential Features: or expressing animosity. Boundary with normality (threshold) for trance disorder and possession trance disorder • A diagnosis of trance disorder or possession trance disorder should not be applied to experiences that are accepted in the individual’s context as collective cultural phenomena or as a p
---
[13] Depressive episode — Boundary with Normality: a depressive episode can be superimposed on normal grief. The presence of a depressive episode during a period of bereavement is suggested by persistence of constant depressive symptoms 1 month or more following the loss (i.e. there are no periods of positive mood or enjoyment of activities); severe",,,,
Phase 1: Best Retriever-Dense-11,Dense,11,depression,depression,"Label: depression
Evidence: [2] says: ""The individual seeks treatment or otherwise presents themselves as ill, injured or impaired based on the feigned, falsified or self-induced signs, symptoms or injuries.""
Justification: The post mentions struggling with depression and questioning their identity, which aligns with the criteria for factitious disorder imposed on self. The individual is seeking to express themselves through a song, which could be seen as presenting themselves as ill, injured or impaired, consistent with the definition of factitious disorder imposed on self.","[1] Hypochondriasis (health anxiety disorder) — Essential Features: at times appear to be delusional in the degree of conviction or fixity with which these beliefs are held (e.g. an individual is convinced that they have a terminal illness). Insight may vary substantially even over short periods of time – for example, depending on the level of current anxiety or dis
---
[2] Factitious disorder imposed on self — Essential Features: • The presentation is characterized by feigning, falsifying or intentionally inducing medical, psychological or behavioural signs and symptoms or injury associated with identified deception. If a pre-existing disorder or disease is present, the individual intentionally aggravates existing symptoms o
---
[3] Complex post-traumatic stress disorder — Essential Features: and feel themselves or others close to them to be under immediate threat either in specific situations or more generally. They may adopt new behaviours designed to ensure safety (e.g. not sitting with their back to the door, repeatedly checking in vehicles’ rear-view mirrors). In complex post-trauma
---
[4] Complex post-traumatic stress disorder — Boundary with Normality: • A history of exposure to a stressor of extreme and prolonged or repetitive nature, from which escape is difficult or impossible, does not in itself indicate the presence of complex post- traumatic stress disorder. Many people experience such stressors without developing any disorder. Rather, the p
---
[5] Hoarding disorder — Essential Features: distress associated with discarding items is not rational. Others are convinced that their hoarding-related beliefs and behaviours are not problematic, despite evidence to the contrary, and the beliefs of some may at times appear to be delusional in the degree of conviction or fixity with which thes
---
[6] Obsessive-compulsive disorder — Essential Features: short periods of time – for example, depending on the level of current anxiety or distress – and should be assessed with respect to a time period that is sufficient to allow for such fluctuation (e.g. a few days or a week). The degree of insight that an individual exhibits in the context of obsessiv
---
[7] Complex post-traumatic stress disorder — Essential Features: • Exposure to an event or series of events of an extremely threatening or horrific nature – most commonly prolonged or repetitive events from which escape is difficult or impossible – is required for diagnosis. Such events include, but are not limited to, torture, concentration camps, slavery, genoc",,,,
Phase 1: Best Retriever-Dense-12,Dense,12,depression,suicidal,"Label: suicidal|depression
Evidence: [6] (Depressive episode — Essential Features) says: ""suicidal ideation (with or without a specific plan), or evidence of attempted suicide Mood disorders 213 Neurovegetative cluster • Significantly disrupted sleep (delayed sleep onset, increased frequency of waking during the night, or early morning awakening) or excessive sleep • Significant change in appetite (diminished or increased) or significant weight change (gain or loss) • Psychomotor agitation or retardation (observable by others, not merely subjective feelings of restlessness or being slowed down) • Reduced energy, fatigue or marked tiredness following the expenditure of only a minimum of effort • The symptoms are not better accounted for by bereavement. • The symptoms are not a manifestation of another medical condition (e.g. a brain tumour), and are not due to the effects of a substance or medication on the central nervous system (e.g. benzodiazepines), including withdrawal effects (e.g. from stimulants). • The clinical presentation does not fulfil the diagnostic requirements for a mixed episode. • The mood disturbance results in significant impairment in personal, family, social, educational, occupational or other important areas of functioning. If functioning is maintained, it is only through significant additional effort.""
Justification: The post contains suicidal ideation (""I will not be remembered for anything and Ill die as nothing"") which aligns with the diagnostic criteria for depressive episode [6], as it reflects a significant impairment in functioning and the presence of suicidal ideation.","[1] Dissociative amnesia, unspecified — Boundary with Normality: • Mild difficulties remembering autobiographical events are common, especially as a result of normal ageing. Forgetting early childhood events is also developmentally typical. However, in contrast to dissociative amnesia, normal forgetting: • does not typically involve sustained and extensive forget
---
[2] Post-traumatic stress disorder — Essential Features: thematically related to the traumatic event. Re-experiencing is typically accompanied by strong or overwhelming emotions, such as fear or horror, and strong physical sensations. Re-experiencing in the present can also involve feelings of being overwhelmed or immersed in the same intense emotions tha
---
[3] Post-traumatic stress disorder — Boundary with Normality: • A history of exposure to an event or situation of an extremely threatening or horrific nature does not in itself indicate the presence of post-traumatic stress disorder. Many people experience such stressors without developing a disorder. Rather, the presentation must meet all diagnostic requireme
---
[4] Complex post-traumatic stress disorder — Essential Features: are thematically related to the traumatic event. Re-experiencing is typically accompanied by strong or overwhelming emotions, such as fear or horror, and strong physical sensations. Re-experiencing in the present can also involve feelings of being overwhelmed or immersed in the same intense emotions
---
[5] Complex post-traumatic stress disorder — Boundary with Normality: • A history of exposure to a stressor of extreme and prolonged or repetitive nature, from which escape is difficult or impossible, does not in itself indicate the presence of complex post- traumatic stress disorder. Many people experience such stressors without developing any disorder. Rather, the p
---
[6] Depressive episode — Essential Features: suicidal ideation (with or without a specific plan), or evidence of attempted suicide Mood disorders 213 Neurovegetative cluster • Significantly disrupted sleep (delayed sleep onset, increased frequency of waking during the night, or early morning awakening) or excessive sleep • Significant change i
---
[7] Depressive episode — Boundary with Normality: • Some depression of mood is a normal reaction to severe adverse life events and problems (e.g. divorce, job loss), and is common in the community. A depressive episode is differentiated from this common experience by the severity, range and duration of symptoms. If the diagnostic requirements for a
---
[8] Post-traumatic stress disorder — Essential Features: • Exposure to an event or situation (either short- or long-lasting) of an extremely threatening or horrific nature is required for diagnosis. Such events include, but are not limited to, directly experiencing natural or human-made disasters, combat, serious accidents, torture, sexual violence, terro
---
[9] Dissociative amnesia — Essential Features: • Inability to recall important autobiographical memories – typically of recent traumatic or stressful events – that is inconsistent with ordinary forgetting is required for diagnosis. • The memory loss does not occur exclusively during episodes of trance disorder, possession trance disorder, dissoc
---
[10] Complex post-traumatic stress disorder — Essential Features: • Exposure to an event or series of events of an extremely threatening or horrific nature – most commonly prolonged or repetitive events from which escape is difficult or impossible – is required for diagnosis. Such events include, but are not limited to, torture, concentration camps, slavery, genoc",,,,
Phase 1: Best Retriever-Dense-13,Dense,13,depression,suicidal,"Label: suicidal|depression
Evidence: [7] says: ""suicidal ideation (with or without a specific plan), or evidence of attempted suicide Mood disorders 213 Neurovegetative cluster • Significantly disrupted sleep (delayed sleep onset, increased frequency of waking during the night, or early morning awakening) or excessive sleep • Significant change in appetite (diminished or increased) or significant weight change (gain or loss) • Psychomotor agitation or retardation (observable by others, not merely subjective feelings of restlessness or being slowed down) • Reduced energy, fatigue or marked tiredness following the expenditure of only a minimum of effort • The symptoms are not better accounted for by bereavement. • The symptoms are not a manifestation of another medical condition (e.g. a brain tumour), and are not due to the effects of a substance or medication on the central nervous system (e.g. benzodiazepines), including withdrawal effects (e.g. from stimulants). • The clinical presentation does not fulfil the diagnostic requirements for a mixed episode. • The mood disturbance results in significant impairment in personal, family, social, educational, occupational or other important areas of functioning. If functioning is maintained, it is only through significant additional effort.""
Justification: The post contains suicidal ideation (""Would have made everyone happier had I just died do not mind me, just a pathetic idiot no one cares about"") which aligns with the diagnostic criteria for depressive episode [7], as it includes suicidal ideation with a specific plan. The statement reflects a depressive state, as it expresses a sense of hopelessness and a desire to end one's life, which are key features of a depressive episode.","[1] Factitious disorder imposed on self — Essential Features: • The presentation is characterized by feigning, falsifying or intentionally inducing medical, psychological or behavioural signs and symptoms or injury associated with identified deception. If a pre-existing disorder or disease is present, the individual intentionally aggravates existing symptoms o
---
[2] Body dysmorphic disorder — Essential Features: • Persistent preoccupation with one or more perceived defects or flaws in appearance, or ugliness in general, that is either unnoticeable or only slightly noticeable to others, is required for diagnosis. • The presentation is characterized by excessive self-consciousness about the perceived defects 
---
[3] Body integrity dysphoria — Essential Features: • An intense and persistent desire to become physically disabled in a significant way (e.g. a major limb amputation, paraplegia, blindness) accompanied by persistent discomfort or intense negative feelings about one’s current body configuration or functioning, is required for diagnosis. • The desire
---
[4] Body integrity dysphoria — Boundary with Normality: • Some individuals, especially children and adolescents, may have time-limited periods in which they pretend to have a disability such as blindness out of curiosity about what it is like to live as a disabled person. Such individuals do not experience a persistent desire to become disabled or the ha
---
[5] Hypochondriasis (health anxiety disorder) — Essential Features: at times appear to be delusional in the degree of conviction or fixity with which these beliefs are held (e.g. an individual is convinced that they have a terminal illness). Insight may vary substantially even over short periods of time – for example, depending on the level of current anxiety or dis
---
[6] Hypochondriasis (health anxiety disorder) — Essential Features: • Persistent preoccupation or fear about the possibility of having one or more serious, progressive or life-threatening illnesses is required for diagnosis. • The preoccupation is accompanied by either: • repetitive and excessive health-related behaviours, such as repeatedly checking of the body for
---
[7] Depressive episode — Essential Features: suicidal ideation (with or without a specific plan), or evidence of attempted suicide Mood disorders 213 Neurovegetative cluster • Significantly disrupted sleep (delayed sleep onset, increased frequency of waking during the night, or early morning awakening) or excessive sleep • Significant change i
---
[8] Depressive episode — Boundary with Normality: • Some depression of mood is a normal reaction to severe adverse life events and problems (e.g. divorce, job loss), and is common in the community. A depressive episode is differentiated from this common experience by the severity, range and duration of symptoms. If the diagnostic requirements for a
---
[9] Depressive episode — Essential Features: • The concurrent presence of at least five of the following characteristic symptoms occurring for most of the day, nearly every day, during a period lasting at least 2 weeks is required for diagnosis. At least one symptom from the affective cluster must be present. Assessment of the presence or abse
---
[10] Body dysmorphic disorder — Essential Features: or medication on the central nervous system, including withdrawal effects. • The symptoms result in significant distress or significant impairment in personal, family, social, educational, occupational or other important areas of functioning. If functioning is maintained, it is only through signific
---
[11] Depressive episode — Boundary with Normality: a depressive episode can be superimposed on normal grief. The presence of a depressive episode during a period of bereavement is suggested by persistence of constant depressive symptoms 1 month or more following the loss (i.e. there are no periods of positive mood or enjoyment of activities); severe",,,,
Phase 1: Best Retriever-Dense-14,Dense,14,depression,suicidal,"Label: suicidal
Evidence: [1] (Hypochondriasis (health anxiety disorder) — Essential Features): • Persistent preoccupation or fear about the possibility of having one or more serious, progressive or life-threatening illnesses is required for diagnosis. • The preoccupation is accompanied by either: • repetitive and excessive health-related behaviours, such as repeatedly checking of the body for evidence of illness, spending inordinate amounts of time searching for information about the feared illness or repeatedly seeking reassurance (e.g. arranging multiple medical consultations); or • maladaptive avoidance behaviour related to health (e.g. avoiding medical appointments). • The symptoms result in significant distress or significant impairment in personal, family, social, educational, occupational or other important areas of functioning. If functioning is maintained, it is only through significant additional effort. Obsessive-compulsive and related disorders | Hypochondriasis (health anxiety disorder) 318 Clinical Descriptions and Diagnostic Requirements for ICD-11 Mental, Behavioural or Neurodevelopmental Disorders Insight specifiers Individuals with hypochondriasis vary in the degree of insight they have about the accuracy of the beliefs that underlie their health concerns. Although many can acknowledge that their thoughts or behaviours are untrue or excessive, some cannot, and the beliefs of a small minority of individuals with hypochondriasis may at times appear to be delusional in the degree of conviction or fixity with which these beliefs are held (e.g. an individual is convinced that they have a terminal illness). Insight may vary substantially even
Justification: The post expresses intense anxiety and a sense of helplessness regarding the mother's surgery, which aligns with the diagnostic criteria for hypochondriasis. The repeated use of ""fuck cancer"" and the belief that the mother ""does not deserve this"" reflects a persistent preoccupation with a serious illness, which is consistent with the essential features of hypochondriasis. The symptoms described in the post result in significant distress and impairment, supporting the classification as suicidal.","[1] Hypochondriasis (health anxiety disorder) — Essential Features: • Persistent preoccupation or fear about the possibility of having one or more serious, progressive or life-threatening illnesses is required for diagnosis. • The preoccupation is accompanied by either: • repetitive and excessive health-related behaviours, such as repeatedly checking of the body for
---
[2] Hypochondriasis (health anxiety disorder) — Essential Features: at times appear to be delusional in the degree of conviction or fixity with which these beliefs are held (e.g. an individual is convinced that they have a terminal illness). Insight may vary substantially even over short periods of time – for example, depending on the level of current anxiety or dis
---
[3] Post-traumatic stress disorder — Essential Features: • Exposure to an event or situation (either short- or long-lasting) of an extremely threatening or horrific nature is required for diagnosis. Such events include, but are not limited to, directly experiencing natural or human-made disasters, combat, serious accidents, torture, sexual violence, terro
---
[4] Post-traumatic stress disorder — Boundary with Normality: • A history of exposure to an event or situation of an extremely threatening or horrific nature does not in itself indicate the presence of post-traumatic stress disorder. Many people experience such stressors without developing a disorder. Rather, the presentation must meet all diagnostic requireme
---
[5] Generalized anxiety disorder — Boundary with Normality: • Anxiety and worry are normal emotional/cognitive states that commonly occur when people are under stress. At optimal levels, anxiety and worry may help to direct problem- solving efforts, focus attention adaptively and increase alertness. Normal anxiety and worry are usually sufficiently self-regu
---
[6] Generalized anxiety disorder — Essential Features: • Marked symptoms of anxiety are required for diagnosis, manifested in either: • general apprehensiveness that is not restricted to any particular environmental circumstance (i.e. “free-floating anxiety”); or • excessive worry (apprehensive expectation) about negative events occurring in several dif
---
[7] Panic disorder — Essential Features: • Recurrent panic attacks, which are discrete episodes of intense fear or apprehension characterized by the rapid and concurrent onset of several characteristic symptoms, are required for diagnosis. These symptoms may include, but are not limited to, the following: • palpitations or increased heart 
---
[8] Panic disorder — Boundary with Normality: • Panic attacks are common in the general population, particularly in response to anxiety- provoking life events. Panic attacks in response to real threats to an individual’s physical or psychological integrity are considered part of the normative continuum of reactions, and a diagnosis is not warra
---
[9] Complex post-traumatic stress disorder — Essential Features: are thematically related to the traumatic event. Re-experiencing is typically accompanied by strong or overwhelming emotions, such as fear or horror, and strong physical sensations. Re-experiencing in the present can also involve feelings of being overwhelmed or immersed in the same intense emotions
---
[10] Complex post-traumatic stress disorder — Boundary with Normality: • A history of exposure to a stressor of extreme and prolonged or repetitive nature, from which escape is difficult or impossible, does not in itself indicate the presence of complex post- traumatic stress disorder. Many people experience such stressors without developing any disorder. Rather, the p
---
[11] Post-traumatic stress disorder — Essential Features: thematically related to the traumatic event. Re-experiencing is typically accompanied by strong or overwhelming emotions, such as fear or horror, and strong physical sensations. Re-experiencing in the present can also involve feelings of being overwhelmed or immersed in the same intense emotions tha
---
[12] Complex post-traumatic stress disorder — Essential Features: • Exposure to an event or series of events of an extremely threatening or horrific nature – most commonly prolonged or repetitive events from which escape is difficult or impossible – is required for diagnosis. Such events include, but are not limited to, torture, concentration camps, slavery, genoc
---
[13] Complex post-traumatic stress disorder — Essential Features: and feel themselves or others close to them to be under immediate threat either in specific situations or more generally. They may adopt new behaviours designed to ensure safety (e.g. not sitting with their back to the door, repeatedly checking in vehicles’ rear-view mirrors). In complex post-trauma",,,,
Phase 1: Best Retriever-Dense-15,Dense,15,depression,depression,"Label: depressive
Evidence: [2] says: ""A depressive episode should not be considered to be present if the individual is exhibiting normal grief symptoms, including some level of depressive symptoms, and the individual has experienced the death of a loved one within the past 6 months, or longer if a more extended period of bereavement is consistent with the normative response for grieving within the individual’s religious and cultural context.""
Justification: The post describes a sense of hopelessness, lack of motivation, and a belief that life has no meaning beyond three fundamental truths. These symptoms align with the criteria for a depressive episode, particularly the persistent low mood and lack of interest in activities, which are key features of depression. The individual is experiencing a profound sense of despair and a lack of motivation, which are consistent with the diagnostic criteria for a depressive episode.","[1] Depressive episode — Essential Features: suicidal ideation (with or without a specific plan), or evidence of attempted suicide Mood disorders 213 Neurovegetative cluster • Significantly disrupted sleep (delayed sleep onset, increased frequency of waking during the night, or early morning awakening) or excessive sleep • Significant change i
---
[2] Depressive episode — Boundary with Normality: • Some depression of mood is a normal reaction to severe adverse life events and problems (e.g. divorce, job loss), and is common in the community. A depressive episode is differentiated from this common experience by the severity, range and duration of symptoms. If the diagnostic requirements for a
---
[3] Depressive episode — Essential Features: • The concurrent presence of at least five of the following characteristic symptoms occurring for most of the day, nearly every day, during a period lasting at least 2 weeks is required for diagnosis. At least one symptom from the affective cluster must be present. Assessment of the presence or abse
---
[4] Dysthymic disorder — Essential Features: since the onset of the disorder. • There is no history of manic, mixed or hypomanic episodes, which would indicate the presence of a bipolar or related disorder. • The symptoms are not a manifestation of another medical condition (e.g. hypothyroidism), and are not due to the effects of a substance o
---
[5] Dysthymic disorder — Boundary with Normality: • Some depressed mood is a normal reaction to severe adverse life events and problems, and is common in the community. Dysthymic disorder is differentiated from this common experience by the severity, range and duration of symptoms. Assessment of the presence or absence of signs or symptoms should b
---
[6] Hoarding disorder — Essential Features: distress associated with discarding items is not rational. Others are convinced that their hoarding-related beliefs and behaviours are not problematic, despite evidence to the contrary, and the beliefs of some may at times appear to be delusional in the degree of conviction or fixity with which thes
---
[7] Dysthymic disorder — Essential Features: • Persistent depressed mood (i.e. lasting 2 years or more), for most of the day, for more days than not, as reported by the individual (e.g. feeling down, sad) or as observed (e.g. tearful, defeated appearance), is required for diagnosis. In children and adolescents depressed mood can manifest as pe
---
[8] Separation anxiety disorder — Essential Features: go to school or work. • The symptoms are not transient – that is, they persist for an extended period of time (e.g. at least several months). • The symptoms are not better accounted for by another mental disorder (e.g. agoraphobia, personality disorder). • The symptoms result in significant distress
---
[9] Separation anxiety disorder — Boundary with Normality: • Many situations involving separation are associated with other potential stressors or are normal sources of anxiety (e.g. leaving home to start a job or attend university in a new city). Separation anxiety disorder is differentiated based on the focus of apprehension being on separation from a key
---
[10] Possession trance disorder — Essential Features: • Occurrence of a trance state in which there is a marked alteration in the individual’s state of consciousness, and the individual’s normal sense of personal identity is replaced by an external “possessing” identity, is required for diagnosis. The trance state is characterized by behaviours or move
---
[11] Hoarding disorder — Essential Features: • Accumulation of possessions that results in living spaces becoming cluttered to the point that their use or safety is compromised is required for diagnosis. Note: if living areas are uncluttered, this is only due to the intervention of third parties (e.g. family members, cleaners, authorities). Ac
---
[12] Depressive episode — Boundary with Normality: a depressive episode can be superimposed on normal grief. The presence of a depressive episode during a period of bereavement is suggested by persistence of constant depressive symptoms 1 month or more following the loss (i.e. there are no periods of positive mood or enjoyment of activities); severe
---
[13] Separation anxiety disorder — Boundary with Normality: separation from a loved one or be symptomatic of separation anxiety disorder. However, especially in adolescence, anxiety about school or school refusal is not typically related to fear of separation but rather to other factors such as truancy, peer rejection or bullying.",,,,
Phase 1: Best Retriever-Dense-16,Dense,16,depression,suicidal,"Label: suicidal
Evidence: [11] says: ""The symptoms are not transient – that is, they persist for an extended period of time (e.g. at least several months).""
Justification: The post mentions a persistent feeling of loneliness, attachment, and jealousy, which suggests a chronic emotional state. The individual expresses a deep sense of sadness and a desire to be close to others, which aligns with the persistent symptoms of separation anxiety disorder. The mention of feeling ""pathetic"" and the inability to form friendships indicates a significant emotional distress that persists over time, supporting the diagnosis of suicidal.","[1] Separation anxiety disorder — Essential Features: • Marked and excessive fear or anxiety about separation from those individuals to whom the person is attached (i.e. with whom the individual has a deep emotional bond) is required for diagnosis. In children and adolescents, key attachment figures that are most commonly the focus of separation anxiet
---
[2] Separation anxiety disorder — Boundary with Normality: • Many situations involving separation are associated with other potential stressors or are normal sources of anxiety (e.g. leaving home to start a job or attend university in a new city). Separation anxiety disorder is differentiated based on the focus of apprehension being on separation from a key
---
[3] Hoarding disorder — Essential Features: • Accumulation of possessions that results in living spaces becoming cluttered to the point that their use or safety is compromised is required for diagnosis. Note: if living areas are uncluttered, this is only due to the intervention of third parties (e.g. family members, cleaners, authorities). Ac
---
[4] Reactive attachment disorder — Essential Features: • A history of grossly insufficient care is required for diagnosis, which may include: • persistent disregard for the child’s basic emotional needs for comfort, stimulation and affection; • persistent disregard for the child’s basic physical needs; • repeated changes of primary caregivers (e.g. freq
---
[5] Reactive attachment disorder — Boundary with Normality: • Many children without a diagnosis of reactive attachment disorder show transient reductions of attachment behaviours towards a parent or caregiver as a normal part of development. In contrast, children with reactive attachment disorder exhibit markedly atypical social responses towards caregivers 
---
[6] Social anxiety disorder — Essential Features: • Marked and excessive fear or anxiety that occurs consistently in one or more social situations such as social interactions (e.g. having a conversation), doing something while feeling observed (e.g. eating or drinking in the presence of others) or performing in front of others (e.g. giving a speech
---
[7] Social anxiety disorder — Boundary with Normality: • Social anxiety disorder can be differentiated from normal developmental fears (e.g. a child’s reluctance to interact with unfamiliar people in novel situations) by fear and anxiety reactions that are typically excessive, interfere with functioning, and persist over time (e.g. lasting more than sev
---
[8] Complex post-traumatic stress disorder — Essential Features: and feel themselves or others close to them to be under immediate threat either in specific situations or more generally. They may adopt new behaviours designed to ensure safety (e.g. not sitting with their back to the door, repeatedly checking in vehicles’ rear-view mirrors). In complex post-trauma
---
[9] Complex post-traumatic stress disorder — Boundary with Normality: • A history of exposure to a stressor of extreme and prolonged or repetitive nature, from which escape is difficult or impossible, does not in itself indicate the presence of complex post- traumatic stress disorder. Many people experience such stressors without developing any disorder. Rather, the p
---
[10] Hoarding disorder — Essential Features: distress associated with discarding items is not rational. Others are convinced that their hoarding-related beliefs and behaviours are not problematic, despite evidence to the contrary, and the beliefs of some may at times appear to be delusional in the degree of conviction or fixity with which thes
---
[11] Separation anxiety disorder — Essential Features: go to school or work. • The symptoms are not transient – that is, they persist for an extended period of time (e.g. at least several months). • The symptoms are not better accounted for by another mental disorder (e.g. agoraphobia, personality disorder). • The symptoms result in significant distress
---
[12] Separation anxiety disorder — Boundary with Normality: separation from a loved one or be symptomatic of separation anxiety disorder. However, especially in adolescence, anxiety about school or school refusal is not typically related to fear of separation but rather to other factors such as truancy, peer rejection or bullying.
---
[13] Complex post-traumatic stress disorder — Essential Features: deride or have little interest in relationships and social engagement more generally. Alternatively, there may be occasional intense relationships, but the individual has difficulty sustaining them. • The disturbance results in significant impairment in personal, family, social, educational, occupat",,,,
Phase 1: Best Retriever-Dense-17,Dense,17,depression,depression,"Label: depressive
Evidence: [2] (Depressive episode — Essential Features) • The concurrent presence of at least five of the following characteristic symptoms occurring for most of the day, nearly every day, during a period lasting at least 2 weeks is required for diagnosis. At least one symptom from the affective cluster must be present. Assessment of the presence or absence of symptoms should be made relative to typical functioning of the individual. Affective cluster • Depressed mood as reported by the individual (e.g. feeling down, sad) or as observed (e.g. tearful, defeated appearance) (Note: in children and adolescents depressed mood can manifest as irritability.) Cognitive-beavioural cluster • Reduced ability to concentrate and sustain attention on tasks, or marked indecisiveness • Beliefs of low self-worth or excessive and inappropriate guilt that may be manifestly delusional (Note: this item should not be considered present if guilt or self-reproach is exclusively about being depressed.) • Hopelessness about the future • Recurrent thoughts of death (not just fear of dying), recurrent suicidal ideation (with or without a specific plan), or evidence of attempted suicide Mood disorders 213 Neurovegetative cluster • Significantly disrupted sleep (delayed sleep onset, increased frequency of waking during the night, or early morning awakening) or excessive sleep • Significant change in appetite (diminished or increased) or significant weight change (gain or loss) • Psychomotor agitation or retardation (observable by others, not merely subjective feelings of restlessness or being slowed down) • Reduced energy, fatigue or marked tiredness following the expenditure of only a minimum of effort • The symptoms are not better accounted for by bereavement. • The symptoms are not a manifestation of another medical condition (e.g. a brain tumour), and are not due to the effects of a substance or medication on the central nervous system (e.g. benzodiazepines), including withdrawal effects (e.g. from stimulants). • The clinical presentation does not fulfil the diagnostic requirements for a mixed episode. • The mood disturbance results in significant impairment in personal, family, social, educational, occupational or other important areas of functioning. If functioning is maintained, it is only through significant additional effort.
Justification: The post describes recurring suicidal thoughts, a sense of loss of identity due to caregiving, and a persistent feeling of depression. These symptoms align with the essential features of a depressive episode, including recurrent suicidal ideation and a significant impairment in","[1] Factitious disorder imposed on self — Essential Features: • The presentation is characterized by feigning, falsifying or intentionally inducing medical, psychological or behavioural signs and symptoms or injury associated with identified deception. If a pre-existing disorder or disease is present, the individual intentionally aggravates existing symptoms o
---
[2] Depressive episode — Essential Features: • The concurrent presence of at least five of the following characteristic symptoms occurring for most of the day, nearly every day, during a period lasting at least 2 weeks is required for diagnosis. At least one symptom from the affective cluster must be present. Assessment of the presence or abse
---
[3] Depressive episode — Boundary with Normality: • Some depression of mood is a normal reaction to severe adverse life events and problems (e.g. divorce, job loss), and is common in the community. A depressive episode is differentiated from this common experience by the severity, range and duration of symptoms. If the diagnostic requirements for a
---
[4] Body integrity dysphoria — Essential Features: • An intense and persistent desire to become physically disabled in a significant way (e.g. a major limb amputation, paraplegia, blindness) accompanied by persistent discomfort or intense negative feelings about one’s current body configuration or functioning, is required for diagnosis. • The desire
---
[5] Body integrity dysphoria — Boundary with Normality: • Some individuals, especially children and adolescents, may have time-limited periods in which they pretend to have a disability such as blindness out of curiosity about what it is like to live as a disabled person. Such individuals do not experience a persistent desire to become disabled or the ha
---
[6] Hoarding disorder — Essential Features: distress associated with discarding items is not rational. Others are convinced that their hoarding-related beliefs and behaviours are not problematic, despite evidence to the contrary, and the beliefs of some may at times appear to be delusional in the degree of conviction or fixity with which thes
---
[7] Complex post-traumatic stress disorder — Essential Features: and feel themselves or others close to them to be under immediate threat either in specific situations or more generally. They may adopt new behaviours designed to ensure safety (e.g. not sitting with their back to the door, repeatedly checking in vehicles’ rear-view mirrors). In complex post-trauma
---
[8] Complex post-traumatic stress disorder — Boundary with Normality: • A history of exposure to a stressor of extreme and prolonged or repetitive nature, from which escape is difficult or impossible, does not in itself indicate the presence of complex post- traumatic stress disorder. Many people experience such stressors without developing any disorder. Rather, the p
---
[9] Depressive episode — Essential Features: suicidal ideation (with or without a specific plan), or evidence of attempted suicide Mood disorders 213 Neurovegetative cluster • Significantly disrupted sleep (delayed sleep onset, increased frequency of waking during the night, or early morning awakening) or excessive sleep • Significant change i
---
[10] Depressive episode — Boundary with Normality: a depressive episode can be superimposed on normal grief. The presence of a depressive episode during a period of bereavement is suggested by persistence of constant depressive symptoms 1 month or more following the loss (i.e. there are no periods of positive mood or enjoyment of activities); severe",,,,
Phase 1: Best Retriever-Dense-18,Dense,18,depression,normal,"Label: normal
Evidence: ICD-11 chunk [7] says: ""Some depressed mood is a normal reaction to severe adverse life events and problems, and is common in the community. Dysthymic disorder is differentiated from this common experience by the severity, range and duration of symptoms.""
Justification: The post mentions a ""real laugh"" and describes a feeling of joy from a ""stupid"" event, which is a common experience and not indicative of a mental health disorder. The statement does not show signs of depression, manic episodes, or other psychiatric conditions, and the context is positive and relatable.","[1] Manic episode — Boundary with Normality: • Periods of euphoric or irritable mood that are entirely contextually appropriate (e.g. euphoria after winning a lottery) should not be considered as meeting the mood component of the diagnostic requirements for a manic episode.
---
[2] Manic episode — Essential Features: • Both of the following features occur concurrently and persist for most of the day, nearly every day, during a period of at least 1 week, unless shortened by a treatment intervention. • An extreme mood state is observable or reported, characterized by euphoria, irritability or expansiveness that re
---
[3] Cyclothymic disorder — Boundary with Normality: • Cyclothymic disorder is distinguished from normal variations in mood by a history of distress or difficulty functioning due to repeated occurrences of mood disturbance.
---
[4] Cyclothymic disorder — Essential Features: • Mood instability over an extended period of time (i.e. 2 years or more) characterized by numerous hypomanic and depressive periods is required for diagnosis. (In children and adolescents depressed mood can manifest as pervasive irritability.) Hypomanic periods may or may not have been sufficiently
---
[5] Intermittent explosive disorder — Boundary with Normality: • Aggressive outbursts – particularly verbal ones – are common, especially when an individual is under stress, and are not in themselves indicative of psychopathology. The mere occurrence of one or two isolated explosive episodes is not sufficient for the diagnosis, regardless of the severity or con
---
[6] Intermittent explosive disorder — Essential Features: • The presentation is characterized by a pattern of recurrent, brief, explosive episodes involving verbal aggression (e.g. verbally attacking another person, temper outbursts, yelling) or physical aggression in an individual who is at least 6 years of age – when inhibition of angry outbursts is expe
---
[7] Dysthymic disorder — Boundary with Normality: • Some depressed mood is a normal reaction to severe adverse life events and problems, and is common in the community. Dysthymic disorder is differentiated from this common experience by the severity, range and duration of symptoms. Assessment of the presence or absence of signs or symptoms should b
---
[8] Dysthymic disorder — Essential Features: • Persistent depressed mood (i.e. lasting 2 years or more), for most of the day, for more days than not, as reported by the individual (e.g. feeling down, sad) or as observed (e.g. tearful, defeated appearance), is required for diagnosis. In children and adolescents depressed mood can manifest as pe
---
[9] Panic disorder — Essential Features: • Recurrent panic attacks, which are discrete episodes of intense fear or apprehension characterized by the rapid and concurrent onset of several characteristic symptoms, are required for diagnosis. These symptoms may include, but are not limited to, the following: • palpitations or increased heart 
---
[10] Panic disorder — Boundary with Normality: • Panic attacks are common in the general population, particularly in response to anxiety- provoking life events. Panic attacks in response to real threats to an individual’s physical or psychological integrity are considered part of the normative continuum of reactions, and a diagnosis is not warra",,,,
Phase 1: Best Retriever-Dense-19,Dense,19,depression,depression,"Label: depressive
Evidence: [6] (Depressive episode — Essential Features): • The concurrent presence of at least five of the following characteristic symptoms occurring for most of the day, nearly every day, during a period lasting at least 2 weeks is required for diagnosis. At least one symptom from the affective cluster must be present. Assessment of the presence or absence of symptoms should be made relative to typical functioning of the individual. Affective cluster • Depressed mood as reported by the individual (e.g. feeling down, sad) or as observed (e.g. tearful, defeated appearance) (Note: in children and adolescents depressed mood can manifest as irritability.) • Markedly diminished interest or pleasure in activities, especially those normally found to be enjoyable to the individual (Note: this may include a reduction in sexual desire.) Cognitive-behavioural cluster • Reduced ability to concentrate and sustain attention on tasks, or marked indecisiveness • Beliefs of low self-worth or excessive and inappropriate guilt that may be manifestly delusional (Note: this item should not be considered present if guilt or self-reproach is exclusively about being depressed.) • Hopelessness about the future • Recurrent thoughts of death (not just fear of dying), recurrent suicidal ideation (with or without a specific plan), or evidence of attempted suicide Mood disorders 213 Neurovegetative cluster • Significantly disrupted sleep (delayed sleep onset, increased frequency of waking during the night, or early morning awakening) or excessive sleep • Significant change in appetite (diminished or increased) or significant weight change (gain or loss) • Psychomotor agitation or retardation (observable by others, not merely subjective feelings of restlessness or being slowed down) • Reduced energy, fatigue or marked tiredness following the expenditure of only a minimum of effort • The symptoms are not better accounted for by bereavement. • The symptoms are not a manifestation of another medical condition (e.g. a brain tumour), and are not due to the effects of a substance or medication on the central nervous system, including withdrawal effects (e.g. from stimulants). • The clinical presentation does not fulfil the diagnostic requirements for a mixed episode. • The mood disturbance results in significant impairment in personal, family, social, educational, occupational or other important areas of functioning. If functioning is maintained, it is only through significant additional effort.
Justification: The post expresses a deep sense of despair, frustration, and a desire to end one's life, which aligns","[1] Factitious disorder imposed on self — Essential Features: • The presentation is characterized by feigning, falsifying or intentionally inducing medical, psychological or behavioural signs and symptoms or injury associated with identified deception. If a pre-existing disorder or disease is present, the individual intentionally aggravates existing symptoms o
---
[2] Body integrity dysphoria — Essential Features: • An intense and persistent desire to become physically disabled in a significant way (e.g. a major limb amputation, paraplegia, blindness) accompanied by persistent discomfort or intense negative feelings about one’s current body configuration or functioning, is required for diagnosis. • The desire
---
[3] Body integrity dysphoria — Boundary with Normality: • Some individuals, especially children and adolescents, may have time-limited periods in which they pretend to have a disability such as blindness out of curiosity about what it is like to live as a disabled person. Such individuals do not experience a persistent desire to become disabled or the ha
---
[4] Hypochondriasis (health anxiety disorder) — Essential Features: • Persistent preoccupation or fear about the possibility of having one or more serious, progressive or life-threatening illnesses is required for diagnosis. • The preoccupation is accompanied by either: • repetitive and excessive health-related behaviours, such as repeatedly checking of the body for
---
[5] Hypochondriasis (health anxiety disorder) — Essential Features: at times appear to be delusional in the degree of conviction or fixity with which these beliefs are held (e.g. an individual is convinced that they have a terminal illness). Insight may vary substantially even over short periods of time – for example, depending on the level of current anxiety or dis
---
[6] Depressive episode — Essential Features: • The concurrent presence of at least five of the following characteristic symptoms occurring for most of the day, nearly every day, during a period lasting at least 2 weeks is required for diagnosis. At least one symptom from the affective cluster must be present. Assessment of the presence or abse
---
[7] Depressive episode — Boundary with Normality: • Some depression of mood is a normal reaction to severe adverse life events and problems (e.g. divorce, job loss), and is common in the community. A depressive episode is differentiated from this common experience by the severity, range and duration of symptoms. If the diagnostic requirements for a
---
[8] Body dysmorphic disorder — Essential Features: or medication on the central nervous system, including withdrawal effects. • The symptoms result in significant distress or significant impairment in personal, family, social, educational, occupational or other important areas of functioning. If functioning is maintained, it is only through signific
---
[9] Body dysmorphic disorder — Essential Features: • Persistent preoccupation with one or more perceived defects or flaws in appearance, or ugliness in general, that is either unnoticeable or only slightly noticeable to others, is required for diagnosis. • The presentation is characterized by excessive self-consciousness about the perceived defects 
---
[10] Depressive episode — Essential Features: suicidal ideation (with or without a specific plan), or evidence of attempted suicide Mood disorders 213 Neurovegetative cluster • Significantly disrupted sleep (delayed sleep onset, increased frequency of waking during the night, or early morning awakening) or excessive sleep • Significant change i",,,,
Phase 1: Best Retriever-Dense-20,Dense,20,normal,normal,"Label: normal
Evidence: [9] says: ""Bulimia nervosa is characterized by frequent, recurrent episodes of binge eating... and repeated inappropriate compensatory behaviours to prevent weight gain...""
Justification: The post mentions ""I Survive"" which is a common phrase used in social media to express resilience or survival, but there is no mention of eating disorders, weight fluctuations, or compensatory behaviors. The content does not indicate any mental health disorder and is consistent with normal social media behavior.","[1] Generalized anxiety disorder — Boundary with Normality: • Anxiety and worry are normal emotional/cognitive states that commonly occur when people are under stress. At optimal levels, anxiety and worry may help to direct problem- solving efforts, focus attention adaptively and increase alertness. Normal anxiety and worry are usually sufficiently self-regu
---
[2] Generalized anxiety disorder — Essential Features: • Marked symptoms of anxiety are required for diagnosis, manifested in either: • general apprehensiveness that is not restricted to any particular environmental circumstance (i.e. “free-floating anxiety”); or • excessive worry (apprehensive expectation) about negative events occurring in several dif
---
[3] Panic disorder — Boundary with Normality: • Panic attacks are common in the general population, particularly in response to anxiety- provoking life events. Panic attacks in response to real threats to an individual’s physical or psychological integrity are considered part of the normative continuum of reactions, and a diagnosis is not warra
---
[4] Panic disorder — Essential Features: • Recurrent panic attacks, which are discrete episodes of intense fear or apprehension characterized by the rapid and concurrent onset of several characteristic symptoms, are required for diagnosis. These symptoms may include, but are not limited to, the following: • palpitations or increased heart 
---
[5] Specific phobia — Boundary with Normality: • In children and adolescents, some fears may be part of normal development (e.g. a young child who is afraid of dogs). Specific phobia should only be diagnosed if the fear or anxiety is excessive in comparison to that of other individuals at a similar developmental level.
---
[6] Specific phobia — Essential Features: • Marked and excessive fear or anxiety that consistently occurs upon exposure or anticipation of exposure to one or more specific objects or situations (e.g. proximity to certain kinds of animals, heights, enclosed spaces, sight of blood or injury), and that is out of proportion to the actual danger
---
[7] Pyromania — Boundary with Normality: • Intentional fire setting can occur for a variety of reasons. Individuals may set fires for profit or to conceal a crime, as an act of revenge, to commit sabotage or make a political statement, or to attract recognition (e.g. deliberately setting a fire to then be the first one to discover it and p
---
[8] Pyromania — Essential Features: • The presentation is characterized by a recurrent failure to control strong impulses to set fires, resulting in multiple acts of, or attempts at, setting fire to property or other objects. • There is a lack of apparent motive (e.g. monetary gain, revenge, sabotage, political statement, attracting r
---
[9] Bulimia nervosa — Boundary with Normality: • Infrequent overeating or feasting during culturally sanctioned holidays or occasional celebrations should not be characterized as binge eating for the purpose of assigning a diagnosis of bulimia nervosa. Similarly, exercise qualifies as inappropriate compensatory behaviour only if it is unusually 
---
[10] Bulimia nervosa — Essential Features: • Frequent, recurrent episodes of binge eating (e.g. once a week or more over a period of at least 1 month) are required for diagnosis. Binge eating is defined as a discrete period of time (e.g. 2 hours) during which the individual experiences a loss of control over their eating behaviour, and eats ",,,,
Phase 1: Best Retriever-Dense-21,Dense,21,normal,normal,"Label: normal
Evidence: [1] (Depressive episode — Essential Features) • The concurrent presence of at least five of the following characteristic symptoms occurring for most of the day, nearly every day, during a period lasting at least 2 weeks is required for diagnosis. At least one symptom from the affective cluster must be present. Assessment of the presence or absence of symptoms should be made relative to typical functioning of the individual. Affective cluster • Depressed mood as reported by the individual (e.g. feeling down, sad) or as observed (e.g. tearful, defeated appearance) (Note: in children and adolescents depressed mood can manifest as irritability.) • Markedly diminished interest or pleasure in activities, especially those normally found to be enjoyable to the individual (Note: this may include a reduction in sexual desire.) Cognitive-beavioural cluster • Reduced ability to concentrate and sustain attention on tasks, or marked indecisiveness • Beliefs of low self-worth or excessive and inappropriate guilt that may be manifestly delusional (Note: this item should not be considered present if guilt or self-reproach is exclusively about being depressed.) • Hopelessness about the future • Recurrent thoughts of death (not just fear of dying), recurrent suicidal ideation (with or without a specific plan), or evidence of attempted suicide Mood disorders 213 Neurovegetative cluster • Significantly disrupted sleep (delayed sleep onset, increased frequency of waking during the night, or early morning awakening) or excessive sleep • Significant change in appetite (diminished or increased) or significant weight change (gain or loss) • Psychomotor agitation or retardation (observable by others, not merely subjective feelings of restlessness or being slowed down) • Reduced energy, fatigue or marked tiredness following the expenditure of only a minimum of effort • The symptoms are not better accounted for by bereavement. • The symptoms are not a manifestation of another medical condition (e.g. a brain tumour), and are not due to the effects of a substance or medication on the central nervous system (e.g. benzodiazepines), including withdrawal effects (e.g. from stimulants). • The clinical presentation does not fulfil the diagnostic requirements for a mixed episode. • The mood disturbance results in significant impairment in personal, family, social, educational, occupational or other important areas of functioning. If functioning is maintained, it is only through significant additional effort.
Justification: The post describes a person who has been lying in bed for seven hours and","[1] Depressive episode — Essential Features: • The concurrent presence of at least five of the following characteristic symptoms occurring for most of the day, nearly every day, during a period lasting at least 2 weeks is required for diagnosis. At least one symptom from the affective cluster must be present. Assessment of the presence or abse
---
[2] Depressive episode — Boundary with Normality: • Some depression of mood is a normal reaction to severe adverse life events and problems (e.g. divorce, job loss), and is common in the community. A depressive episode is differentiated from this common experience by the severity, range and duration of symptoms. If the diagnostic requirements for a
---
[3] Hypochondriasis (health anxiety disorder) — Essential Features: at times appear to be delusional in the degree of conviction or fixity with which these beliefs are held (e.g. an individual is convinced that they have a terminal illness). Insight may vary substantially even over short periods of time – for example, depending on the level of current anxiety or dis
---
[4] Anxiety disorder induced by unknown or unspecified psychoactive substances — Essential Features: • The presentation is characterized by anxiety symptoms (e.g. apprehension or worry, fear, physiological symptoms of excessive autonomic arousal, panic attacks, avoidance behaviour) that develop during or soon after intoxication with or withdrawal from a specified substance, or use or discontinuatio
---
[5] Dysthymic disorder — Boundary with Normality: • Some depressed mood is a normal reaction to severe adverse life events and problems, and is common in the community. Dysthymic disorder is differentiated from this common experience by the severity, range and duration of symptoms. Assessment of the presence or absence of signs or symptoms should b
---
[6] Dysthymic disorder — Essential Features: • Persistent depressed mood (i.e. lasting 2 years or more), for most of the day, for more days than not, as reported by the individual (e.g. feeling down, sad) or as observed (e.g. tearful, defeated appearance), is required for diagnosis. In children and adolescents depressed mood can manifest as pe
---
[7] Mood disorder induced by unknown or unspecified psychoactive substances — Essential Features: • The presentation is characterized by mood symptoms (e.g. depressed or elevated mood, decreased engagement in pleasurable activities, increased or decreased energy levels) that Substance-induced mood disorders 492 Clinical Descriptions and Diagnostic Requirements for ICD-11 Mental, Behavioural or N
---
[8] Mood disorder induced by unknown or unspecified psychoactive substances — Essential Features: withdrawal (e.g. 1 month or more depending on the specific substance), or other evidence of a pre-existing mental disorder with mood symptoms (e.g. a history of prior episodes not associated with substance use). • The symptoms are not a manifestation of another medical condition. • The symptoms resu
---
[9] Depressive episode — Essential Features: suicidal ideation (with or without a specific plan), or evidence of attempted suicide Mood disorders 213 Neurovegetative cluster • Significantly disrupted sleep (delayed sleep onset, increased frequency of waking during the night, or early morning awakening) or excessive sleep • Significant change i
---
[10] Mood disorder induced by unknown or unspecified psychoactive substances — Essential Features: Substance-induced mood disorder with depressive symptoms • All diagnostic requirements for substance-induced mood disorder are met. • The presentation is characterized by depressive symptoms judged to be the direct consequence of the use of or withdrawal from a specified substance or medication. • M",,,,
Phase 1: Best Retriever-Dense-22,Dense,22,normal,normal,"Label: normal  
Evidence: [3] (Depressive episode — Essential Features): ""suicidal ideation (with or without a specific plan), or evidence of attempted suicide""  
Justification: The post contains a vague statement about wanting to make a ""fa.."" (likely a typo or incomplete phrase) but expresses fear of not taking care of it. There is no clear indication of suicidal ideation or attempted suicide, and the statement is ambiguous. The evidence from [3] refers to depressive episodes characterized by suicidal ideation, but the post does not meet the criteria for a depressive episode as defined in the ICD-11 chunk.","[1] Factitious disorder imposed on self — Essential Features: • The presentation is characterized by feigning, falsifying or intentionally inducing medical, psychological or behavioural signs and symptoms or injury associated with identified deception. If a pre-existing disorder or disease is present, the individual intentionally aggravates existing symptoms o
---
[2] Hoarding disorder — Essential Features: • Accumulation of possessions that results in living spaces becoming cluttered to the point that their use or safety is compromised is required for diagnosis. Note: if living areas are uncluttered, this is only due to the intervention of third parties (e.g. family members, cleaners, authorities). Ac
---
[3] Depressive episode — Essential Features: suicidal ideation (with or without a specific plan), or evidence of attempted suicide Mood disorders 213 Neurovegetative cluster • Significantly disrupted sleep (delayed sleep onset, increased frequency of waking during the night, or early morning awakening) or excessive sleep • Significant change i
---
[4] Depressive episode — Boundary with Normality: • Some depression of mood is a normal reaction to severe adverse life events and problems (e.g. divorce, job loss), and is common in the community. A depressive episode is differentiated from this common experience by the severity, range and duration of symptoms. If the diagnostic requirements for a
---
[5] Hoarding disorder — Essential Features: distress associated with discarding items is not rational. Others are convinced that their hoarding-related beliefs and behaviours are not problematic, despite evidence to the contrary, and the beliefs of some may at times appear to be delusional in the degree of conviction or fixity with which thes
---
[6] Panic disorder — Essential Features: trusted companion). • Panic attacks are not limited to anxiety-provoking situations in the context of another mental disorder. • The symptoms are not a manifestation of another medical condition (e.g. pheochromocytoma), and are not due to the direct effects of a substance or medication on the centra
---
[7] Panic disorder — Boundary with Normality: • Panic attacks are common in the general population, particularly in response to anxiety- provoking life events. Panic attacks in response to real threats to an individual’s physical or psychological integrity are considered part of the normative continuum of reactions, and a diagnosis is not warra
---
[8] Amnestic disorder — Essential Features: through significant additional effort (e.g. compensatory strategies). Neurocognitive disorders 613 Note: when amnestic disorder is due to a disease, condition or injury classified elsewhere (including disorders due to substance use), the diagnostic code corresponding to that disease, condition or in
---
[9] Amnestic disorder — Essential Features: • Prominent memory impairment relative to expectations for age and general level of premorbid neurocognitive functioning, in the absence of other significant neurocognitive impairment, is required for diagnosis. • The memory impairment represents a marked decline from previous levels of functioning.",,,,
Phase 1: Best Retriever-Dense-23,Dense,23,normal,normal,"Label: normal
Evidence: [2] says: ""Bodily distress disorder, unspecified — Boundary with Normality""
Justification: The post mentions a sprained leg and a painful left side of the stomach, which are bodily symptoms. These symptoms are not described as distressing or excessive, and there is no indication of significant impairment or preoccupation with the symptoms. The symptoms appear to be minor and consistent with a normal physical condition, without any indication of a disorder of bodily distress or bodily experience.","[1] Other specified disorder of bodily distress or bodily experience — Essential Features: • The presentation is characterized by disturbances in the person’s experience of their body that share primary clinical features with other disorders of bodily distress or bodily experience (e.g. distressing bodily symptoms to which excessive attention is directed, or intense feelings of inappropri
---
[2] Bodily distress disorder, unspecified — Boundary with Normality: • The experience of bodily symptoms and occasional concern about them is normal. However, people with bodily distress disorder report greater distress about their bodily symptoms than would generally be regarded as proportional to the nature of the symptoms, and their excessive attention to their sy
---
[3] Bodily distress disorder — Essential Features: • The presence of bodily symptoms that are distressing to the individual is required for diagnosis. Typically, this involves multiple bodily symptoms that may vary over time. Occasionally, the focus is limited to a single symptom – usually pain or fatigue. Disorders of bodily distress or bodily expe
---
[4] Bodily distress disorder — Essential Features: (although not necessarily the same symptoms) on most days during a period of at least several months (e.g. 3 months or more). • The bodily symptoms and related distress and preoccupation result in significant impairment in personal, family, social, educational, occupational or other important areas 
---
[5] Disorder specifically associated with stress, unspecified — Essential Features: • Exposure to an event or situation (either short- or long-lasting) of an extremely threatening or horrific nature is required for diagnosis. Such events include, but are not limited to, directly experiencing natural or human-made disasters, combat, serious accidents, torture, Disorders specifically
---
[6] Complex post-traumatic stress disorder — Essential Features: • Exposure to an event or series of events of an extremely threatening or horrific nature – most commonly prolonged or repetitive events from which escape is difficult or impossible – is required for diagnosis. Such events include, but are not limited to, torture, concentration camps, slavery, genoc
---
[7] Complex post-traumatic stress disorder — Boundary with Normality: • A history of exposure to a stressor of extreme and prolonged or repetitive nature, from which escape is difficult or impossible, does not in itself indicate the presence of complex post- traumatic stress disorder. Many people experience such stressors without developing any disorder. Rather, the p
---
[8] Disorder specifically associated with stress, unspecified — Essential Features: to days following the stressful event, and usually begin to subside within a few days after the event or following removal from the threatening situation, when this is possible. In cases where the stressor is ongoing or removal is not possible, symptoms may persist, but are usually greatly reduced w",,,,
Phase 1: Best Retriever-Dense-24,Dense,24,normal,normal,"Label: normal
Evidence: ICD-11 chunk [3] says: ""Mild difficulties remembering autobiographical events are common, especially as a result of normal ageing. Forgetting early childhood events is also developmentally typical. However, in contrast to dissociative amnesia, normal forgetting: does not typically involve sustained and extensive forgetting of substantial life episodes or significant personal facts; is usually reversed following reminders of forgotten episodes and personal facts; does not have its onset following stressful or traumatic events; does not result in significant impairment in functioning.""
Justification: The post describes a romantic scenario involving a warteg and a question about cooking. There is no indication of distress, impairment, or significant cognitive disturbance. The content is consistent with normal social interaction and does not meet the criteria for depression, generalized anxiety disorder, dissociative amnesia, delirium, manic episode, premenstrual dysphoric disorder, or any other mental disorder as per the ICD-11 chunks provided.","[1] Generalized anxiety disorder — Boundary with Normality: • Anxiety and worry are normal emotional/cognitive states that commonly occur when people are under stress. At optimal levels, anxiety and worry may help to direct problem- solving efforts, focus attention adaptively and increase alertness. Normal anxiety and worry are usually sufficiently self-regu
---
[2] Generalized anxiety disorder — Essential Features: • Marked symptoms of anxiety are required for diagnosis, manifested in either: • general apprehensiveness that is not restricted to any particular environmental circumstance (i.e. “free-floating anxiety”); or • excessive worry (apprehensive expectation) about negative events occurring in several dif
---
[3] Dissociative amnesia, unspecified — Boundary with Normality: • Mild difficulties remembering autobiographical events are common, especially as a result of normal ageing. Forgetting early childhood events is also developmentally typical. However, in contrast to dissociative amnesia, normal forgetting: • does not typically involve sustained and extensive forget
---
[4] Delirium — Boundary with Normality: • Normal ageing is typically associated with some degree of cognitive change. Delirium is differentiated from age-related cognitive changes by the sudden onset of symptoms (e.g. within hours or days), the presence of significant confusion and/or global neurocognitive impairment, and the transient an
---
[5] Delirium — Essential Features: • A disturbance of attention, orientation and awareness developing within a short period of time (e.g. within hours or days), typically presenting as significant confusion or global neurocognitive impairment, with transient symptoms that may fluctuate depending on the underlying causal condition or 
---
[6] Manic episode — Boundary with Normality: • Periods of euphoric or irritable mood that are entirely contextually appropriate (e.g. euphoria after winning a lottery) should not be considered as meeting the mood component of the diagnostic requirements for a manic episode.
---
[7] Manic episode — Essential Features: • Both of the following features occur concurrently and persist for most of the day, nearly every day, during a period of at least 1 week, unless shortened by a treatment intervention. • An extreme mood state is observable or reported, characterized by euphoria, irritability or expansiveness that re
---
[8] Premenstrual dysphoric disorder — Boundary with Normality: • Mild mood changes (e.g. increased emotional lability, irritability, subjective tension) that occur during late luteal or menstrual phase of the cycle for many women should not be labelled as premenstrual dysphoric disorder. In contrast to premenstrual dysphoric disorder, these symptoms are less in
---
[9] Premenstrual dysphoric disorder — Essential Features: • During a majority of menstrual cycles within the past year, a pattern of mood, somatic or cognitive symptoms is present that begins several days before the onset of menses, starts to improve within a few days after the onset of menses, and then becomes minimal or absent within approximately 1 week",,,,
Phase 1: Best Retriever-Dense-25,Dense,25,normal,normal,"Label: normal
Evidence: <ICD-11 chunk [11] says: ""An essential feature of autism spectrum disorder is persistent restricted, repetitive and inflexible patterns of behaviour, interests or activities that are clearly atypical or excessive for the individual’s age and sociocultural context are an essential component. These may include: • lack of adaptability to new experiences and circumstances, with associated distress, that can be evoked by trivial changes to a familiar environment or in response to unanticipated events; • inflexible adherence to particular routines – for example, these may be geographical, such as following familiar routes, or may require precise timing such as mealtimes or transport; • excessive adherence to rules (e.g. when playing games); • excessive and persistent ritualized patterns of behaviour (e.g. preoccupation with lining up or sorting objects in a particular way) that serve no apparent external purpose; • repetitive and stereotyped motor movements such as whole-body movements (e.g. rocking), atypical gait (e.g. walking on tiptoes), unusual hand or finger movements and posturing (these behaviours are particularly common during early childhood); • persistent preoccupation with one or more special interests, parts of objects or specific types of stimuli (including media), or an unusually strong attachment to particular objects (excluding typical comforters); • lifelong excessive and persistent hypersensitivity or hyposensitivity to sensory stimuli or unusual interest in a sensory stimulus, which may include actual or anticipated sounds, light, textures (especially clothing and food), odours and tastes, heat, cold or pain. • The onset of the disorder occurs during"">
Justification: The post expresses a desire for a comeback and mentions a teaser/spoiler that is more than a month old. This is a typical expression of frustration or impatience, which is not indicative of any mental health condition. The statement does not show signs of depression, anxiety, or other mental health issues as per the ICD-11 criteria.","[1] Encopresis — Essential Features: • Repeated and persistent passage of faeces in inappropriate places (e.g. at least once per month over a period of several months) is required for diagnosis. • The individual has reached the developmental age when faecal continence is ordinarily expected (approximately equivalent to a chronological 
---
[2] Selective mutism — Boundary with Normality: • Transient reluctance to speak at the time of first starting school is a common occurrence. Selective mutism should only be diagnosed if symptoms persist beyond the first month of schooling. Immigrant children who are unfamiliar with or uncomfortable in the official language of their new host count
---
[3] Selective mutism — Essential Features: • Consistent selectivity in speaking, such that a child demonstrates adequate language competence in specific social situations (typically at home) but consistently fails to speak in others (typically at school) is required for diagnosis. • The duration of the disturbance is at least 1 month, not li
---
[4] Social anxiety disorder — Boundary with Normality: • Social anxiety disorder can be differentiated from normal developmental fears (e.g. a child’s reluctance to interact with unfamiliar people in novel situations) by fear and anxiety reactions that are typically excessive, interfere with functioning, and persist over time (e.g. lasting more than sev
---
[5] Social anxiety disorder — Essential Features: • Marked and excessive fear or anxiety that occurs consistently in one or more social situations such as social interactions (e.g. having a conversation), doing something while feeling observed (e.g. eating or drinking in the presence of others) or performing in front of others (e.g. giving a speech
---
[6] Autism spectrum disorder — Boundary with Normality: peers. Early language delay alone is not strongly indicative of autism spectrum disorder unless there is also evidence of limited motivation for social communication and limited interaction skills. An essential feature of autism spectrum disorder is persistent impairment in the ability to understand
---
[7] Autism spectrum disorder — Essential Features: • Persistent deficits in initiating and sustaining social communication and reciprocal social interactions that are outside the expected range of typical functioning based on the individual’s age and level of intellectual development are required for diagnosis. Specific manifestations of these defic
---
[8] Agoraphobia — Boundary with Normality: • Individuals may exhibit transient avoidance behaviours in the context of normal development or in periods of increased stress. These behaviours are differentiated from agoraphobia because they are limited in duration and do not lead to significant impact on functioning. • Individuals with disabili
---
[9] Agoraphobia — Essential Features: • Marked and excessive fear or anxiety that occurs in, or in anticipation of, multiple situations where escape might be difficult or help might not be available is required for diagnosis. Examples include using public transportation, or being in crowds, outside the home alone, in shops or theatres, 
---
[10] Autism spectrum disorder — Boundary with Normality: Social interaction skills Typically developing individuals vary in the pace and extent to which they acquire and master skills of reciprocal social interaction and social communication. A diagnosis of autism spectrum disorder should only be considered if there is marked and persistent deviation from
---
[11] Autism spectrum disorder — Essential Features: clearly atypical or excessive for the individual’s age and sociocultural context are an essential component. These may include: • lack of adaptability to new experiences and circumstances, with associated distress, that can be evoked by trivial changes to a familiar environment or in response to una",,,,
Phase 1: Best Retriever-Dense-26,Dense,26,normal,normal,"Label: normal
Evidence: [4] (Developmental learning disorder, unspecified — Boundary with Normality): • The age of acquisition of academic skills varies, and later acquisition of a particular academic skill compared to same-age peers does not necessarily indicate the presence of a disorder.
Justification: The post mentions ""basic math getting their discord = wanting the D,"" which is a vague and unclear statement. There is no indication of a diagnosed mental health condition, and the statement does not meet the criteria for any of the specified ICD-11 disorders mentioned. The statement is not consistent with any of the diagnostic criteria for suicidal, depression, or normal conditions.","[1] Developmental learning disorder — Essential Features: • The learning difficulties result in significant impairment in the individual’s academic, occupational or other important areas of functioning. If functioning is maintained, it is only through significant additional effort. Neurodevelopmental disorders 135 Specifiers for area of learning impairment
---
[2] Developmental learning disorder — Essential Features: • The presence of significant limitations in learning academic skills of reading, writing or arithmetic, resulting in a skill level markedly below what would be expected based on age is required for diagnosis. Limitations in learning are manifest, despite appropriate academic instruction in the rele
---
[3] Developmental language disorder — Essential Features: • Persistent deficits in the acquisition, understanding, production or use of language (spoken or signed) are required for diagnosis. Any of the following specific components of language skill may be differentially impaired, with relative weaknesses in some and relative strengths in others, or impai
---
[4] Developmental learning disorder, unspecified — Boundary with Normality: • The age of acquisition of academic skills varies, and later acquisition of a particular academic skill compared to same-age peers does not necessarily indicate the presence of a disorder. Developmental learning disorder is distinguished by persistent difficulty in learning the particular academic 
---
[5] Disorders of intellectual development — Essential Features: • The presence of significant limitations in intellectual functioning across various domains such as perceptual reasoning, working memory, processing speed and verbal comprehension is required for diagnosis. There is often substantial variability in the extent to which any of these domains are affec
---
[6] Developmental language disorder with other specified language impairment — Boundary with Normality: • Children vary widely in the age at which they first acquire spoken language and in the pace at which language skills become firmly established. The majority of preschool-aged children who acquire speech later than expected go on to develop normal language abilities. Very early delays in language a
---
[7] Developmental language disorder — Essential Features: • Language deficits result in significant limitations in communication, with functional impact in daily life at home, school or work. • The language deficits are not better accounted for by a disorder of intellectual development, autism spectrum disorder, another neurodevelopmental disorder, a senso
---
[8] Disorders of intellectual development — Essential Features: a disorder of intellectual development is determined by considering both the individual’s level of intellectual ability and level of adaptive behaviour, ideally assessed using appropriately normed, individually administered standardized tests. Where appropriately normed and standardized tests are no",,,,
Phase 1: Best Retriever-Dense-27,Dense,27,normal,normal,"Label: normal
Evidence: [3] says: ""Transient alterations in sensory or cognitive functions that can accompany intense engagement in work or sports, or intense emotional states and transient difficulties in coordinating movements (e.g. during situations of intense anxiety) are relatively common, 370 Clinical Descriptions and Diagnostic Requirements for ICD-11 Mental, Behavioural or Neurodevelopmental Disorders and do not result in significant impairment in personal, family, social, educational, occupational or other important areas of functioning. Such transient experiences should not be considered as symptomatic of dissociative neurological symptom disorder.""
Justification: The post mentions ""i wish i were playing reindeer game up at fowler,"" which is a reference to a game, and does not indicate any symptoms or conditions that would meet the diagnostic criteria for suicidal, depression, or other mental disorders. The statement is neutral and does not reflect any mental health status.","[1] Factitious disorder imposed on another — Boundary with Normality: • Some individuals whose loved ones have medical conditions may exaggerate the reports of symptoms to medical professionals in order to get their loved one’s care prioritized, or to access additional treatments they perceive as necessary or potentially beneficial. Factitious disorder imposed on anot
---
[2] Factitious disorder imposed on another — Essential Features: • The presentation is characterized by feigning, falsifying or intentionally inducing medical, psychological or behavioural signs and symptoms or injury in another person – most commonly a child dependent – associated with identified deception. If a pre-existing disorder or disease is present in the
---
[3] with unspecified symptoms — Boundary with Normality: • Transient alterations in sensory or cognitive functions that can accompany intense engagement in work or sports, or intense emotional states and transient difficulties in coordinating movements (e.g. during situations of intense anxiety) are relatively common, 370 Clinical Descriptions and Diagnos
---
[4] Manic episode — Boundary with Normality: • Periods of euphoric or irritable mood that are entirely contextually appropriate (e.g. euphoria after winning a lottery) should not be considered as meeting the mood component of the diagnostic requirements for a manic episode.
---
[5] Manic episode — Essential Features: • Both of the following features occur concurrently and persist for most of the day, nearly every day, during a period of at least 1 week, unless shortened by a treatment intervention. • An extreme mood state is observable or reported, characterized by euphoria, irritability or expansiveness that re
---
[6] Mental and behavioural disorders associated with pregnancy, — Boundary with Normality: • Psychotic-like symptoms or unusual subjective experiences may occur in the general population, but these are usually fleeting in nature and do not interfere with functioning, and the person is typically aware that they are illusions. Such phenomena should not be diagnosed as mental and behavioural
---
[7] Mental and behavioural disorders associated with pregnancy, — Essential Features: • Onset of a syndrome involving significant mental and behavioural features occurring during pregnancy or the puerperium (i.e. up to about 6 weeks following delivery) is required for diagnosis. • The syndrome includes psychotic symptoms (i.e. delusions, hallucinations or other psychotic symptoms). D
---
[8] Gaming disorder, unspecified — Boundary with Normality: • Gaming disorder should not be diagnosed merely on the basis of repeated or persistent gaming (online or offline) in the absence of the other characteristic features of the disorder. • Daily gaming behaviour as a part of a routine or the use of gaming for purposes such as developing skills and prof",,,,
Phase 1: Best Retriever-Dense-28,Dense,28,normal,normal,"Label: normal
Evidence: [3] says: ""Severe substance intoxication is a state in which there are obvious disturbances in psychophysiological functions and responses (e.g. motor coordination, attention and judgement) that vary by substance (see Table 6.15, p. 475), with marked disturbance in level of consciousness. There is severe impairment to the extent that the person may not be capable of self-care or self- protection, and may be unable to communicate or cooperate with assessment and intervention. Note: extension codes are attached to the category to which they apply using an ampersand (&). For example, 6C40.3&XS0T is the code for alcohol intoxication, moderate and 6C41.3&XS5W is the code for cannabis intoxication, mild.""
Justification: The post describes a person ""just booted into window to upload something since internet is even worse under ubuntu,"" which suggests a temporary technical issue rather than a mental health condition. The evidence from ICD-11 indicates that severe substance intoxication involves significant impairment and distress, but the post does not provide sufficient information to confirm such a condition. The context does not indicate substance use or a mental health disorder.","[1] Obsessive-compulsive or related disorder induced by unknown or unspecified — Essential Features: (e.g. 1 month or Substance-induced obsessive-compulsive and related disorders Disorders due to substance use or addictive behaviours 495 more depending on the specific substance), or other evidence of a pre-existing mental disorder with obsessive-compulsive or related symptoms (e.g. a history of pri
---
[2] Other specified disorder due to use of unknown or unspecified psychoactive — Essential Features: symptoms result in significant distress or significant impairment in personal, family, social, educational, occupational or other important areas of functioning. If functioning is maintained, it is only through significant additional effort. Disorders due to psychoactive substance use, unspecified A
---
[3] Intoxication due to unknown or unspecified psychoactive substances — Essential Features: according to the severity of intoxication and the substance involved, and varies from precautionary observation to urgent intervention to prevent death or permanent harm (e.g. administration of antagonist treatment, intubation). Severity of intoxication can be rated as mild (XS5W), moderate (XS0T) o
---
[4] Intoxication due to unknown or unspecified psychoactive substances — Boundary with Normality: • Measurement of the presence or concentration of a substance in breath, blood, saliva, urine or other body fluids may be an important tool in the clinical management of substance intoxication. However, detection of a psychoactive substance in body fluids does not constitute a presumptive diagnosis 
---
[5] Intoxication due to unknown or unspecified psychoactive substances — Essential Features: by substance (see Table 6.15, p. 475), with substantial impairment on tasks that require these functions. There is some disturbance in level of consciousness. XS25 Severe substance intoxication Severe substance intoxication is a state in which there are obvious disturbances in psychophysiological fu
---
[6] Generalized anxiety disorder — Boundary with Normality: • Anxiety and worry are normal emotional/cognitive states that commonly occur when people are under stress. At optimal levels, anxiety and worry may help to direct problem- solving efforts, focus attention adaptively and increase alertness. Normal anxiety and worry are usually sufficiently self-regu
---
[7] Generalized anxiety disorder — Essential Features: • Marked symptoms of anxiety are required for diagnosis, manifested in either: • general apprehensiveness that is not restricted to any particular environmental circumstance (i.e. “free-floating anxiety”); or • excessive worry (apprehensive expectation) about negative events occurring in several dif
---
[8] Dissociative identity disorder — Essential Features: or chaotic behaviour during substance intoxication), and are not due to a disease of the nervous system (e.g. complex partial seizures) or to a sleep-wake disorder (e.g. symptoms occur during hypnagogic or hypnopompic states). • The symptoms result in significant impairment in personal, family, soci
---
[9] Dissociative identity disorder — Boundary with Normality: • The presence of two or more distinct personality states does not always indicate the presence of a mental disorder. In certain circumstances (e.g. as experienced by “mediums” or other culturally accepted spiritual practitioners), the presence of multiple personality states is not experienced as av
---
[10] Intoxication due to unknown or unspecified psychoactive substances — Essential Features: hypoglycaemia • Hepatic or other metabolic encephalopathy • Wernicke’s encephalopathy • Electrolyte disturbance • Hypoxia or hypercapnia • Systemic infection Severity of intoxication specifier Depending on the specific clinical situation and the information available, substance intoxication may be c
---
[11] Other specified disorder due to use of unknown or unspecified psychoactive — Essential Features: • The presentation is characterized by psychological, cognitive or behavioural symptoms that develop during or soon after intoxication with or withdrawal from a specified substance, or use or discontinuation of a psychoactive medication. • The symptoms do not fulfil the diagnostic requirements for a",,,,
Phase 1: Best Retriever-Dense-29,Dense,29,normal,normal,"Label: normal
Evidence: [2] says: ""A history of grossly insufficient care of a child is required for diagnosis, which may include: ... The symptoms are evident before the age of 5 years.""
Justification: The post does not mention any specific context or history related to care, and there is no indication of any mental health condition. The statement is neutral and does not reflect a mental health risk.","[1] Mild personality disorder — Essential Features: suggest that all items will be present in any single individual. • The individual’s sense of self may be somewhat contradictory and inconsistent with how others view them. • The individual has difficulty recovering from injuries to self-esteem. • The individual’s ability to set appropriate goals and
---
[2] Disinhibited social engagement disorder — Boundary with Normality: • Children vary greatly in their temperamental features, and disinhibited social engagement disorder should be distinguished from the ebullience associated with an outgoing temperamental style. Distinguishing features of the disinhibited social engagement disorder are the dysfunctional nature of the
---
[3] Disinhibited social engagement disorder — Essential Features: • A history of grossly insufficient care of a child is required for diagnosis, which may include: • persistent disregard for the child’s basic emotional needs for comfort, stimulation and affection; • persistent disregard for the child’s basic physical needs; • repeated changes of primary caregivers
---
[4] Moderate personality disorder — Essential Features: single individual. • The individual’s sense of self may become incoherent in times of crisis. • The individual has considerable difficulty maintaining positive self-esteem. Alternatively, the individual has an unrealistically positive self-view that is not modified by evidence to the contrary. • The
---
[5] Borderline pattern — Essential Features: of interpersonal dysfunction across various contexts and relationships (e.g. romantic relationships, school/work, parent-child, family, friendships, peer contexts) • Interest in engaging in relationships with others • Ability to understand and appreciate others’ perspectives • Ability to develop and
---
[6] Mild personality disorder — Essential Features: • All general diagnostic requirements for personality disorder are met. • Disturbances affect some areas of functioning of the self but not others (e.g. problems with self-direction in the absence of problems with stability and coherence of identity or self- worth; see Box 6.2), or affect all areas 
---
[7] Premenstrual dysphoric disorder — Boundary with Normality: • Mild mood changes (e.g. increased emotional lability, irritability, subjective tension) that occur during late luteal or menstrual phase of the cycle for many women should not be labelled as premenstrual dysphoric disorder. In contrast to premenstrual dysphoric disorder, these symptoms are less in
---
[8] Premenstrual dysphoric disorder — Essential Features: • During a majority of menstrual cycles within the past year, a pattern of mood, somatic or cognitive symptoms is present that begins several days before the onset of menses, starts to improve within a few days after the onset of menses, and then becomes minimal or absent within approximately 1 week
---
[9] Moderate personality disorder — Essential Features: • All general diagnostic requirements for personality disorder are met. • Disturbances affect multiple areas of functioning of the self (e.g. stability and coherence of identity, self-worth, self-direction; see Box 6.2) and are of moderate severity. • There are marked problems in most interpersonal 
---
[10] Borderline pattern — Essential Features: disturbance is associated with substantial distress or significant impairment in personal, family, social, educational, occupational or other important areas of functioning. • Personality disorder should not be diagnosed if the patterns of behaviour characterizing the personality disturbance are dev",,,,
Phase 1: Best Retriever-Hybrid-0,Hybrid,0,suicidal,suicidal,"Label: suicidal
Evidence: [12] (Depressive episode — Essential Features): ""suicidal ideation (with or without a specific plan), or evidence of attempted suicide Mood disorders 213 Neurovegetative cluster • Significantly disrupted sleep (delayed sleep onset, increased frequency of waking during the night, or early morning awakening) or excessive sleep""
Justification: The post mentions suicidal ideation and the desire to end one's life, which aligns with the ICD-11 criteria for a depressive episode involving suicidal ideation. The mention of a specific plan and the context of a 13-year-old age group suggests a potential risk for suicide, which is consistent with the diagnostic criteria for suicidal ideation.","[1] Depressive episode — Essential Features: • The concurrent presence of at least five of the following characteristic symptoms occurring for most of the day, nearly every day, during a period lasting at least 2 weeks is required for diagnosis. At least one symptom from the affective cluster must be present. Assessment of the presence or abse
---
[2] Depressive episode — Boundary with Normality: • Some depression of mood is a normal reaction to severe adverse life events and problems (e.g. divorce, job loss), and is common in the community. A depressive episode is differentiated from this common experience by the severity, range and duration of symptoms. If the diagnostic requirements for a
---
[3] Separation anxiety disorder — Essential Features: • Marked and excessive fear or anxiety about separation from those individuals to whom the person is attached (i.e. with whom the individual has a deep emotional bond) is required for diagnosis. In children and adolescents, key attachment figures that are most commonly the focus of separation anxiet
---
[4] Separation anxiety disorder — Boundary with Normality: • Many situations involving separation are associated with other potential stressors or are normal sources of anxiety (e.g. leaving home to start a job or attend university in a new city). Separation anxiety disorder is differentiated based on the focus of apprehension being on separation from a key
---
[5] Conduct-dissocial disorder — Essential Features: • A repetitive and persistent pattern of behaviour in which the basic rights of others or major age-appropriate social or cultural norms, rules or laws are violated is required for diagnosis. Typically, multiple behaviours are involved, including one or more of the following: • aggression towards pe
---
[6] Autism spectrum disorder — Essential Features: clearly atypical or excessive for the individual’s age and sociocultural context are an essential component. These may include: • lack of adaptability to new experiences and circumstances, with associated distress, that can be evoked by trivial changes to a familiar environment or in response to una
---
[7] Autism spectrum disorder — Boundary with Normality: Social interaction skills Typically developing individuals vary in the pace and extent to which they acquire and master skills of reciprocal social interaction and social communication. A diagnosis of autism spectrum disorder should only be considered if there is marked and persistent deviation from
---
[8] Stereotyped movement disorder — Essential Features: • The persistent (e.g. lasting for several months) presence of voluntary, repetitive, stereotyped, apparently purposeless and often rhythmic movements (e.g. body rocking, hand flapping, head banging, eye poking and hand biting) that are not caused by the direct physiological effects of a substance o
---
[9] Separation anxiety disorder — Essential Features: go to school or work. • The symptoms are not transient – that is, they persist for an extended period of time (e.g. at least several months). • The symptoms are not better accounted for by another mental disorder (e.g. agoraphobia, personality disorder). • The symptoms result in significant distress
---
[10] Separation anxiety disorder — Boundary with Normality: separation from a loved one or be symptomatic of separation anxiety disorder. However, especially in adolescence, anxiety about school or school refusal is not typically related to fear of separation but rather to other factors such as truancy, peer rejection or bullying.
---
[11] Autism spectrum disorder — Essential Features: functional language almost complete, functional language absence of functional language Without disorder of 6A02.0 6A02.2 _____ intellectual development With disorder of intellectual 6A02.1 6A02.3 6A02.5 development 6A02.Y Other specified autism spectrum disorder can be used if the above parameters 
---
[12] Depressive episode — Essential Features: suicidal ideation (with or without a specific plan), or evidence of attempted suicide Mood disorders 213 Neurovegetative cluster • Significantly disrupted sleep (delayed sleep onset, increased frequency of waking during the night, or early morning awakening) or excessive sleep • Significant change i
---
[13] Conduct-dissocial disorder — Essential Features: parental prohibitions, repeatedly running away from home, or often skipping school or work without permission. • The pattern of behaviour must be persistent and recurrent, including multiple incidents of the types of behaviours described above over an extended period of time (e.g. at least 1 year). ",,,,
Phase 1: Best Retriever-Hybrid-1,Hybrid,1,suicidal,suicidal,"Label: suicidal|depression
Evidence: [10] (Depressive episode — Essential Features) says: ""suicidal ideation (with or without a specific plan), or evidence of attempted suicide Mood disorders 213 Neurovegetative cluster • Significantly disrupted sleep (delayed sleep onset, increased frequency of waking during the night, or early morning awakening) or excessive sleep • Significant change in appetite (diminished or increased) or significant weight change (gain or loss) • Psychomotor agitation or retardation (observable by others, not merely subjective feelings of restlessness or being slowed down) • Reduced energy, fatigue or marked tiredness following the expenditure of only a minimum of effort • The symptoms are not better accounted for by bereavement. • The symptoms are not a manifestation of another medical condition (e.g. a brain tumour), and are not due to the effects of a substance or medication on the central nervous system (e.g. benzodiazepines), including withdrawal effects (e.g. from stimulants). • The clinical presentation does not fulfil the diagnostic requirements for a mixed episode. • The mood disturbance results in significant impairment in personal, family, social, educational, occupational or other important areas of functioning. If functioning is maintained, it is only through significant additional effort.""
Justification: The post expresses severe emotional distress, feelings of isolation, and a sense of hopelessness, which aligns with the diagnostic criteria for depression and suicidal ideation. The individual's persistent feelings of being broken, unable to communicate, and the desire to be loved and appreciated are consistent with the symptoms of a depressive episode. The evidence from ICD-11 indicates that the presence of suicidal ideation and significant impairment in functioning supports a diagnosis of depression with suicidal risk.","[1] Depressive episode — Boundary with Normality: • Some depression of mood is a normal reaction to severe adverse life events and problems (e.g. divorce, job loss), and is common in the community. A depressive episode is differentiated from this common experience by the severity, range and duration of symptoms. If the diagnostic requirements for a
---
[2] Depressive episode — Essential Features: • The concurrent presence of at least five of the following characteristic symptoms occurring for most of the day, nearly every day, during a period lasting at least 2 weeks is required for diagnosis. At least one symptom from the affective cluster must be present. Assessment of the presence or abse
---
[3] Complex post-traumatic stress disorder — Essential Features: and feel themselves or others close to them to be under immediate threat either in specific situations or more generally. They may adopt new behaviours designed to ensure safety (e.g. not sitting with their back to the door, repeatedly checking in vehicles’ rear-view mirrors). In complex post-trauma
---
[4] Complex post-traumatic stress disorder — Boundary with Normality: • A history of exposure to a stressor of extreme and prolonged or repetitive nature, from which escape is difficult or impossible, does not in itself indicate the presence of complex post- traumatic stress disorder. Many people experience such stressors without developing any disorder. Rather, the p
---
[5] Depersonalization-derealization disorder — Essential Features: • Persistent or recurrent experiences of either depersonalization or derealization, or of both symptoms, are required for diagnosis. • Depersonalization is characterized by experiencing the self as strange or unreal, or by feeling detached from – or as though one were an outside observer of – one’s 
---
[6] Depersonalization-derealization disorder — Boundary with Normality: • Transient feelings of depersonalization or derealization may be experienced when under stress, during extreme emotional states or exhaustion, when physically ill, or under the influence of substances. Unlike depersonalization-derealization disorder, such experiences typically remit when these emot
---
[7] Depressive episode — Boundary with Normality: a depressive episode can be superimposed on normal grief. The presence of a depressive episode during a period of bereavement is suggested by persistence of constant depressive symptoms 1 month or more following the loss (i.e. there are no periods of positive mood or enjoyment of activities); severe
---
[8] Mixed depressive and anxiety disorder — Essential Features: • The presence of both depressive and anxiety symptoms for most of the time during a period of 2 weeks or more is required for diagnosis. Mood disorders 259 • Depressive symptoms include depressed mood or markedly diminished interest or pleasure in activities. • There are multiple anxiety symptoms, 
---
[9] Mixed depressive and anxiety disorder — Boundary with Normality: • If worry is the only anxiety symptom (i.e. no sympathetic autonomic or other anxiety symptoms are present), a diagnosis of mixed depressive and anxiety disorder diagnosis is not appropriate.
---
[10] Depressive episode — Essential Features: suicidal ideation (with or without a specific plan), or evidence of attempted suicide Mood disorders 213 Neurovegetative cluster • Significantly disrupted sleep (delayed sleep onset, increased frequency of waking during the night, or early morning awakening) or excessive sleep • Significant change i
---
[11] Dysthymic disorder — Boundary with Normality: • Some depressed mood is a normal reaction to severe adverse life events and problems, and is common in the community. Dysthymic disorder is differentiated from this common experience by the severity, range and duration of symptoms. Assessment of the presence or absence of signs or symptoms should b
---
[12] Dysthymic disorder — Essential Features: • Persistent depressed mood (i.e. lasting 2 years or more), for most of the day, for more days than not, as reported by the individual (e.g. feeling down, sad) or as observed (e.g. tearful, defeated appearance), is required for diagnosis. In children and adolescents depressed mood can manifest as pe
---
[13] Dysthymic disorder — Essential Features: since the onset of the disorder. • There is no history of manic, mixed or hypomanic episodes, which would indicate the presence of a bipolar or related disorder. • The symptoms are not a manifestation of another medical condition (e.g. hypothyroidism), and are not due to the effects of a substance o
---
[14] Depersonalization-derealization disorder — Essential Features: or Neurodevelopmental Disorders • The symptoms are not due to the effects of a substance or medication on the central nervous system (including withdrawal effects) and are not due to a disease of the nervous system (e.g. temporal lobe epilepsy), head trauma or another medical condition. • The sympto
---
[15] Complex post-traumatic stress disorder — Essential Features: deride or have little interest in relationships and social engagement more generally. Alternatively, there may be occasional intense relationships, but the individual has difficulty sustaining them. • The disturbance results in significant impairment in personal, family, social, educational, occupat
---
[16] Complex post-traumatic stress disorder — Essential Features: are thematically related to the traumatic event. Re-experiencing is typically accompanied by strong or overwhelming emotions, such as fear or horror, and strong physical sensations. Re-experiencing in the present can also involve feelings of being overwhelmed or immersed in the same intense emotions",,,,
Phase 1: Best Retriever-Hybrid-2,Hybrid,2,suicidal,suicidal,"Label: suicidal|depression
Evidence: [13] (Depressive episode — Essential Features) • The concurrent presence of at least five of the following characteristic symptoms occurring for most of the day, nearly every day, during a period lasting at least 2 weeks is required for diagnosis. At least one symptom from the affective cluster must be present. Assessment of the presence or absence of symptoms should be made relative to typical functioning of the individual. Affective cluster • Depressed mood as reported by the individual (e.g. feeling down, sad) or as observed (e.g. tearful, defeated appearance) (Note: in children and adolescents depressed mood can manifest as irritability.) • Markedly diminished interest or pleasure in activities, especially those normally found to be enjoyable to the individual (Note: this may include a reduction in sexual desire.) Cognitive-behavioural cluster • Reduced ability to concentrate and sustain attention on tasks, or marked indecisiveness • Beliefs of low self-worth or excessive and inappropriate guilt that may be manifestly delusional (Note: this item should not be considered present if guilt or self-reproach is exclusively about being depressed.) • Hopelessness about the future • Recurrent thoughts of death (not just fear of dying), recurrent suicidal ideation (with or without a specific plan), or evidence of attempted suicide Mood disorders 213 Neurovegetative cluster • Significantly disrupted sleep (delayed sleep onset, increased frequency of waking during the night, or early morning awakening) or excessive sleep • Significant change in appetite (diminished or increased) or significant weight change (gain or loss) • Psychomotor agitation or retardation (observable by others, not merely subjective feelings of restlessness or being slowed down) • Reduced energy, fatigue or marked tiredness following the expenditure of only a minimum of effort • The symptoms are not better accounted for by bereavement. • The symptoms are not a manifestation of another medical condition (e.g. a brain tumour), and are not due to the effects of a substance or medication on the central nervous system (e.g. benzodiazepines), including withdrawal effects (e.g. from stimulants). • The clinical presentation does not fulfil the diagnostic requirements for a mixed episode. • The mood disturbance results in significant impairment in personal, family, social, educational, occupational or other important areas of functioning. If functioning is maintained, it is only through significant additional effort.
Justification: The post expresses a sense of hopelessness, despair","[1] Dysthymic disorder — Essential Features: • Persistent depressed mood (i.e. lasting 2 years or more), for most of the day, for more days than not, as reported by the individual (e.g. feeling down, sad) or as observed (e.g. tearful, defeated appearance), is required for diagnosis. In children and adolescents depressed mood can manifest as pe
---
[2] Dysthymic disorder — Boundary with Normality: • Some depressed mood is a normal reaction to severe adverse life events and problems, and is common in the community. Dysthymic disorder is differentiated from this common experience by the severity, range and duration of symptoms. Assessment of the presence or absence of signs or symptoms should b
---
[3] Depressive episode — Essential Features: suicidal ideation (with or without a specific plan), or evidence of attempted suicide Mood disorders 213 Neurovegetative cluster • Significantly disrupted sleep (delayed sleep onset, increased frequency of waking during the night, or early morning awakening) or excessive sleep • Significant change i
---
[4] Depressive episode — Boundary with Normality: • Some depression of mood is a normal reaction to severe adverse life events and problems (e.g. divorce, job loss), and is common in the community. A depressive episode is differentiated from this common experience by the severity, range and duration of symptoms. If the diagnostic requirements for a
---
[5] Premenstrual dysphoric disorder — Boundary with Normality: • Mild mood changes (e.g. increased emotional lability, irritability, subjective tension) that occur during late luteal or menstrual phase of the cycle for many women should not be labelled as premenstrual dysphoric disorder. In contrast to premenstrual dysphoric disorder, these symptoms are less in
---
[6] Premenstrual dysphoric disorder — Essential Features: • During a majority of menstrual cycles within the past year, a pattern of mood, somatic or cognitive symptoms is present that begins several days before the onset of menses, starts to improve within a few days after the onset of menses, and then becomes minimal or absent within approximately 1 week
---
[7] Depressive episode — Boundary with Normality: a depressive episode can be superimposed on normal grief. The presence of a depressive episode during a period of bereavement is suggested by persistence of constant depressive symptoms 1 month or more following the loss (i.e. there are no periods of positive mood or enjoyment of activities); severe
---
[8] Dysthymic disorder — Essential Features: since the onset of the disorder. • There is no history of manic, mixed or hypomanic episodes, which would indicate the presence of a bipolar or related disorder. • The symptoms are not a manifestation of another medical condition (e.g. hypothyroidism), and are not due to the effects of a substance o
---
[9] Depersonalization-derealization disorder — Boundary with Normality: • Transient feelings of depersonalization or derealization may be experienced when under stress, during extreme emotional states or exhaustion, when physically ill, or under the influence of substances. Unlike depersonalization-derealization disorder, such experiences typically remit when these emot
---
[10] Depersonalization-derealization disorder — Essential Features: • Persistent or recurrent experiences of either depersonalization or derealization, or of both symptoms, are required for diagnosis. • Depersonalization is characterized by experiencing the self as strange or unreal, or by feeling detached from – or as though one were an outside observer of – one’s 
---
[11] Complex post-traumatic stress disorder — Essential Features: and feel themselves or others close to them to be under immediate threat either in specific situations or more generally. They may adopt new behaviours designed to ensure safety (e.g. not sitting with their back to the door, repeatedly checking in vehicles’ rear-view mirrors). In complex post-trauma
---
[12] Complex post-traumatic stress disorder — Boundary with Normality: • A history of exposure to a stressor of extreme and prolonged or repetitive nature, from which escape is difficult or impossible, does not in itself indicate the presence of complex post- traumatic stress disorder. Many people experience such stressors without developing any disorder. Rather, the p
---
[13] Depressive episode — Essential Features: • The concurrent presence of at least five of the following characteristic symptoms occurring for most of the day, nearly every day, during a period lasting at least 2 weeks is required for diagnosis. At least one symptom from the affective cluster must be present. Assessment of the presence or abse
---
[14] Depersonalization-derealization disorder — Essential Features: or Neurodevelopmental Disorders • The symptoms are not due to the effects of a substance or medication on the central nervous system (including withdrawal effects) and are not due to a disease of the nervous system (e.g. temporal lobe epilepsy), head trauma or another medical condition. • The sympto",,,,
Phase 1: Best Retriever-Hybrid-3,Hybrid,3,suicidal,suicidal,"Label: suicidal
Evidence: [8] (Depressive episode — Essential Features) • suicidal ideation (with or without a specific plan), or evidence of attempted suicide Mood disorders 213 Neurovegetative cluster • Significantly disrupted sleep (delayed sleep onset, increased frequency of waking during the night, or early morning awakening) or excessive sleep • Significant change in appetite (diminished or increased) or significant weight change (gain or loss) • Psychomotor agitation or retardation (observable by others, not merely subjective feelings of restlessness or being slowed down) • Reduced energy, fatigue or marked tiredness following the expenditure of only a minimum of effort • The symptoms are not better accounted for by bereavement. • The symptoms are not a manifestation of another medical condition (e.g. a brain tumour), and are not due to the effects of a substance or medication on the central nervous system (e.g. benzodiazepines), including withdrawal effects (e.g. from stimulants). • The clinical presentation does not fulfil the diagnostic requirements for a mixed episode. • The mood disturbance results in significant impairment in personal, family, social, educational, occupational or other important areas of functioning. If functioning is maintained, it is only through significant additional effort.
Justification: The post mentions ""I hate myself,"" ""my head is so messed up,"" ""moods keep changing like a rollercoaster,"" ""go from the happiest person to the most suicidal one in just a couple of hours,"" and ""I want everything to end."" These statements indicate severe emotional distress and suicidal ideation, which aligns with the diagnostic criteria for a depressive episode and suicidal behavior as outlined in ICD-11. The mention of suicidal ideation with a specific plan and the context of emotional turmoil supports the classification as suicidal.","[1] Hypomanic episode — Essential Features: • Both of the following symptoms occur concurrently and persist for most of the day, nearly every day, for at least several days. • Persistent elevation of mood or increased irritability is observable or reported, and represents a significant change from the individual’s usual range of moods (e.g. t
---
[2] Hypomanic episode — Boundary with Normality: • Hypomanic episodes are often difficult to distinguish from normal periods of elevated mood – for example, related to positive life events – particularly given that hypomanic episodes are not associated with significant functional impairment. In order to be considered a hypomanic episode, the sympt
---
[3] Depressive episode — Essential Features: • The concurrent presence of at least five of the following characteristic symptoms occurring for most of the day, nearly every day, during a period lasting at least 2 weeks is required for diagnosis. At least one symptom from the affective cluster must be present. Assessment of the presence or abse
---
[4] Depressive episode — Boundary with Normality: • Some depression of mood is a normal reaction to severe adverse life events and problems (e.g. divorce, job loss), and is common in the community. A depressive episode is differentiated from this common experience by the severity, range and duration of symptoms. If the diagnostic requirements for a
---
[5] Manic episode — Essential Features: • Both of the following features occur concurrently and persist for most of the day, nearly every day, during a period of at least 1 week, unless shortened by a treatment intervention. • An extreme mood state is observable or reported, characterized by euphoria, irritability or expansiveness that re
---
[6] Manic episode — Boundary with Normality: • Periods of euphoric or irritable mood that are entirely contextually appropriate (e.g. euphoria after winning a lottery) should not be considered as meeting the mood component of the diagnostic requirements for a manic episode.
---
[7] Mixed episode — Essential Features: • Several prominent manic and several prominent depressive symptoms consistent with those observed in manic episodes and depressive episodes are present, which either occur simultaneously or alternate very rapidly (from day to day or within the same day). Symptoms must include an altered mood state 
---
[8] Depressive episode — Essential Features: suicidal ideation (with or without a specific plan), or evidence of attempted suicide Mood disorders 213 Neurovegetative cluster • Significantly disrupted sleep (delayed sleep onset, increased frequency of waking during the night, or early morning awakening) or excessive sleep • Significant change i
---
[9] Hypomanic episode — Essential Features: from one idea to the next; the person reports that their thoughts are rapid or even racing and has difficulty remaining on a topic); • increased self-esteem or grandiosity (e.g. the individual is more self-confident than usual); • decreased need for sleep (e.g. the person reports needing less sleep 
---
[10] Dysthymic disorder — Essential Features: since the onset of the disorder. • There is no history of manic, mixed or hypomanic episodes, which would indicate the presence of a bipolar or related disorder. • The symptoms are not a manifestation of another medical condition (e.g. hypothyroidism), and are not due to the effects of a substance o
---
[11] Dysthymic disorder — Boundary with Normality: • Some depressed mood is a normal reaction to severe adverse life events and problems, and is common in the community. Dysthymic disorder is differentiated from this common experience by the severity, range and duration of symptoms. Assessment of the presence or absence of signs or symptoms should b
---
[12] Dysthymic disorder — Essential Features: • Persistent depressed mood (i.e. lasting 2 years or more), for most of the day, for more days than not, as reported by the individual (e.g. feeling down, sad) or as observed (e.g. tearful, defeated appearance), is required for diagnosis. In children and adolescents depressed mood can manifest as pe
---
[13] Depressive episode — Boundary with Normality: a depressive episode can be superimposed on normal grief. The presence of a depressive episode during a period of bereavement is suggested by persistence of constant depressive symptoms 1 month or more following the loss (i.e. there are no periods of positive mood or enjoyment of activities); severe
---
[14] Manic episode — Essential Features: their skill level, or that they are about to become famous – in psychotic presentations of mania, this may be manifested in grandiose delusions); • decreased need for sleep (e.g. the person reports being able to function with only 2 or 3 hours of sleep), as distinct from insomnia, in which an indivi",,,,
Phase 1: Best Retriever-Hybrid-4,Hybrid,4,suicidal,suicidal,"Label: suicidal
Evidence: ICD-11 chunk [8] says: ""suicidal ideation (with or without a specific plan), or evidence of attempted suicide Mood disorders 213 Neurovegetative cluster • Significantly disrupted sleep (delayed sleep onset, increased frequency of waking during the night, or early morning awakening) or excessive sleep • Significant change in appetite (diminished or increased) or significant weight change (gain or loss) • Psychomotor agitation or retardation (observable by others, not merely subjective feelings of restlessness or being slowed down) • Reduced energy, fatigue or marked tiredness following the expenditure of only a minimum of effort • The symptoms are not better accounted for by bereavement. • The symptoms are not a manifestation of another medical condition (e.g. a brain tumour), and are not due to the effects of a substance or medication on the central nervous system (e.g. benzodiazepines), including withdrawal effects (e.g. from stimulants). • The clinical presentation does not fulfil the diagnostic requirements for a mixed episode. • The mood disturbance results in significant impairment in personal, family, social, educational, occupational or other important areas of functioning. If functioning is maintained, it is only through significant additional effort.""
Justification: The post mentions ""I want to die"" and ""I have to many mental illnesses and my life is just slowly going downhill,"" which aligns with the ICD-11 diagnostic criteria for suicidal ideation (with or without a specific plan), as stated in ICD-11 chunk [8]. The text reflects a severe emotional state and a desire to end one's life, which is consistent with the diagnostic criteria for suicidal ideation.","[1] Depressive episode — Essential Features: • The concurrent presence of at least five of the following characteristic symptoms occurring for most of the day, nearly every day, during a period lasting at least 2 weeks is required for diagnosis. At least one symptom from the affective cluster must be present. Assessment of the presence or abse
---
[2] Depressive episode — Boundary with Normality: • Some depression of mood is a normal reaction to severe adverse life events and problems (e.g. divorce, job loss), and is common in the community. A depressive episode is differentiated from this common experience by the severity, range and duration of symptoms. If the diagnostic requirements for a
---
[3] Factitious disorder imposed on self — Essential Features: • The presentation is characterized by feigning, falsifying or intentionally inducing medical, psychological or behavioural signs and symptoms or injury associated with identified deception. If a pre-existing disorder or disease is present, the individual intentionally aggravates existing symptoms o
---
[4] Depersonalization-derealization disorder — Essential Features: • Persistent or recurrent experiences of either depersonalization or derealization, or of both symptoms, are required for diagnosis. • Depersonalization is characterized by experiencing the self as strange or unreal, or by feeling detached from – or as though one were an outside observer of – one’s 
---
[5] Depersonalization-derealization disorder — Boundary with Normality: • Transient feelings of depersonalization or derealization may be experienced when under stress, during extreme emotional states or exhaustion, when physically ill, or under the influence of substances. Unlike depersonalization-derealization disorder, such experiences typically remit when these emot
---
[6] Mixed depressive and anxiety disorder — Essential Features: • The presence of both depressive and anxiety symptoms for most of the time during a period of 2 weeks or more is required for diagnosis. Mood disorders 259 • Depressive symptoms include depressed mood or markedly diminished interest or pleasure in activities. • There are multiple anxiety symptoms, 
---
[7] Mixed depressive and anxiety disorder — Boundary with Normality: • If worry is the only anxiety symptom (i.e. no sympathetic autonomic or other anxiety symptoms are present), a diagnosis of mixed depressive and anxiety disorder diagnosis is not appropriate.
---
[8] Depressive episode — Essential Features: suicidal ideation (with or without a specific plan), or evidence of attempted suicide Mood disorders 213 Neurovegetative cluster • Significantly disrupted sleep (delayed sleep onset, increased frequency of waking during the night, or early morning awakening) or excessive sleep • Significant change i
---
[9] Complex post-traumatic stress disorder — Essential Features: and feel themselves or others close to them to be under immediate threat either in specific situations or more generally. They may adopt new behaviours designed to ensure safety (e.g. not sitting with their back to the door, repeatedly checking in vehicles’ rear-view mirrors). In complex post-trauma
---
[10] Complex post-traumatic stress disorder — Boundary with Normality: • A history of exposure to a stressor of extreme and prolonged or repetitive nature, from which escape is difficult or impossible, does not in itself indicate the presence of complex post- traumatic stress disorder. Many people experience such stressors without developing any disorder. Rather, the p
---
[11] Depersonalization-derealization disorder — Essential Features: or Neurodevelopmental Disorders • The symptoms are not due to the effects of a substance or medication on the central nervous system (including withdrawal effects) and are not due to a disease of the nervous system (e.g. temporal lobe epilepsy), head trauma or another medical condition. • The sympto",,,,
Phase 1: Best Retriever-Hybrid-5,Hybrid,5,suicidal,suicidal,"Label: suicidal
Evidence: [7] (Depressive episode — Essential Features) says: ""The concurrent presence of at least five of the following characteristic symptoms occurring for most of the day, nearly every day, during a period lasting at least 2 weeks is required for diagnosis. At least one symptom from the affective cluster must be present. Assessment of the presence or absence of symptoms should be made relative to typical functioning of the individual. Affective cluster • Depressed mood as reported by the individual (e.g. feeling down, sad) or as observed (e.g. tearful, defeated appearance) (Note: in children and adolescents depressed mood can manifest as irritability.) • Markedly diminished interest or pleasure in activities, especially those normally found to be enjoyable to the individual (Note: this may include a reduction in sexual desire.) Cognitive-behavioural cluster • Reduced ability to concentrate and sustain attention on tasks, or marked indecisiveness • Beliefs of low self-worth or excessive and inappropriate guilt that may be manifestly delusional (Note: this item should not be considered present if guilt or self-reproach is exclusively about being depressed.) • Hopelessness about the future • Recurrent thoughts of death (not just fear of dying), recurrent suicidal ideation (with or without a specific plan), or evidence of attempted suicide Mood disorders 213 Neurovegetative cluster • Significantly disrupted sleep (delayed sleep onset, increased frequency of waking during the night, or early morning awakening) or excessive sleep • Significant change in appetite (diminished or increased) or significant weight change (gain or loss) • Psychomotor agitation or retardation (observable by others, not merely subjective feelings of restlessness or being slowed down) • Reduced energy, fatigue or marked tiredness following the expenditure of only a minimum of effort • The symptoms are not better accounted for by bereavement. • The symptoms are not a manifestation of another medical condition (e.g. a brain tumour), and are not due to the effects of a substance or medication on the central nervous system (e.g. benzodiazepines), including withdrawal effects (e.g. from stimulants). • The clinical presentation does not fulfil the diagnostic requirements for a mixed episode. • The mood disturbance results in significant impairment in personal, family, social, educational, occupational or other important areas of functioning. If functioning is maintained, it is only through significant additional effort.""
Justification: The post expresses a profound sense of despair, recurrent thoughts of","[1] Dysthymic disorder — Boundary with Normality: • Some depressed mood is a normal reaction to severe adverse life events and problems, and is common in the community. Dysthymic disorder is differentiated from this common experience by the severity, range and duration of symptoms. Assessment of the presence or absence of signs or symptoms should b
---
[2] Dysthymic disorder — Essential Features: • Persistent depressed mood (i.e. lasting 2 years or more), for most of the day, for more days than not, as reported by the individual (e.g. feeling down, sad) or as observed (e.g. tearful, defeated appearance), is required for diagnosis. In children and adolescents depressed mood can manifest as pe
---
[3] Separation anxiety disorder — Boundary with Normality: separation from a loved one or be symptomatic of separation anxiety disorder. However, especially in adolescence, anxiety about school or school refusal is not typically related to fear of separation but rather to other factors such as truancy, peer rejection or bullying.
---
[4] Separation anxiety disorder — Essential Features: • Marked and excessive fear or anxiety about separation from those individuals to whom the person is attached (i.e. with whom the individual has a deep emotional bond) is required for diagnosis. In children and adolescents, key attachment figures that are most commonly the focus of separation anxiet
---
[5] Complex post-traumatic stress disorder — Essential Features: and feel themselves or others close to them to be under immediate threat either in specific situations or more generally. They may adopt new behaviours designed to ensure safety (e.g. not sitting with their back to the door, repeatedly checking in vehicles’ rear-view mirrors). In complex post-trauma
---
[6] Complex post-traumatic stress disorder — Boundary with Normality: • A history of exposure to a stressor of extreme and prolonged or repetitive nature, from which escape is difficult or impossible, does not in itself indicate the presence of complex post- traumatic stress disorder. Many people experience such stressors without developing any disorder. Rather, the p
---
[7] Depressive episode — Essential Features: • The concurrent presence of at least five of the following characteristic symptoms occurring for most of the day, nearly every day, during a period lasting at least 2 weeks is required for diagnosis. At least one symptom from the affective cluster must be present. Assessment of the presence or abse
---
[8] Depressive episode — Boundary with Normality: • Some depression of mood is a normal reaction to severe adverse life events and problems (e.g. divorce, job loss), and is common in the community. A depressive episode is differentiated from this common experience by the severity, range and duration of symptoms. If the diagnostic requirements for a
---
[9] Separation anxiety disorder — Essential Features: go to school or work. • The symptoms are not transient – that is, they persist for an extended period of time (e.g. at least several months). • The symptoms are not better accounted for by another mental disorder (e.g. agoraphobia, personality disorder). • The symptoms result in significant distress
---
[10] Mixed depressive and anxiety disorder — Essential Features: • The presence of both depressive and anxiety symptoms for most of the time during a period of 2 weeks or more is required for diagnosis. Mood disorders 259 • Depressive symptoms include depressed mood or markedly diminished interest or pleasure in activities. • There are multiple anxiety symptoms, 
---
[11] Mixed depressive and anxiety disorder — Boundary with Normality: • If worry is the only anxiety symptom (i.e. no sympathetic autonomic or other anxiety symptoms are present), a diagnosis of mixed depressive and anxiety disorder diagnosis is not appropriate.
---
[12] Dysthymic disorder — Essential Features: since the onset of the disorder. • There is no history of manic, mixed or hypomanic episodes, which would indicate the presence of a bipolar or related disorder. • The symptoms are not a manifestation of another medical condition (e.g. hypothyroidism), and are not due to the effects of a substance o
---
[13] Depressive episode — Essential Features: suicidal ideation (with or without a specific plan), or evidence of attempted suicide Mood disorders 213 Neurovegetative cluster • Significantly disrupted sleep (delayed sleep onset, increased frequency of waking during the night, or early morning awakening) or excessive sleep • Significant change i
---
[14] Separation anxiety disorder — Boundary with Normality: • Many situations involving separation are associated with other potential stressors or are normal sources of anxiety (e.g. leaving home to start a job or attend university in a new city). Separation anxiety disorder is differentiated based on the focus of apprehension being on separation from a key",,,,
Phase 1: Best Retriever-Hybrid-6,Hybrid,6,suicidal,suicidal,"Label: suicidal
Evidence: [13] (Manic episode — Essential Features) • The mood disturbance results in significant impairment in personal, family, social, educational, occupational or other important areas of functioning, requires intensive treatment (e.g. hospitalization) to prevent harm to self or others, or is accompanied by delusions or hallucinations.
Justification: The post mentions the desire to take all medications and avoid death, along with a history of overdosing. The mention of ""harm to self or others"" and the context of medication limitation supports a suicidal label, as it aligns with the diagnostic criteria for a manic episode that requires intensive treatment to prevent harm to self or others.","[1] Depressive episode — Essential Features: • The concurrent presence of at least five of the following characteristic symptoms occurring for most of the day, nearly every day, during a period lasting at least 2 weeks is required for diagnosis. At least one symptom from the affective cluster must be present. Assessment of the presence or abse
---
[2] Depressive episode — Boundary with Normality: • Some depression of mood is a normal reaction to severe adverse life events and problems (e.g. divorce, job loss), and is common in the community. A depressive episode is differentiated from this common experience by the severity, range and duration of symptoms. If the diagnostic requirements for a
---
[3] Hypomanic episode — Essential Features: • Both of the following symptoms occur concurrently and persist for most of the day, nearly every day, for at least several days. • Persistent elevation of mood or increased irritability is observable or reported, and represents a significant change from the individual’s usual range of moods (e.g. t
---
[4] Hypomanic episode — Boundary with Normality: • Hypomanic episodes are often difficult to distinguish from normal periods of elevated mood – for example, related to positive life events – particularly given that hypomanic episodes are not associated with significant functional impairment. In order to be considered a hypomanic episode, the sympt
---
[5] Mood disorder induced by unknown or unspecified psychoactive substances — Essential Features: • The presentation is characterized by mood symptoms (e.g. depressed or elevated mood, decreased engagement in pleasurable activities, increased or decreased energy levels) that Substance-induced mood disorders 492 Clinical Descriptions and Diagnostic Requirements for ICD-11 Mental, Behavioural or N
---
[6] Anxiety disorder induced by unknown or unspecified psychoactive substances — Essential Features: • The presentation is characterized by anxiety symptoms (e.g. apprehension or worry, fear, physiological symptoms of excessive autonomic arousal, panic attacks, avoidance behaviour) that develop during or soon after intoxication with or withdrawal from a specified substance, or use or discontinuatio
---
[7] Manic episode — Essential Features: • Both of the following features occur concurrently and persist for most of the day, nearly every day, during a period of at least 1 week, unless shortened by a treatment intervention. • An extreme mood state is observable or reported, characterized by euphoria, irritability or expansiveness that re
---
[8] Manic episode — Boundary with Normality: • Periods of euphoric or irritable mood that are entirely contextually appropriate (e.g. euphoria after winning a lottery) should not be considered as meeting the mood component of the diagnostic requirements for a manic episode.
---
[9] Mood disorder induced by unknown or unspecified psychoactive substances — Essential Features: withdrawal (e.g. 1 month or more depending on the specific substance), or other evidence of a pre-existing mental disorder with mood symptoms (e.g. a history of prior episodes not associated with substance use). • The symptoms are not a manifestation of another medical condition. • The symptoms resu
---
[10] Anxiety disorder induced by unknown or unspecified psychoactive substances — Essential Features: or medication use or withdrawal (e.g. 1 month or more depending on the specific substance), or other evidence of a pre-existing mental disorder with anxiety symptoms (e.g. a history of prior episodes not associated with substance use). • The symptoms are not a manifestation of another medical condit
---
[11] Manic episode — Essential Features: their skill level, or that they are about to become famous – in psychotic presentations of mania, this may be manifested in grandiose delusions); • decreased need for sleep (e.g. the person reports being able to function with only 2 or 3 hours of sleep), as distinct from insomnia, in which an indivi
---
[12] Hypomanic episode — Essential Features: from one idea to the next; the person reports that their thoughts are rapid or even racing and has difficulty remaining on a topic); • increased self-esteem or grandiosity (e.g. the individual is more self-confident than usual); • decreased need for sleep (e.g. the person reports needing less sleep 
---
[13] Manic episode — Essential Features: fulfil the diagnostic requirements for a mixed episode. • The mood disturbance results in significant impairment in personal, family, social, educational, occupational or other important areas of functioning, requires intensive treatment (e.g. hospitalization) to prevent harm to self or others, or i",,,,
Phase 1: Best Retriever-Hybrid-7,Hybrid,7,suicidal,suicidal,"Label: suicidal|depression
Evidence: [7] says: ""suicidal ideation (with or without a specific plan), or evidence of attempted suicide""
Justification: The post mentions ""Not sure if Ill be able to take it Its getting harder and harder,"" which reflects a sense of hopelessness and despair. This aligns with the diagnostic criteria for depression, as it indicates persistent feelings of hopelessness and a sense of being overwhelmed, which are key features of depressive episodes. The mention of ""taking it"" and the increasing difficulty suggests a potential risk of suicide, supporting the label ""suicidal"" as well.","[1] Adjustment disorder — Essential Features: • A maladaptive reaction to an identifiable psychosocial stressor or multiple stressors (e.g. single stressful event, ongoing psychosocial difficulty or a combination of stressful life situations) that usually emerges within a month of the stressor is required for diagnosis. Examples include divorce
---
[2] Adjustment disorder — Boundary with Normality: • Adjustment disorder represents a maladaptive reaction and failure to adapt to a stressor that is associated with significant preoccupation, and results in significant impairment in personal, family, social, educational, occupational or other important areas of functioning. Emotional reactions to n
---
[3] Mixed depressive and anxiety disorder — Essential Features: • The presence of both depressive and anxiety symptoms for most of the time during a period of 2 weeks or more is required for diagnosis. Mood disorders 259 • Depressive symptoms include depressed mood or markedly diminished interest or pleasure in activities. • There are multiple anxiety symptoms, 
---
[4] Mixed depressive and anxiety disorder — Boundary with Normality: • If worry is the only anxiety symptom (i.e. no sympathetic autonomic or other anxiety symptoms are present), a diagnosis of mixed depressive and anxiety disorder diagnosis is not appropriate.
---
[5] Complex post-traumatic stress disorder — Essential Features: and feel themselves or others close to them to be under immediate threat either in specific situations or more generally. They may adopt new behaviours designed to ensure safety (e.g. not sitting with their back to the door, repeatedly checking in vehicles’ rear-view mirrors). In complex post-trauma
---
[6] Complex post-traumatic stress disorder — Boundary with Normality: • A history of exposure to a stressor of extreme and prolonged or repetitive nature, from which escape is difficult or impossible, does not in itself indicate the presence of complex post- traumatic stress disorder. Many people experience such stressors without developing any disorder. Rather, the p
---
[7] Depressive episode — Essential Features: suicidal ideation (with or without a specific plan), or evidence of attempted suicide Mood disorders 213 Neurovegetative cluster • Significantly disrupted sleep (delayed sleep onset, increased frequency of waking during the night, or early morning awakening) or excessive sleep • Significant change i
---
[8] Depressive episode — Boundary with Normality: • Some depression of mood is a normal reaction to severe adverse life events and problems (e.g. divorce, job loss), and is common in the community. A depressive episode is differentiated from this common experience by the severity, range and duration of symptoms. If the diagnostic requirements for a
---
[9] Prolonged grief disorder — Essential Features: • A history of bereavement following the death of a partner, parent, child or other person close to the bereaved is required for diagnosis. Disorders specifically associated with stress | Prolonged grief disorder Disorders specifically associated with stress 349 • A persistent and pervasive grief re
---
[10] Prolonged grief disorder — Boundary with Normality: • An individual experiencing a grief reaction that is within a normative period given their cultural and religious context is considered to be experiencing normal bereavement, and should not be assigned a diagnosis of prolonged grief disorder. It is often important to consider whether other people w
---
[11] Complex post-traumatic stress disorder — Essential Features: are thematically related to the traumatic event. Re-experiencing is typically accompanied by strong or overwhelming emotions, such as fear or horror, and strong physical sensations. Re-experiencing in the present can also involve feelings of being overwhelmed or immersed in the same intense emotions
---
[12] Depressive episode — Essential Features: • The concurrent presence of at least five of the following characteristic symptoms occurring for most of the day, nearly every day, during a period lasting at least 2 weeks is required for diagnosis. At least one symptom from the affective cluster must be present. Assessment of the presence or abse
---
[13] Complex post-traumatic stress disorder — Essential Features: • Exposure to an event or series of events of an extremely threatening or horrific nature – most commonly prolonged or repetitive events from which escape is difficult or impossible – is required for diagnosis. Such events include, but are not limited to, torture, concentration camps, slavery, genoc",,,,
Phase 1: Best Retriever-Hybrid-8,Hybrid,8,suicidal,suicidal,"Label: suicidal
Evidence: [12] (Depressive episode — Essential Features) • Suicidal ideation (with or without a specific plan), or evidence of attempted suicide Mood disorders 213 Neurovegetative cluster • Significantly disrupted sleep (delayed sleep onset, increased frequency of waking during the night, or early morning awakening) or excessive sleep • Significant change in appetite (diminished or increased) or significant weight change (gain or loss) • Psychomotor agitation or retardation (observable by others, not merely subjective feelings of restlessness or being slowed down) • Reduced energy, fatigue or marked tiredness following the expenditure of only a minimum of effort • The symptoms are not better accounted for by bereavement. • The symptoms are not a manifestation of another medical condition (e.g. a brain tumour), and are not due to the effects of a substance or medication on the central nervous system (e.g. benzodiazepines), including withdrawal effects (e.g. from stimulants). • The clinical presentation does not fulfil the diagnostic requirements for a mixed episode. • The mood disturbance results in significant impairment in personal, family, social, educational, occupational or other important areas of functioning. If functioning is maintained, it is only through significant additional effort.
Justification: The post describes a plan involving the use of a suicide pill roulette, which includes the use of a DIY extracted cyanide capsule. This indicates a clear intent to self-harm, and the mention of suicidal ideation (with or without a specific plan) aligns with the diagnostic criteria for a depressive episode or suicidal behavior.","[1] Depressive episode — Essential Features: • The concurrent presence of at least five of the following characteristic symptoms occurring for most of the day, nearly every day, during a period lasting at least 2 weeks is required for diagnosis. At least one symptom from the affective cluster must be present. Assessment of the presence or abse
---
[2] Depressive episode — Boundary with Normality: • Some depression of mood is a normal reaction to severe adverse life events and problems (e.g. divorce, job loss), and is common in the community. A depressive episode is differentiated from this common experience by the severity, range and duration of symptoms. If the diagnostic requirements for a
---
[3] Depersonalization-derealization disorder — Essential Features: • Persistent or recurrent experiences of either depersonalization or derealization, or of both symptoms, are required for diagnosis. • Depersonalization is characterized by experiencing the self as strange or unreal, or by feeling detached from – or as though one were an outside observer of – one’s 
---
[4] Depersonalization-derealization disorder — Boundary with Normality: • Transient feelings of depersonalization or derealization may be experienced when under stress, during extreme emotional states or exhaustion, when physically ill, or under the influence of substances. Unlike depersonalization-derealization disorder, such experiences typically remit when these emot
---
[5] Possession trance disorder — Essential Features: from a single prolonged episode to multiple recurrences over years. • Duration and intensity of trance episodes vary considerably. Most recurrent episodes are brief, and individuals may fall in and out of trance states multiple times within a given episode. • Acute recurrent episodes of trance usual
---
[6] Possession trance disorder — Essential Features: or expressing animosity. Boundary with normality (threshold) for trance disorder and possession trance disorder • A diagnosis of trance disorder or possession trance disorder should not be applied to experiences that are accepted in the individual’s context as collective cultural phenomena or as a p
---
[7] Anxiety disorder induced by unknown or unspecified psychoactive substances — Essential Features: • The presentation is characterized by anxiety symptoms (e.g. apprehension or worry, fear, physiological symptoms of excessive autonomic arousal, panic attacks, avoidance behaviour) that develop during or soon after intoxication with or withdrawal from a specified substance, or use or discontinuatio
---
[8] Post-traumatic stress disorder — Essential Features: • Exposure to an event or situation (either short- or long-lasting) of an extremely threatening or horrific nature is required for diagnosis. Such events include, but are not limited to, directly experiencing natural or human-made disasters, combat, serious accidents, torture, sexual violence, terro
---
[9] Post-traumatic stress disorder — Boundary with Normality: • A history of exposure to an event or situation of an extremely threatening or horrific nature does not in itself indicate the presence of post-traumatic stress disorder. Many people experience such stressors without developing a disorder. Rather, the presentation must meet all diagnostic requireme
---
[10] Possession trance disorder — Essential Features: • Occurrence of a trance state in which there is a marked alteration in the individual’s state of consciousness, and the individual’s normal sense of personal identity is replaced by an external “possessing” identity, is required for diagnosis. The trance state is characterized by behaviours or move
---
[11] Post-traumatic stress disorder — Essential Features: thematically related to the traumatic event. Re-experiencing is typically accompanied by strong or overwhelming emotions, such as fear or horror, and strong physical sensations. Re-experiencing in the present can also involve feelings of being overwhelmed or immersed in the same intense emotions tha
---
[12] Depressive episode — Essential Features: suicidal ideation (with or without a specific plan), or evidence of attempted suicide Mood disorders 213 Neurovegetative cluster • Significantly disrupted sleep (delayed sleep onset, increased frequency of waking during the night, or early morning awakening) or excessive sleep • Significant change i
---
[13] Depressive episode — Boundary with Normality: a depressive episode can be superimposed on normal grief. The presence of a depressive episode during a period of bereavement is suggested by persistence of constant depressive symptoms 1 month or more following the loss (i.e. there are no periods of positive mood or enjoyment of activities); severe",,,,
Phase 1: Best Retriever-Hybrid-9,Hybrid,9,suicidal,normal,"Label: normal  
Evidence: [1] says: ""Persistent depressed mood (i.e. lasting 2 years or more), for most of the day, for more days than not, as reported by the individual (e.g. feeling down, sad) or as observed (e.g. tearful, defeated appearance), is required for diagnosis. In children and adolescents depressed mood can manifest as pervasive irritability.""  
Justification: The post does not indicate any depressive symptoms or persistent depressed mood. The statement ""damn :/ it be like that sometimes"" is a general expression of frustration but does not meet the criteria for a mental-health disorder as outlined in the ICD-11 chunks.","[1] Dysthymic disorder — Essential Features: • Persistent depressed mood (i.e. lasting 2 years or more), for most of the day, for more days than not, as reported by the individual (e.g. feeling down, sad) or as observed (e.g. tearful, defeated appearance), is required for diagnosis. In children and adolescents depressed mood can manifest as pe
---
[2] Dysthymic disorder — Boundary with Normality: • Some depressed mood is a normal reaction to severe adverse life events and problems, and is common in the community. Dysthymic disorder is differentiated from this common experience by the severity, range and duration of symptoms. Assessment of the presence or absence of signs or symptoms should b
---
[3] Obsessive-compulsive disorder — Essential Features: short periods of time – for example, depending on the level of current anxiety or distress – and should be assessed with respect to a time period that is sufficient to allow for such fluctuation (e.g. a few days or a week). The degree of insight that an individual exhibits in the context of obsessiv
---
[4] Cyclothymic disorder — Essential Features: • Mood instability over an extended period of time (i.e. 2 years or more) characterized by numerous hypomanic and depressive periods is required for diagnosis. (In children and adolescents depressed mood can manifest as pervasive irritability.) Hypomanic periods may or may not have been sufficiently
---
[5] Cyclothymic disorder — Boundary with Normality: • Cyclothymic disorder is distinguished from normal variations in mood by a history of distress or difficulty functioning due to repeated occurrences of mood disturbance.
---
[6] Hypomanic episode — Essential Features: • Both of the following symptoms occur concurrently and persist for most of the day, nearly every day, for at least several days. • Persistent elevation of mood or increased irritability is observable or reported, and represents a significant change from the individual’s usual range of moods (e.g. t
---
[7] Hypomanic episode — Boundary with Normality: • Hypomanic episodes are often difficult to distinguish from normal periods of elevated mood – for example, related to positive life events – particularly given that hypomanic episodes are not associated with significant functional impairment. In order to be considered a hypomanic episode, the sympt
---
[8] Hypochondriasis (health anxiety disorder) — Essential Features: at times appear to be delusional in the degree of conviction or fixity with which these beliefs are held (e.g. an individual is convinced that they have a terminal illness). Insight may vary substantially even over short periods of time – for example, depending on the level of current anxiety or dis
---
[9] Dysthymic disorder — Essential Features: since the onset of the disorder. • There is no history of manic, mixed or hypomanic episodes, which would indicate the presence of a bipolar or related disorder. • The symptoms are not a manifestation of another medical condition (e.g. hypothyroidism), and are not due to the effects of a substance o
---
[10] Hypomanic episode — Essential Features: from one idea to the next; the person reports that their thoughts are rapid or even racing and has difficulty remaining on a topic); • increased self-esteem or grandiosity (e.g. the individual is more self-confident than usual); • decreased need for sleep (e.g. the person reports needing less sleep ",,,,
Phase 1: Best Retriever-Hybrid-10,Hybrid,10,depression,depression,"Label: depression
Evidence: [8] (Depressive episode — Essential Features) says: ""The concurrent presence of at least five of the following characteristic symptoms occurring for most of the day, nearly every day, during a period lasting at least 2 weeks is required for diagnosis. At least one symptom from the affective cluster must be present.""
Justification: The post mentions feeling trapped, constant stress, and near-crying to the point of no return, which aligns with the criteria for a depressive episode. The mention of wanting to sleep but being unable to, and the context of depression/borderline flaring up, further supports the diagnosis of depression.","[1] Possession trance disorder — Essential Features: from a single prolonged episode to multiple recurrences over years. • Duration and intensity of trance episodes vary considerably. Most recurrent episodes are brief, and individuals may fall in and out of trance states multiple times within a given episode. • Acute recurrent episodes of trance usual
---
[2] Hypomanic episode — Essential Features: • Both of the following symptoms occur concurrently and persist for most of the day, nearly every day, for at least several days. • Persistent elevation of mood or increased irritability is observable or reported, and represents a significant change from the individual’s usual range of moods (e.g. t
---
[3] Hypomanic episode — Boundary with Normality: • Hypomanic episodes are often difficult to distinguish from normal periods of elevated mood – for example, related to positive life events – particularly given that hypomanic episodes are not associated with significant functional impairment. In order to be considered a hypomanic episode, the sympt
---
[4] Complex post-traumatic stress disorder — Essential Features: and feel themselves or others close to them to be under immediate threat either in specific situations or more generally. They may adopt new behaviours designed to ensure safety (e.g. not sitting with their back to the door, repeatedly checking in vehicles’ rear-view mirrors). In complex post-trauma
---
[5] Complex post-traumatic stress disorder — Boundary with Normality: • A history of exposure to a stressor of extreme and prolonged or repetitive nature, from which escape is difficult or impossible, does not in itself indicate the presence of complex post- traumatic stress disorder. Many people experience such stressors without developing any disorder. Rather, the p
---
[6] Separation anxiety disorder — Essential Features: • Marked and excessive fear or anxiety about separation from those individuals to whom the person is attached (i.e. with whom the individual has a deep emotional bond) is required for diagnosis. In children and adolescents, key attachment figures that are most commonly the focus of separation anxiet
---
[7] Separation anxiety disorder — Boundary with Normality: • Many situations involving separation are associated with other potential stressors or are normal sources of anxiety (e.g. leaving home to start a job or attend university in a new city). Separation anxiety disorder is differentiated based on the focus of apprehension being on separation from a key
---
[8] Depressive episode — Essential Features: • The concurrent presence of at least five of the following characteristic symptoms occurring for most of the day, nearly every day, during a period lasting at least 2 weeks is required for diagnosis. At least one symptom from the affective cluster must be present. Assessment of the presence or abse
---
[9] Depressive episode — Boundary with Normality: • Some depression of mood is a normal reaction to severe adverse life events and problems (e.g. divorce, job loss), and is common in the community. A depressive episode is differentiated from this common experience by the severity, range and duration of symptoms. If the diagnostic requirements for a
---
[10] Possession trance disorder — Essential Features: • Occurrence of a trance state in which there is a marked alteration in the individual’s state of consciousness, and the individual’s normal sense of personal identity is replaced by an external “possessing” identity, is required for diagnosis. The trance state is characterized by behaviours or move
---
[11] Separation anxiety disorder — Essential Features: go to school or work. • The symptoms are not transient – that is, they persist for an extended period of time (e.g. at least several months). • The symptoms are not better accounted for by another mental disorder (e.g. agoraphobia, personality disorder). • The symptoms result in significant distress
---
[12] Possession trance disorder — Essential Features: or expressing animosity. Boundary with normality (threshold) for trance disorder and possession trance disorder • A diagnosis of trance disorder or possession trance disorder should not be applied to experiences that are accepted in the individual’s context as collective cultural phenomena or as a p
---
[13] Complex post-traumatic stress disorder — Essential Features: are thematically related to the traumatic event. Re-experiencing is typically accompanied by strong or overwhelming emotions, such as fear or horror, and strong physical sensations. Re-experiencing in the present can also involve feelings of being overwhelmed or immersed in the same intense emotions
---
[14] Hypomanic episode — Essential Features: from one idea to the next; the person reports that their thoughts are rapid or even racing and has difficulty remaining on a topic); • increased self-esteem or grandiosity (e.g. the individual is more self-confident than usual); • decreased need for sleep (e.g. the person reports needing less sleep ",,,,
Phase 1: Best Retriever-Hybrid-11,Hybrid,11,depression,depression,"Label: depression
Evidence: [5] (Depressive episode — Essential Features) says: ""The concurrent presence of at least five of the following characteristic symptoms occurring for most of the day, nearly every day, during a period lasting at least 2 weeks is required for diagnosis. At least one symptom from the affective cluster must be present. Assessment of the presence or absence of symptoms should be made relative to typical functioning of the individual. Affective cluster • Depressed mood as reported by the individual (e.g. feeling down, sad) or as observed (e.g. tearful, defeated appearance) (Note: in children and adolescents depressed mood can manifest as irritability.) • Markedly diminished interest or pleasure in activities, especially those normally found to be enjoyable to the individual (Note: this may include a reduction in sexual desire.) Cognitive-behavioural cluster • Reduced ability to concentrate and sustain attention on tasks, or marked indecisiveness • Beliefs of low self-worth or excessive and inappropriate guilt that may be manifestly delusional (Note: this item should not be considered present if guilt or self-reproach is exclusively about being depressed.) • Hopelessness about the future • Recurrent thoughts of death (not just fear of dying), recurrent suicidal ideation (with or without a specific plan), or evidence of attempted suicide Mood disorders 213 Neurovegetative cluster • Significantly disrupted sleep (delayed sleep onset, increased frequency of waking during the night, or early morning
Justification: The post mentions struggling with depression, questioning one's identity, and writing a song, which aligns with the diagnostic criteria for a depressive episode. The symptoms described—such as persistent mood instability, recurrent thoughts of death, and recurrent suicidal ideation—support the diagnosis of depression. The evidence from ICD-11 supports the presence of depressive symptoms and the need for a clinical assessment.","[1] Cyclothymic disorder — Essential Features: • Mood instability over an extended period of time (i.e. 2 years or more) characterized by numerous hypomanic and depressive periods is required for diagnosis. (In children and adolescents depressed mood can manifest as pervasive irritability.) Hypomanic periods may or may not have been sufficiently
---
[2] Cyclothymic disorder — Boundary with Normality: • Cyclothymic disorder is distinguished from normal variations in mood by a history of distress or difficulty functioning due to repeated occurrences of mood disturbance.
---
[3] Dysthymic disorder — Essential Features: • Persistent depressed mood (i.e. lasting 2 years or more), for most of the day, for more days than not, as reported by the individual (e.g. feeling down, sad) or as observed (e.g. tearful, defeated appearance), is required for diagnosis. In children and adolescents depressed mood can manifest as pe
---
[4] Dysthymic disorder — Boundary with Normality: • Some depressed mood is a normal reaction to severe adverse life events and problems, and is common in the community. Dysthymic disorder is differentiated from this common experience by the severity, range and duration of symptoms. Assessment of the presence or absence of signs or symptoms should b
---
[5] Depressive episode — Essential Features: • The concurrent presence of at least five of the following characteristic symptoms occurring for most of the day, nearly every day, during a period lasting at least 2 weeks is required for diagnosis. At least one symptom from the affective cluster must be present. Assessment of the presence or abse
---
[6] Depressive episode — Boundary with Normality: • Some depression of mood is a normal reaction to severe adverse life events and problems (e.g. divorce, job loss), and is common in the community. A depressive episode is differentiated from this common experience by the severity, range and duration of symptoms. If the diagnostic requirements for a
---
[7] Possession trance disorder — Essential Features: or expressing animosity. Boundary with normality (threshold) for trance disorder and possession trance disorder • A diagnosis of trance disorder or possession trance disorder should not be applied to experiences that are accepted in the individual’s context as collective cultural phenomena or as a p
---
[8] Hypochondriasis (health anxiety disorder) — Essential Features: at times appear to be delusional in the degree of conviction or fixity with which these beliefs are held (e.g. an individual is convinced that they have a terminal illness). Insight may vary substantially even over short periods of time – for example, depending on the level of current anxiety or dis
---
[9] Possession trance disorder — Essential Features: • Occurrence of a trance state in which there is a marked alteration in the individual’s state of consciousness, and the individual’s normal sense of personal identity is replaced by an external “possessing” identity, is required for diagnosis. The trance state is characterized by behaviours or move
---
[10] Dysthymic disorder — Essential Features: since the onset of the disorder. • There is no history of manic, mixed or hypomanic episodes, which would indicate the presence of a bipolar or related disorder. • The symptoms are not a manifestation of another medical condition (e.g. hypothyroidism), and are not due to the effects of a substance o
---
[11] Possession trance disorder — Essential Features: and possession trance disorder often report prodromal symptoms. Somatic complaints and a sense of presence (i.e. feeling that one is not alone) are common. However, presence or absence of prodromal symptoms does not predict the number of trance episodes. • Possession trance states are often characte
---
[12] Possession trance disorder — Essential Features: occupational or other important areas of functioning. If functioning is maintained, it is only through significant additional effort. Additional clinical features for trance disorder and possession trance disorder • Trance and possession trance disorders tend to involve recurrent episodes rather tha",,,,
Phase 1: Best Retriever-Hybrid-12,Hybrid,12,depression,suicidal,"Label: suicidal
Evidence: [8] (Depressive episode — Essential Features): ""suicidal ideation (with or without a specific plan), or evidence of attempted suicide""
Justification: The post contains the phrase ""I will not be remembered for anything and Ill die as nothing,"" which reflects suicidal ideation. According to ICD-11, suicidal ideation with or without a specific plan is a key feature of a depressive episode. The statement suggests a desire to end one's life, which aligns with the diagnostic criteria for a depressive episode.","[1] Dissociative amnesia, unspecified — Boundary with Normality: • Mild difficulties remembering autobiographical events are common, especially as a result of normal ageing. Forgetting early childhood events is also developmentally typical. However, in contrast to dissociative amnesia, normal forgetting: • does not typically involve sustained and extensive forget
---
[2] Post-traumatic stress disorder — Essential Features: • Exposure to an event or situation (either short- or long-lasting) of an extremely threatening or horrific nature is required for diagnosis. Such events include, but are not limited to, directly experiencing natural or human-made disasters, combat, serious accidents, torture, sexual violence, terro
---
[3] Post-traumatic stress disorder — Boundary with Normality: • A history of exposure to an event or situation of an extremely threatening or horrific nature does not in itself indicate the presence of post-traumatic stress disorder. Many people experience such stressors without developing a disorder. Rather, the presentation must meet all diagnostic requireme
---
[4] Post-traumatic stress disorder — Essential Features: thematically related to the traumatic event. Re-experiencing is typically accompanied by strong or overwhelming emotions, such as fear or horror, and strong physical sensations. Re-experiencing in the present can also involve feelings of being overwhelmed or immersed in the same intense emotions tha
---
[5] Complex post-traumatic stress disorder — Essential Features: are thematically related to the traumatic event. Re-experiencing is typically accompanied by strong or overwhelming emotions, such as fear or horror, and strong physical sensations. Re-experiencing in the present can also involve feelings of being overwhelmed or immersed in the same intense emotions
---
[6] Complex post-traumatic stress disorder — Boundary with Normality: • A history of exposure to a stressor of extreme and prolonged or repetitive nature, from which escape is difficult or impossible, does not in itself indicate the presence of complex post- traumatic stress disorder. Many people experience such stressors without developing any disorder. Rather, the p
---
[7] Complex post-traumatic stress disorder — Essential Features: • Exposure to an event or series of events of an extremely threatening or horrific nature – most commonly prolonged or repetitive events from which escape is difficult or impossible – is required for diagnosis. Such events include, but are not limited to, torture, concentration camps, slavery, genoc
---
[8] Depressive episode — Essential Features: suicidal ideation (with or without a specific plan), or evidence of attempted suicide Mood disorders 213 Neurovegetative cluster • Significantly disrupted sleep (delayed sleep onset, increased frequency of waking during the night, or early morning awakening) or excessive sleep • Significant change i
---
[9] Depressive episode — Boundary with Normality: • Some depression of mood is a normal reaction to severe adverse life events and problems (e.g. divorce, job loss), and is common in the community. A depressive episode is differentiated from this common experience by the severity, range and duration of symptoms. If the diagnostic requirements for a
---
[10] Dissociative amnesia — Essential Features: • Inability to recall important autobiographical memories – typically of recent traumatic or stressful events – that is inconsistent with ordinary forgetting is required for diagnosis. • The memory loss does not occur exclusively during episodes of trance disorder, possession trance disorder, dissoc
---
[11] Depressive episode — Essential Features: • The concurrent presence of at least five of the following characteristic symptoms occurring for most of the day, nearly every day, during a period lasting at least 2 weeks is required for diagnosis. At least one symptom from the affective cluster must be present. Assessment of the presence or abse",,,,
Phase 1: Best Retriever-Hybrid-13,Hybrid,13,depression,suicidal,"Label: suicidal|depression
Evidence: [9] (Depressive episode — Essential Features): ""suicidal ideation (with or without a specific plan), or evidence of attempted suicide Mood disorders 213 Neurovegetative cluster • Significantly disrupted sleep (delayed sleep onset, increased frequency of waking during the night, or early morning awakening) or excessive sleep • Significant change in appetite (diminished or increased) or significant weight change (gain or loss) • Psychomotor agitation or retardation (observable by others, not merely subjective feelings of restlessness or being slowed down) • Reduced energy, fatigue or marked tiredness following the expenditure of only a minimum of effort • The symptoms are not better accounted for by bereavement. • The symptoms are not a manifestation of another medical condition (e.g. a brain tumour), and are not due to the effects of a substance or medication on the central nervous system (e.g. benzodiazepines), including withdrawal effects (e.g. from stimulants). • The clinical presentation does not fulfil the diagnostic requirements for a mixed episode. • The mood disturbance results in significant impairment in personal, family, social, educational, occupational or other important areas of functioning. If functioning is maintained, it is only through significant additional effort.""
Justification: The post contains suicidal ideation (""made the mistake of not dying. Would have made everyone happier had I just died do not mind me, just a pathetic idiot no one cares about"") which aligns with the essential features of a depressive episode, specifically the presence of suicidal ideation. The text reflects a depressive state and the individual's perception of their own worth, which is consistent with the diagnostic criteria for depression.","[1] Depressive episode — Essential Features: • The concurrent presence of at least five of the following characteristic symptoms occurring for most of the day, nearly every day, during a period lasting at least 2 weeks is required for diagnosis. At least one symptom from the affective cluster must be present. Assessment of the presence or abse
---
[2] Depressive episode — Boundary with Normality: • Some depression of mood is a normal reaction to severe adverse life events and problems (e.g. divorce, job loss), and is common in the community. A depressive episode is differentiated from this common experience by the severity, range and duration of symptoms. If the diagnostic requirements for a
---
[3] Factitious disorder imposed on another — Boundary with Normality: • Some individuals whose loved ones have medical conditions may exaggerate the reports of symptoms to medical professionals in order to get their loved one’s care prioritized, or to access additional treatments they perceive as necessary or potentially beneficial. Factitious disorder imposed on anot
---
[4] Factitious disorder imposed on another — Essential Features: • The presentation is characterized by feigning, falsifying or intentionally inducing medical, psychological or behavioural signs and symptoms or injury in another person – most commonly a child dependent – associated with identified deception. If a pre-existing disorder or disease is present in the
---
[5] Hypochondriasis, unspecified — Boundary with Normality: • The preoccupation is not simply a reasonable concern related to a circumscribed situation (e.g. awaiting results of testing for a serious illness), and persists or reoccurs despite appropriate medical evaluation and reassurance. • If a chronic or acute medical condition is present, or the individu
---
[6] Dysthymic disorder — Boundary with Normality: • Some depressed mood is a normal reaction to severe adverse life events and problems, and is common in the community. Dysthymic disorder is differentiated from this common experience by the severity, range and duration of symptoms. Assessment of the presence or absence of signs or symptoms should b
---
[7] Dysthymic disorder — Essential Features: • Persistent depressed mood (i.e. lasting 2 years or more), for most of the day, for more days than not, as reported by the individual (e.g. feeling down, sad) or as observed (e.g. tearful, defeated appearance), is required for diagnosis. In children and adolescents depressed mood can manifest as pe
---
[8] Factitious disorder imposed on self — Essential Features: • The presentation is characterized by feigning, falsifying or intentionally inducing medical, psychological or behavioural signs and symptoms or injury associated with identified deception. If a pre-existing disorder or disease is present, the individual intentionally aggravates existing symptoms o
---
[9] Depressive episode — Essential Features: suicidal ideation (with or without a specific plan), or evidence of attempted suicide Mood disorders 213 Neurovegetative cluster • Significantly disrupted sleep (delayed sleep onset, increased frequency of waking during the night, or early morning awakening) or excessive sleep • Significant change i",,,,
Phase 1: Best Retriever-Hybrid-14,Hybrid,14,depression,suicidal,"Label: suicidal
Evidence: [13] (Complex post-traumatic stress disorder — Essential Features): • Exposure to an event or series of events of an extremely threatening or horrific nature – most commonly prolonged or repetitive events from which escape is difficult or impossible – is required for diagnosis. Such events include, but are not limited to, torture, concentration camps, slavery, genocide campaigns and other forms of organized violence, prolonged domestic violence, and repeated childhood sexual or physical abuse. Disorders specifically associated with stress | Complex post-traumatic stress disorder Disorders specifically associated with stress 345 • Following the traumatic event, the development of a characteristic syndrome lasting for at least several weeks consists of all three of the following core elements of post-traumatic stress disorder. • The traumatic event is re-experienced in the present: it is not just remembered but is experienced as occurring again in the here and now. This typically occurs in the form of vivid intrusive memories or images; flashbacks, which can vary from mild (there is a transient sense of the event occurring again in the present) to severe (there is a complete loss of awareness of present surroundings); or repetitive dreams or nightmares that are thematically related to the traumatic event. Re-experiencing is typically accompanied by strong or overwhelming emotions, such as fear or horror, and strong physical sensations. Re-experiencing in the present can also involve feelings of being overwhelmed or immersed in the same intense emotions that were experienced during the traumatic event, without a prominent cognitive aspect, and may occur in response to reminders of the event. Reflecting on or ruminating about the event and remembering the feelings experienced at that time are not sufficient to meet the re-experiencing requirement. • Reminders likely to produce re-experiencing of the traumatic event are deliberately avoided. Deliberate avoidance may take the form either of active internal avoidance of thoughts and memories related to the event, or external avoidance of people, conversations, activities or situations reminiscent of the event. In extreme cases, the person may change their environment (e.g. move to a different city or change jobs) to avoid reminders. • There are persistent perceptions of heightened current threat – for example, as indicated by hypervigilance or an enhanced startle reaction to stimuli such as unexpected noises. Hypervigilant people constantly guard themselves against danger, and feel themselves or others close to them to be under immediate threat either in specific situations or more generally. They may adopt new behaviours designed to ensure safety (e.g. not sitting with their back","[1] Panic disorder — Essential Features: • Recurrent panic attacks, which are discrete episodes of intense fear or apprehension characterized by the rapid and concurrent onset of several characteristic symptoms, are required for diagnosis. These symptoms may include, but are not limited to, the following: • palpitations or increased heart 
---
[2] Panic disorder — Boundary with Normality: • Panic attacks are common in the general population, particularly in response to anxiety- provoking life events. Panic attacks in response to real threats to an individual’s physical or psychological integrity are considered part of the normative continuum of reactions, and a diagnosis is not warra
---
[3] Hypochondriasis (health anxiety disorder) — Essential Features: • Persistent preoccupation or fear about the possibility of having one or more serious, progressive or life-threatening illnesses is required for diagnosis. • The preoccupation is accompanied by either: • repetitive and excessive health-related behaviours, such as repeatedly checking of the body for
---
[4] Hypochondriasis (health anxiety disorder) — Essential Features: at times appear to be delusional in the degree of conviction or fixity with which these beliefs are held (e.g. an individual is convinced that they have a terminal illness). Insight may vary substantially even over short periods of time – for example, depending on the level of current anxiety or dis
---
[5] Post-traumatic stress disorder — Essential Features: • Exposure to an event or situation (either short- or long-lasting) of an extremely threatening or horrific nature is required for diagnosis. Such events include, but are not limited to, directly experiencing natural or human-made disasters, combat, serious accidents, torture, sexual violence, terro
---
[6] Post-traumatic stress disorder — Boundary with Normality: • A history of exposure to an event or situation of an extremely threatening or horrific nature does not in itself indicate the presence of post-traumatic stress disorder. Many people experience such stressors without developing a disorder. Rather, the presentation must meet all diagnostic requireme
---
[7] Generalized anxiety disorder — Boundary with Normality: • Anxiety and worry are normal emotional/cognitive states that commonly occur when people are under stress. At optimal levels, anxiety and worry may help to direct problem- solving efforts, focus attention adaptively and increase alertness. Normal anxiety and worry are usually sufficiently self-regu
---
[8] Generalized anxiety disorder — Essential Features: • Marked symptoms of anxiety are required for diagnosis, manifested in either: • general apprehensiveness that is not restricted to any particular environmental circumstance (i.e. “free-floating anxiety”); or • excessive worry (apprehensive expectation) about negative events occurring in several dif
---
[9] Complex post-traumatic stress disorder — Essential Features: are thematically related to the traumatic event. Re-experiencing is typically accompanied by strong or overwhelming emotions, such as fear or horror, and strong physical sensations. Re-experiencing in the present can also involve feelings of being overwhelmed or immersed in the same intense emotions
---
[10] Complex post-traumatic stress disorder — Boundary with Normality: • A history of exposure to a stressor of extreme and prolonged or repetitive nature, from which escape is difficult or impossible, does not in itself indicate the presence of complex post- traumatic stress disorder. Many people experience such stressors without developing any disorder. Rather, the p
---
[11] Post-traumatic stress disorder — Essential Features: thematically related to the traumatic event. Re-experiencing is typically accompanied by strong or overwhelming emotions, such as fear or horror, and strong physical sensations. Re-experiencing in the present can also involve feelings of being overwhelmed or immersed in the same intense emotions tha
---
[12] Complex post-traumatic stress disorder — Essential Features: • Exposure to an event or series of events of an extremely threatening or horrific nature – most commonly prolonged or repetitive events from which escape is difficult or impossible – is required for diagnosis. Such events include, but are not limited to, torture, concentration camps, slavery, genoc
---
[13] Complex post-traumatic stress disorder — Essential Features: and feel themselves or others close to them to be under immediate threat either in specific situations or more generally. They may adopt new behaviours designed to ensure safety (e.g. not sitting with their back to the door, repeatedly checking in vehicles’ rear-view mirrors). In complex post-trauma",,,,
Phase 1: Best Retriever-Hybrid-15,Hybrid,15,depression,suicidal,"Label: suicidal|depression
Evidence: [7] (Depressive episode — Essential Features): suicidal ideation (with or without a specific plan), or evidence of attempted suicide Mood disorders 213 Neurovegetative cluster • Significantly disrupted sleep (delayed sleep onset, increased frequency of waking during the night, or early morning awakening) or excessive sleep • Significant change in appetite (diminished or increased) or significant weight change (gain or loss) • Psychomotor agitation or retardation (observable by others, not merely subjective feelings of restlessness or being slowed down) • Reduced energy, fatigue or marked tiredness following the expenditure of only a minimum of effort • The symptoms are not better accounted for by bereavement. • The symptoms are not a manifestation of another medical condition (e.g. a brain tumour), and are not due to the effects of a substance or medication on the central nervous system (e.g. benzodiazepines), including withdrawal effects (e.g. from stimulants). • The clinical presentation does not fulfil the diagnostic requirements for a mixed episode. • The mood disturbance results in significant impairment in personal, family, social, educational, occupational or other important areas of functioning. If functioning is maintained, it is only through significant additional effort.
Justification: The post contains suicidal ideation (""you will work, you will pay money and you will die. And that is all there is"") and a sense of hopelessness, which aligns with the diagnostic criteria for depression. The individual is experiencing a lack of motivation, no interest in activities, and a belief that life has no meaning, which are consistent with the features of a depressive episode. The evidence from ICD-11 supports the presence of depressive symptoms, including reduced energy and a sense of hopelessness, which are key indicators of depression.","[1] Depressive episode — Essential Features: • The concurrent presence of at least five of the following characteristic symptoms occurring for most of the day, nearly every day, during a period lasting at least 2 weeks is required for diagnosis. At least one symptom from the affective cluster must be present. Assessment of the presence or abse
---
[2] Depressive episode — Boundary with Normality: • Some depression of mood is a normal reaction to severe adverse life events and problems (e.g. divorce, job loss), and is common in the community. A depressive episode is differentiated from this common experience by the severity, range and duration of symptoms. If the diagnostic requirements for a
---
[3] Dysthymic disorder — Essential Features: • Persistent depressed mood (i.e. lasting 2 years or more), for most of the day, for more days than not, as reported by the individual (e.g. feeling down, sad) or as observed (e.g. tearful, defeated appearance), is required for diagnosis. In children and adolescents depressed mood can manifest as pe
---
[4] Dysthymic disorder — Boundary with Normality: • Some depressed mood is a normal reaction to severe adverse life events and problems, and is common in the community. Dysthymic disorder is differentiated from this common experience by the severity, range and duration of symptoms. Assessment of the presence or absence of signs or symptoms should b
---
[5] Mixed depressive and anxiety disorder — Essential Features: • The presence of both depressive and anxiety symptoms for most of the time during a period of 2 weeks or more is required for diagnosis. Mood disorders 259 • Depressive symptoms include depressed mood or markedly diminished interest or pleasure in activities. • There are multiple anxiety symptoms, 
---
[6] Mixed depressive and anxiety disorder — Boundary with Normality: • If worry is the only anxiety symptom (i.e. no sympathetic autonomic or other anxiety symptoms are present), a diagnosis of mixed depressive and anxiety disorder diagnosis is not appropriate.
---
[7] Depressive episode — Essential Features: suicidal ideation (with or without a specific plan), or evidence of attempted suicide Mood disorders 213 Neurovegetative cluster • Significantly disrupted sleep (delayed sleep onset, increased frequency of waking during the night, or early morning awakening) or excessive sleep • Significant change i
---
[8] Dysthymic disorder — Essential Features: since the onset of the disorder. • There is no history of manic, mixed or hypomanic episodes, which would indicate the presence of a bipolar or related disorder. • The symptoms are not a manifestation of another medical condition (e.g. hypothyroidism), and are not due to the effects of a substance o
---
[9] Hoarding disorder — Essential Features: distress associated with discarding items is not rational. Others are convinced that their hoarding-related beliefs and behaviours are not problematic, despite evidence to the contrary, and the beliefs of some may at times appear to be delusional in the degree of conviction or fixity with which thes
---
[10] Separation anxiety disorder — Essential Features: go to school or work. • The symptoms are not transient – that is, they persist for an extended period of time (e.g. at least several months). • The symptoms are not better accounted for by another mental disorder (e.g. agoraphobia, personality disorder). • The symptoms result in significant distress
---
[11] Separation anxiety disorder — Boundary with Normality: • Many situations involving separation are associated with other potential stressors or are normal sources of anxiety (e.g. leaving home to start a job or attend university in a new city). Separation anxiety disorder is differentiated based on the focus of apprehension being on separation from a key
---
[12] Hoarding disorder — Essential Features: • Accumulation of possessions that results in living spaces becoming cluttered to the point that their use or safety is compromised is required for diagnosis. Note: if living areas are uncluttered, this is only due to the intervention of third parties (e.g. family members, cleaners, authorities). Ac
---
[13] Depressive episode — Boundary with Normality: a depressive episode can be superimposed on normal grief. The presence of a depressive episode during a period of bereavement is suggested by persistence of constant depressive symptoms 1 month or more following the loss (i.e. there are no periods of positive mood or enjoyment of activities); severe",,,,
Phase 1: Best Retriever-Hybrid-16,Hybrid,16,depression,normal,"Label: normal
Evidence: [1] says: ""Strong attachment to loved ones is a normal and healthy part of life, and separation from these individuals may be associated with transient sadness or anxiety. Preschool-aged children may show a moderate or even greater degree of anxiety over real or threatened separation from people to whom they are attached. These reactions are considered developmentally appropriate, and are differentiated from separation anxiety disorder on the basis of the persistence of the symptoms (e.g. lasting for several months) with repeated separations, evidence of excessive preoccupations about the well-being of attachment figures, persistent avoidance, and significant distress or impairment in functioning as a consequence of the symptoms.""
Justification: The post describes a feeling of attachment and loneliness, but does not indicate a persistent or excessive fear of separation. The individual is expressing emotions related to social interactions and feelings of isolation, which are considered normal developmental responses. The symptoms described are transient and not indicative of a diagnosable mental health condition.","[1] Separation anxiety disorder — Boundary with Normality: • Many situations involving separation are associated with other potential stressors or are normal sources of anxiety (e.g. leaving home to start a job or attend university in a new city). Separation anxiety disorder is differentiated based on the focus of apprehension being on separation from a key
---
[2] Separation anxiety disorder — Essential Features: • Marked and excessive fear or anxiety about separation from those individuals to whom the person is attached (i.e. with whom the individual has a deep emotional bond) is required for diagnosis. In children and adolescents, key attachment figures that are most commonly the focus of separation anxiet
---
[3] Prolonged grief disorder — Boundary with Normality: • An individual experiencing a grief reaction that is within a normative period given their cultural and religious context is considered to be experiencing normal bereavement, and should not be assigned a diagnosis of prolonged grief disorder. It is often important to consider whether other people w
---
[4] Prolonged grief disorder — Essential Features: • A history of bereavement following the death of a partner, parent, child or other person close to the bereaved is required for diagnosis. Disorders specifically associated with stress | Prolonged grief disorder Disorders specifically associated with stress 349 • A persistent and pervasive grief re
---
[5] Reactive attachment disorder — Boundary with Normality: • Many children without a diagnosis of reactive attachment disorder show transient reductions of attachment behaviours towards a parent or caregiver as a normal part of development. In contrast, children with reactive attachment disorder exhibit markedly atypical social responses towards caregivers 
---
[6] Reactive attachment disorder — Essential Features: • A history of grossly insufficient care is required for diagnosis, which may include: • persistent disregard for the child’s basic emotional needs for comfort, stimulation and affection; • persistent disregard for the child’s basic physical needs; • repeated changes of primary caregivers (e.g. freq
---
[7] Hoarding disorder — Essential Features: • Accumulation of possessions that results in living spaces becoming cluttered to the point that their use or safety is compromised is required for diagnosis. Note: if living areas are uncluttered, this is only due to the intervention of third parties (e.g. family members, cleaners, authorities). Ac
---
[8] Social anxiety disorder — Essential Features: • Marked and excessive fear or anxiety that occurs consistently in one or more social situations such as social interactions (e.g. having a conversation), doing something while feeling observed (e.g. eating or drinking in the presence of others) or performing in front of others (e.g. giving a speech
---
[9] Social anxiety disorder — Boundary with Normality: • Social anxiety disorder can be differentiated from normal developmental fears (e.g. a child’s reluctance to interact with unfamiliar people in novel situations) by fear and anxiety reactions that are typically excessive, interfere with functioning, and persist over time (e.g. lasting more than sev
---
[10] Hoarding disorder — Essential Features: distress associated with discarding items is not rational. Others are convinced that their hoarding-related beliefs and behaviours are not problematic, despite evidence to the contrary, and the beliefs of some may at times appear to be delusional in the degree of conviction or fixity with which thes
---
[11] Separation anxiety disorder — Essential Features: go to school or work. • The symptoms are not transient – that is, they persist for an extended period of time (e.g. at least several months). • The symptoms are not better accounted for by another mental disorder (e.g. agoraphobia, personality disorder). • The symptoms result in significant distress
---
[12] Separation anxiety disorder — Boundary with Normality: separation from a loved one or be symptomatic of separation anxiety disorder. However, especially in adolescence, anxiety about school or school refusal is not typically related to fear of separation but rather to other factors such as truancy, peer rejection or bullying.",,,,
Phase 1: Best Retriever-Hybrid-17,Hybrid,17,depression,suicidal,"Label: suicidal
Evidence: [11] (Depressive episode — Essential Features): • suicidal ideation (with or without a specific plan), or evidence of attempted suicide Mood disorders 213 Neurovegetative cluster • Significantly disrupted sleep (delayed sleep onset, increased frequency of waking during the night, or early morning awakening) or excessive sleep • Significant change in appetite (diminished or increased) or significant weight change (gain or loss) • Psychomotor agitation or retardation (observable by others, not merely subjective feelings of restlessness or being slowed down) • Reduced energy, fatigue or marked tiredness following the expenditure of only a minimum of effort • The symptoms are not better accounted for by bereavement. • The symptoms are not a manifestation of another medical condition (e.g. a brain tumour), and are not due to the effects of a substance or medication on the central nervous system (e.g. benzodiazepines), including withdrawal effects (e.g. from stimulants). • The clinical presentation does not fulfil the diagnostic requirements for a mixed episode. • The mood disturbance results in significant impairment in personal, family, social, educational, occupational or other important areas of functioning. If functioning is maintained, it is only through significant additional effort.
Justification: The post mentions ""suicidal thoughts"" and ""evidence of attempted suicide,"" which aligns with the diagnostic criteria for a depressive episode. The text also mentions ""suicidal ideation (with or without a specific plan)"" and ""evidence of attempted suicide,"" which are key features of a depressive episode as outlined in ICD-11. The mention of feeling like ""losing my sense of identity"" and ""caring for others 200% more than myself"" supports the presence of depressive symptoms and the associated suicidal ideation.","[1] Depressive episode — Essential Features: • The concurrent presence of at least five of the following characteristic symptoms occurring for most of the day, nearly every day, during a period lasting at least 2 weeks is required for diagnosis. At least one symptom from the affective cluster must be present. Assessment of the presence or abse
---
[2] Depressive episode — Boundary with Normality: • Some depression of mood is a normal reaction to severe adverse life events and problems (e.g. divorce, job loss), and is common in the community. A depressive episode is differentiated from this common experience by the severity, range and duration of symptoms. If the diagnostic requirements for a
---
[3] Partial dissociative identity disorder — Essential Features: • Disruption of identity characterized by the experience of two or more distinct personality states (dissociative identities), involving discontinuities in the sense of self and agency, is required for diagnosis. Each personality state includes its own pattern of experiencing, perceiving, conceiving
---
[4] Partial dissociative identity disorder — Boundary with Normality: • The presence of distinct personality states or dissociative intrusions does not always indicate the presence of a mental disorder. In certain circumstances (e.g. as experienced by “mediums” or other culturally accepted spiritual practitioners), the presence of multiple personality states is not ex
---
[5] Cyclothymic disorder — Essential Features: • Mood instability over an extended period of time (i.e. 2 years or more) characterized by numerous hypomanic and depressive periods is required for diagnosis. (In children and adolescents depressed mood can manifest as pervasive irritability.) Hypomanic periods may or may not have been sufficiently
---
[6] Cyclothymic disorder — Boundary with Normality: • Cyclothymic disorder is distinguished from normal variations in mood by a history of distress or difficulty functioning due to repeated occurrences of mood disturbance.
---
[7] Factitious disorder imposed on self — Essential Features: • The presentation is characterized by feigning, falsifying or intentionally inducing medical, psychological or behavioural signs and symptoms or injury associated with identified deception. If a pre-existing disorder or disease is present, the individual intentionally aggravates existing symptoms o
---
[8] Body integrity dysphoria — Essential Features: • An intense and persistent desire to become physically disabled in a significant way (e.g. a major limb amputation, paraplegia, blindness) accompanied by persistent discomfort or intense negative feelings about one’s current body configuration or functioning, is required for diagnosis. • The desire
---
[9] Body integrity dysphoria — Boundary with Normality: • Some individuals, especially children and adolescents, may have time-limited periods in which they pretend to have a disability such as blindness out of curiosity about what it is like to live as a disabled person. Such individuals do not experience a persistent desire to become disabled or the ha
---
[10] Partial dissociative identity disorder — Essential Features: which a distinct personality state assumes executive control to engage in circumscribed behaviours (e.g. in response to extreme emotional states or during episodes of self-harm or the re-enactment of traumatic memories). • The symptoms are not better accounted for by another mental disorder (e.g. sc
---
[11] Depressive episode — Essential Features: suicidal ideation (with or without a specific plan), or evidence of attempted suicide Mood disorders 213 Neurovegetative cluster • Significantly disrupted sleep (delayed sleep onset, increased frequency of waking during the night, or early morning awakening) or excessive sleep • Significant change i
---
[12] Depressive episode — Boundary with Normality: a depressive episode can be superimposed on normal grief. The presence of a depressive episode during a period of bereavement is suggested by persistence of constant depressive symptoms 1 month or more following the loss (i.e. there are no periods of positive mood or enjoyment of activities); severe",,,,
Phase 1: Best Retriever-Hybrid-18,Hybrid,18,depression,normal,"Label: normal
Evidence: 10 says: ""Mood symptoms are present for more days than not. While brief symptom-free intervals are consistent with the diagnosis, there have never been any prolonged symptom-free periods (e.g. lasting 2 months or more) since the onset of the disorder.""
Justification: The post describes a sense of enjoyment from laughing and feeling good, which aligns with the normal mood symptoms mentioned in the ICD-11 chunk for Cyclothymic disorder. The post does not indicate a persistent mood disturbance or significant impairment, which are required for a diagnosis of cyclothymic disorder.","[1] Panic disorder — Essential Features: • Recurrent panic attacks, which are discrete episodes of intense fear or apprehension characterized by the rapid and concurrent onset of several characteristic symptoms, are required for diagnosis. These symptoms may include, but are not limited to, the following: • palpitations or increased heart 
---
[2] Panic disorder — Boundary with Normality: • Panic attacks are common in the general population, particularly in response to anxiety- provoking life events. Panic attacks in response to real threats to an individual’s physical or psychological integrity are considered part of the normative continuum of reactions, and a diagnosis is not warra
---
[3] Hypomanic episode — Essential Features: • Both of the following symptoms occur concurrently and persist for most of the day, nearly every day, for at least several days. • Persistent elevation of mood or increased irritability is observable or reported, and represents a significant change from the individual’s usual range of moods (e.g. t
---
[4] Hypomanic episode — Boundary with Normality: • Hypomanic episodes are often difficult to distinguish from normal periods of elevated mood – for example, related to positive life events – particularly given that hypomanic episodes are not associated with significant functional impairment. In order to be considered a hypomanic episode, the sympt
---
[5] Body integrity dysphoria — Boundary with Normality: • Some individuals, especially children and adolescents, may have time-limited periods in which they pretend to have a disability such as blindness out of curiosity about what it is like to live as a disabled person. Such individuals do not experience a persistent desire to become disabled or the ha
---
[6] Body integrity dysphoria — Essential Features: • An intense and persistent desire to become physically disabled in a significant way (e.g. a major limb amputation, paraplegia, blindness) accompanied by persistent discomfort or intense negative feelings about one’s current body configuration or functioning, is required for diagnosis. • The desire
---
[7] Manic episode — Boundary with Normality: • Periods of euphoric or irritable mood that are entirely contextually appropriate (e.g. euphoria after winning a lottery) should not be considered as meeting the mood component of the diagnostic requirements for a manic episode.
---
[8] Manic episode — Essential Features: • Both of the following features occur concurrently and persist for most of the day, nearly every day, during a period of at least 1 week, unless shortened by a treatment intervention. • An extreme mood state is observable or reported, characterized by euphoria, irritability or expansiveness that re
---
[9] Cyclothymic disorder — Boundary with Normality: • Cyclothymic disorder is distinguished from normal variations in mood by a history of distress or difficulty functioning due to repeated occurrences of mood disturbance.
---
[10] Cyclothymic disorder — Essential Features: • Mood instability over an extended period of time (i.e. 2 years or more) characterized by numerous hypomanic and depressive periods is required for diagnosis. (In children and adolescents depressed mood can manifest as pervasive irritability.) Hypomanic periods may or may not have been sufficiently",,,,
Phase 1: Best Retriever-Hybrid-19,Hybrid,19,depression,suicidal,"Label: suicidal
Evidence: [3] (Depressive episode — Essential Features): • suicidal ideation (with or without a specific plan), or evidence of attempted suicide
Justification: The post expresses suicidal ideation and a desire for a guaranteed solution, which aligns with the ICD-11 criteria for a depressive episode. The mention of suicide and the desire for a ""genuine solution"" reflects the presence of suicidal ideation, which is a key component of a depressive episode.","[1] Depressive episode — Essential Features: • The concurrent presence of at least five of the following characteristic symptoms occurring for most of the day, nearly every day, during a period lasting at least 2 weeks is required for diagnosis. At least one symptom from the affective cluster must be present. Assessment of the presence or abse
---
[2] Depressive episode — Boundary with Normality: • Some depression of mood is a normal reaction to severe adverse life events and problems (e.g. divorce, job loss), and is common in the community. A depressive episode is differentiated from this common experience by the severity, range and duration of symptoms. If the diagnostic requirements for a
---
[3] Depressive episode — Essential Features: suicidal ideation (with or without a specific plan), or evidence of attempted suicide Mood disorders 213 Neurovegetative cluster • Significantly disrupted sleep (delayed sleep onset, increased frequency of waking during the night, or early morning awakening) or excessive sleep • Significant change i
---
[4] Factitious disorder imposed on self — Essential Features: • The presentation is characterized by feigning, falsifying or intentionally inducing medical, psychological or behavioural signs and symptoms or injury associated with identified deception. If a pre-existing disorder or disease is present, the individual intentionally aggravates existing symptoms o
---
[5] Body integrity dysphoria — Essential Features: • An intense and persistent desire to become physically disabled in a significant way (e.g. a major limb amputation, paraplegia, blindness) accompanied by persistent discomfort or intense negative feelings about one’s current body configuration or functioning, is required for diagnosis. • The desire
---
[6] Body integrity dysphoria — Boundary with Normality: • Some individuals, especially children and adolescents, may have time-limited periods in which they pretend to have a disability such as blindness out of curiosity about what it is like to live as a disabled person. Such individuals do not experience a persistent desire to become disabled or the ha
---
[7] Hypochondriasis (health anxiety disorder) — Essential Features: • Persistent preoccupation or fear about the possibility of having one or more serious, progressive or life-threatening illnesses is required for diagnosis. • The preoccupation is accompanied by either: • repetitive and excessive health-related behaviours, such as repeatedly checking of the body for
---
[8] Hypochondriasis (health anxiety disorder) — Essential Features: at times appear to be delusional in the degree of conviction or fixity with which these beliefs are held (e.g. an individual is convinced that they have a terminal illness). Insight may vary substantially even over short periods of time – for example, depending on the level of current anxiety or dis
---
[9] Body dysmorphic disorder — Essential Features: or medication on the central nervous system, including withdrawal effects. • The symptoms result in significant distress or significant impairment in personal, family, social, educational, occupational or other important areas of functioning. If functioning is maintained, it is only through signific
---
[10] Body dysmorphic disorder — Essential Features: • Persistent preoccupation with one or more perceived defects or flaws in appearance, or ugliness in general, that is either unnoticeable or only slightly noticeable to others, is required for diagnosis. • The presentation is characterized by excessive self-consciousness about the perceived defects 
---
[11] Depressive episode — Boundary with Normality: a depressive episode can be superimposed on normal grief. The presence of a depressive episode during a period of bereavement is suggested by persistence of constant depressive symptoms 1 month or more following the loss (i.e. there are no periods of positive mood or enjoyment of activities); severe",,,,
Phase 1: Best Retriever-Hybrid-20,Hybrid,20,normal,normal,"Label: normal
Evidence: [9] says: ""Bulimia nervosa is characterized by frequent, recurrent episodes of binge eating... and repeated inappropriate compensatory behaviours to prevent weight gain...""
Justification: The post mentions ""I Survive"" which is a common phrase used in social media to express resilience or survival, but there is no mention of eating disorders, weight fluctuations, or compensatory behaviors. The content does not indicate any mental health disorder and is consistent with normal social media behavior.","[1] Generalized anxiety disorder — Boundary with Normality: • Anxiety and worry are normal emotional/cognitive states that commonly occur when people are under stress. At optimal levels, anxiety and worry may help to direct problem- solving efforts, focus attention adaptively and increase alertness. Normal anxiety and worry are usually sufficiently self-regu
---
[2] Generalized anxiety disorder — Essential Features: • Marked symptoms of anxiety are required for diagnosis, manifested in either: • general apprehensiveness that is not restricted to any particular environmental circumstance (i.e. “free-floating anxiety”); or • excessive worry (apprehensive expectation) about negative events occurring in several dif
---
[3] Panic disorder — Boundary with Normality: • Panic attacks are common in the general population, particularly in response to anxiety- provoking life events. Panic attacks in response to real threats to an individual’s physical or psychological integrity are considered part of the normative continuum of reactions, and a diagnosis is not warra
---
[4] Panic disorder — Essential Features: • Recurrent panic attacks, which are discrete episodes of intense fear or apprehension characterized by the rapid and concurrent onset of several characteristic symptoms, are required for diagnosis. These symptoms may include, but are not limited to, the following: • palpitations or increased heart 
---
[5] Specific phobia — Boundary with Normality: • In children and adolescents, some fears may be part of normal development (e.g. a young child who is afraid of dogs). Specific phobia should only be diagnosed if the fear or anxiety is excessive in comparison to that of other individuals at a similar developmental level.
---
[6] Specific phobia — Essential Features: • Marked and excessive fear or anxiety that consistently occurs upon exposure or anticipation of exposure to one or more specific objects or situations (e.g. proximity to certain kinds of animals, heights, enclosed spaces, sight of blood or injury), and that is out of proportion to the actual danger
---
[7] Pyromania — Boundary with Normality: • Intentional fire setting can occur for a variety of reasons. Individuals may set fires for profit or to conceal a crime, as an act of revenge, to commit sabotage or make a political statement, or to attract recognition (e.g. deliberately setting a fire to then be the first one to discover it and p
---
[8] Pyromania — Essential Features: • The presentation is characterized by a recurrent failure to control strong impulses to set fires, resulting in multiple acts of, or attempts at, setting fire to property or other objects. • There is a lack of apparent motive (e.g. monetary gain, revenge, sabotage, political statement, attracting r
---
[9] Bulimia nervosa — Boundary with Normality: • Infrequent overeating or feasting during culturally sanctioned holidays or occasional celebrations should not be characterized as binge eating for the purpose of assigning a diagnosis of bulimia nervosa. Similarly, exercise qualifies as inappropriate compensatory behaviour only if it is unusually 
---
[10] Bulimia nervosa — Essential Features: • Frequent, recurrent episodes of binge eating (e.g. once a week or more over a period of at least 1 month) are required for diagnosis. Binge eating is defined as a discrete period of time (e.g. 2 hours) during which the individual experiences a loss of control over their eating behaviour, and eats ",,,,
Phase 1: Best Retriever-Hybrid-21,Hybrid,21,normal,normal,"Label: normal
Evidence: [1] (Depressive episode — Essential Features) • The concurrent presence of at least five of the following characteristic symptoms occurring for most of the day, nearly every day, during a period lasting at least 2 weeks is required for diagnosis. At least one symptom from the affective cluster must be present. Assessment of the presence or absence of symptoms should be made relative to typical functioning of the individual. Affective cluster • Depressed mood as reported by the individual (e.g. feeling down, sad) or as observed (e.g. tearful, defeated appearance) (Note: in children and adolescents depressed mood can manifest as irritability.) • Markedly diminished interest or pleasure in activities, especially those normally found to be enjoyable to the individual (Note: this may include a reduction in sexual desire.) Cognitive-beavioural cluster • Reduced ability to concentrate and sustain attention on tasks, or marked indecisiveness • Beliefs of low self-worth or excessive and inappropriate guilt that may be manifestly delusional (Note: this item should not be considered present if guilt or self-reproach is exclusively about being depressed.) • Hopelessness about the future • Recurrent thoughts of death (not just fear of dying), recurrent suicidal ideation (with or without a specific plan), or evidence of attempted suicide Mood disorders 213 Neurovegetative cluster • Significantly disrupted sleep (delayed sleep onset, increased frequency of waking during the night, or early morning awakening) or excessive sleep • Significant change in appetite (diminished or increased) or significant weight change (gain or loss) • Psychomotor agitation or retardation (observable by others, not merely subjective feelings of restlessness or being slowed down) • Reduced energy, fatigue or marked tiredness following the expenditure of only a minimum of effort • The symptoms are not better accounted for by bereavement. • The symptoms are not a manifestation of another medical condition (e.g. a brain tumour), and are not due to the effects of a substance or medication on the central nervous system (e.g. benzodiazepines), including withdrawal effects (e.g. from stimulants). • The clinical presentation does not fulfil the diagnostic requirements for a mixed episode. • The mood disturbance results in significant impairment in personal, family, social, educational, occupational or other important areas of functioning. If functioning is maintained, it is only through significant additional effort.
Justification: The post describes a person laying in bed for seven hours listening to a song","[1] Depressive episode — Essential Features: • The concurrent presence of at least five of the following characteristic symptoms occurring for most of the day, nearly every day, during a period lasting at least 2 weeks is required for diagnosis. At least one symptom from the affective cluster must be present. Assessment of the presence or abse
---
[2] Depressive episode — Boundary with Normality: • Some depression of mood is a normal reaction to severe adverse life events and problems (e.g. divorce, job loss), and is common in the community. A depressive episode is differentiated from this common experience by the severity, range and duration of symptoms. If the diagnostic requirements for a
---
[3] Depressive episode — Essential Features: suicidal ideation (with or without a specific plan), or evidence of attempted suicide Mood disorders 213 Neurovegetative cluster • Significantly disrupted sleep (delayed sleep onset, increased frequency of waking during the night, or early morning awakening) or excessive sleep • Significant change i
---
[4] Hypochondriasis (health anxiety disorder) — Essential Features: at times appear to be delusional in the degree of conviction or fixity with which these beliefs are held (e.g. an individual is convinced that they have a terminal illness). Insight may vary substantially even over short periods of time – for example, depending on the level of current anxiety or dis
---
[5] Anxiety disorder induced by unknown or unspecified psychoactive substances — Essential Features: • The presentation is characterized by anxiety symptoms (e.g. apprehension or worry, fear, physiological symptoms of excessive autonomic arousal, panic attacks, avoidance behaviour) that develop during or soon after intoxication with or withdrawal from a specified substance, or use or discontinuatio
---
[6] Dysthymic disorder — Boundary with Normality: • Some depressed mood is a normal reaction to severe adverse life events and problems, and is common in the community. Dysthymic disorder is differentiated from this common experience by the severity, range and duration of symptoms. Assessment of the presence or absence of signs or symptoms should b
---
[7] Dysthymic disorder — Essential Features: • Persistent depressed mood (i.e. lasting 2 years or more), for most of the day, for more days than not, as reported by the individual (e.g. feeling down, sad) or as observed (e.g. tearful, defeated appearance), is required for diagnosis. In children and adolescents depressed mood can manifest as pe
---
[8] Mood disorder induced by unknown or unspecified psychoactive substances — Essential Features: • The presentation is characterized by mood symptoms (e.g. depressed or elevated mood, decreased engagement in pleasurable activities, increased or decreased energy levels) that Substance-induced mood disorders 492 Clinical Descriptions and Diagnostic Requirements for ICD-11 Mental, Behavioural or N
---
[9] Mood disorder induced by unknown or unspecified psychoactive substances — Essential Features: withdrawal (e.g. 1 month or more depending on the specific substance), or other evidence of a pre-existing mental disorder with mood symptoms (e.g. a history of prior episodes not associated with substance use). • The symptoms are not a manifestation of another medical condition. • The symptoms resu",,,,
Phase 1: Best Retriever-Hybrid-22,Hybrid,22,normal,normal,"Label: normal
Evidence: [3] (Depressive episode — Essential Features): suicidal ideation (with or without a specific plan), or evidence of attempted suicide Mood disorders 213 Neurovegetative cluster • Significantly disrupted sleep (delayed sleep onset, increased frequency of waking during the night, or early morning awakening) or excessive sleep • Significant change in appetite (diminished or increased) or significant weight change (gain or loss) • Psychomotor agitation or retardation (observable by others, not merely subjective feelings of restlessness or being slowed down) • Reduced energy, fatigue or marked tiredness following the expenditure of only a minimum of effort • The symptoms are not better accounted for by bereavement. • The symptoms are not a manifestation of another medical condition (e.g. a brain tumour), and are not due to the effects of a substance or medication on the central nervous system (e.g. benzodiazepines), including withdrawal effects (e.g. from stimulants). • The clinical presentation does not fulfil the diagnostic requirements for a mixed episode. • The mood disturbance results in significant impairment in personal, family, social, educational, occupational or other important areas of functioning. If functioning is maintained, it is only through significant additional effort.
Justification: The post contains suicidal ideation (""I want to make a fa.. but I'm afraid I won't take care of it"") which is consistent with the essential features of a depressive episode. The text reflects a sense of despair and fear, which aligns with the clinical criteria for a depressive episode. The statement does not indicate a specific plan or attempt at suicide, so it does not meet the full diagnostic criteria for a depressive episode.","[1] Factitious disorder imposed on self — Essential Features: • The presentation is characterized by feigning, falsifying or intentionally inducing medical, psychological or behavioural signs and symptoms or injury associated with identified deception. If a pre-existing disorder or disease is present, the individual intentionally aggravates existing symptoms o
---
[2] Hoarding disorder — Essential Features: • Accumulation of possessions that results in living spaces becoming cluttered to the point that their use or safety is compromised is required for diagnosis. Note: if living areas are uncluttered, this is only due to the intervention of third parties (e.g. family members, cleaners, authorities). Ac
---
[3] Depressive episode — Essential Features: suicidal ideation (with or without a specific plan), or evidence of attempted suicide Mood disorders 213 Neurovegetative cluster • Significantly disrupted sleep (delayed sleep onset, increased frequency of waking during the night, or early morning awakening) or excessive sleep • Significant change i
---
[4] Depressive episode — Boundary with Normality: • Some depression of mood is a normal reaction to severe adverse life events and problems (e.g. divorce, job loss), and is common in the community. A depressive episode is differentiated from this common experience by the severity, range and duration of symptoms. If the diagnostic requirements for a
---
[5] Hoarding disorder — Essential Features: distress associated with discarding items is not rational. Others are convinced that their hoarding-related beliefs and behaviours are not problematic, despite evidence to the contrary, and the beliefs of some may at times appear to be delusional in the degree of conviction or fixity with which thes
---
[6] Panic disorder — Essential Features: trusted companion). • Panic attacks are not limited to anxiety-provoking situations in the context of another mental disorder. • The symptoms are not a manifestation of another medical condition (e.g. pheochromocytoma), and are not due to the direct effects of a substance or medication on the centra
---
[7] Panic disorder — Boundary with Normality: • Panic attacks are common in the general population, particularly in response to anxiety- provoking life events. Panic attacks in response to real threats to an individual’s physical or psychological integrity are considered part of the normative continuum of reactions, and a diagnosis is not warra
---
[8] Amnestic disorder — Essential Features: through significant additional effort (e.g. compensatory strategies). Neurocognitive disorders 613 Note: when amnestic disorder is due to a disease, condition or injury classified elsewhere (including disorders due to substance use), the diagnostic code corresponding to that disease, condition or in
---
[9] Amnestic disorder — Essential Features: • Prominent memory impairment relative to expectations for age and general level of premorbid neurocognitive functioning, in the absence of other significant neurocognitive impairment, is required for diagnosis. • The memory impairment represents a marked decline from previous levels of functioning.
---
[10] Depressive episode — Boundary with Normality: a depressive episode can be superimposed on normal grief. The presence of a depressive episode during a period of bereavement is suggested by persistence of constant depressive symptoms 1 month or more following the loss (i.e. there are no periods of positive mood or enjoyment of activities); severe",,,,
Phase 1: Best Retriever-Hybrid-23,Hybrid,23,normal,normal,"Label: normal
Evidence: [1] (Disorder specifically associated with stress, unspecified — Essential Features): • Exposure to an event or situation (either short- or long-lasting) of an extremely threatening or horrific nature is required for diagnosis. Such events include, but are not limited to, directly experiencing natural or human-made disasters, combat, serious accidents, torture, Disorders specifically associated with stress | Other specified or unspecified disorder specifically associated with stress 362 Clinical Descriptions and Diagnostic Requirements for ICD-11 Mental, Behavioural or Neurodevelopmental Disorders sexual violence, terrorism; assault, acute life-threatening illness (e.g. a heart attack); witnessing the threatened or actual injury or death of others in a sudden, unexpected, or violent manner; and learning about the sudden, unexpected or violent death of a loved one. • There is a response to the stressor that is considered to be normal, given the severity of the stressor. The response to the stressor may include transient emotional, somatic, cognitive or behavioural symptoms, such as being in a daze, confusion, sadness, anxiety, anger, despair, overactivity, inactivity, social withdrawal, amnesia, depersonalization, derealization or stupor. Autonomic signs of anxiety (e.g. tachycardia, sweating, flushing) are common, and may be the presenting feature. • Symptoms typically appear within hours to days following the stressful event, and usually begin to subside within a few days after the event or following removal from the threatening situation, when this is possible. In cases where the stressor is ongoing or removal is not possible, symptoms may persist, but are usually greatly reduced within approximately 1 month as the person adapts to the changed situation.
Justification: The post describes a physical injury (sprained leg, pus, stomach pain) but does not mention any stressful event, trauma, or context that would meet the diagnostic criteria for any mental disorder. The symptoms are described as physical and not related to a stressful event, and there is no indication of a psychological distress or disorder. Therefore, the evidence does not support a diagnosis of any mental disorder.","[1] Disorder specifically associated with stress, unspecified — Essential Features: • Exposure to an event or situation (either short- or long-lasting) of an extremely threatening or horrific nature is required for diagnosis. Such events include, but are not limited to, directly experiencing natural or human-made disasters, combat, serious accidents, torture, Disorders specifically
---
[2] Post-traumatic stress disorder — Essential Features: • Exposure to an event or situation (either short- or long-lasting) of an extremely threatening or horrific nature is required for diagnosis. Such events include, but are not limited to, directly experiencing natural or human-made disasters, combat, serious accidents, torture, sexual violence, terro
---
[3] Post-traumatic stress disorder — Boundary with Normality: • A history of exposure to an event or situation of an extremely threatening or horrific nature does not in itself indicate the presence of post-traumatic stress disorder. Many people experience such stressors without developing a disorder. Rather, the presentation must meet all diagnostic requireme
---
[4] Agoraphobia — Essential Features: • Marked and excessive fear or anxiety that occurs in, or in anticipation of, multiple situations where escape might be difficult or help might not be available is required for diagnosis. Examples include using public transportation, or being in crowds, outside the home alone, in shops or theatres, 
---
[5] Agoraphobia — Boundary with Normality: • Individuals may exhibit transient avoidance behaviours in the context of normal development or in periods of increased stress. These behaviours are differentiated from agoraphobia because they are limited in duration and do not lead to significant impact on functioning. • Individuals with disabili
---
[6] Generalized anxiety disorder — Essential Features: • Marked symptoms of anxiety are required for diagnosis, manifested in either: • general apprehensiveness that is not restricted to any particular environmental circumstance (i.e. “free-floating anxiety”); or • excessive worry (apprehensive expectation) about negative events occurring in several dif
---
[7] Generalized anxiety disorder — Boundary with Normality: • Anxiety and worry are normal emotional/cognitive states that commonly occur when people are under stress. At optimal levels, anxiety and worry may help to direct problem- solving efforts, focus attention adaptively and increase alertness. Normal anxiety and worry are usually sufficiently self-regu
---
[8] Other specified disorder of bodily distress or bodily experience — Essential Features: • The presentation is characterized by disturbances in the person’s experience of their body that share primary clinical features with other disorders of bodily distress or bodily experience (e.g. distressing bodily symptoms to which excessive attention is directed, or intense feelings of inappropri
---
[9] Disorder specifically associated with stress, unspecified — Essential Features: to days following the stressful event, and usually begin to subside within a few days after the event or following removal from the threatening situation, when this is possible. In cases where the stressor is ongoing or removal is not possible, symptoms may persist, but are usually greatly reduced w",,,,
Phase 1: Best Retriever-Hybrid-24,Hybrid,24,normal,normal,"Label: normal
Evidence: [3] (Dissociative amnesia, unspecified — Boundary with Normality) says: ""Mild difficulties remembering autobiographical events are common, especially as a result of normal ageing. Forgetting early childhood events is also developmentally typical. However, in contrast to dissociative amnesia, normal forgetting: does not typically involve sustained and extensive forgetting of substantial life episodes or significant personal facts; is usually reversed following reminders of forgotten episodes and personal facts; does not have its onset following stressful or traumatic events; does not result in significant impairment in functioning.""
Justification: The post describes a romantic scenario involving a warteg and a question about cooking. There is no mention of any mental health symptoms, distress, or impairment. The content is neutral and does not indicate any disorder.","[1] Generalized anxiety disorder — Boundary with Normality: • Anxiety and worry are normal emotional/cognitive states that commonly occur when people are under stress. At optimal levels, anxiety and worry may help to direct problem- solving efforts, focus attention adaptively and increase alertness. Normal anxiety and worry are usually sufficiently self-regu
---
[2] Generalized anxiety disorder — Essential Features: • Marked symptoms of anxiety are required for diagnosis, manifested in either: • general apprehensiveness that is not restricted to any particular environmental circumstance (i.e. “free-floating anxiety”); or • excessive worry (apprehensive expectation) about negative events occurring in several dif
---
[3] Dissociative amnesia, unspecified — Boundary with Normality: • Mild difficulties remembering autobiographical events are common, especially as a result of normal ageing. Forgetting early childhood events is also developmentally typical. However, in contrast to dissociative amnesia, normal forgetting: • does not typically involve sustained and extensive forget
---
[4] Delirium — Boundary with Normality: • Normal ageing is typically associated with some degree of cognitive change. Delirium is differentiated from age-related cognitive changes by the sudden onset of symptoms (e.g. within hours or days), the presence of significant confusion and/or global neurocognitive impairment, and the transient an
---
[5] Delirium — Essential Features: • A disturbance of attention, orientation and awareness developing within a short period of time (e.g. within hours or days), typically presenting as significant confusion or global neurocognitive impairment, with transient symptoms that may fluctuate depending on the underlying causal condition or 
---
[6] Manic episode — Boundary with Normality: • Periods of euphoric or irritable mood that are entirely contextually appropriate (e.g. euphoria after winning a lottery) should not be considered as meeting the mood component of the diagnostic requirements for a manic episode.
---
[7] Manic episode — Essential Features: • Both of the following features occur concurrently and persist for most of the day, nearly every day, during a period of at least 1 week, unless shortened by a treatment intervention. • An extreme mood state is observable or reported, characterized by euphoria, irritability or expansiveness that re
---
[8] Premenstrual dysphoric disorder — Boundary with Normality: • Mild mood changes (e.g. increased emotional lability, irritability, subjective tension) that occur during late luteal or menstrual phase of the cycle for many women should not be labelled as premenstrual dysphoric disorder. In contrast to premenstrual dysphoric disorder, these symptoms are less in
---
[9] Premenstrual dysphoric disorder — Essential Features: • During a majority of menstrual cycles within the past year, a pattern of mood, somatic or cognitive symptoms is present that begins several days before the onset of menses, starts to improve within a few days after the onset of menses, and then becomes minimal or absent within approximately 1 week
---
[10] Manic episode — Essential Features: their skill level, or that they are about to become famous – in psychotic presentations of mania, this may be manifested in grandiose delusions); • decreased need for sleep (e.g. the person reports being able to function with only 2 or 3 hours of sleep), as distinct from insomnia, in which an indivi",,,,
Phase 1: Best Retriever-Hybrid-25,Hybrid,25,normal,normal,"Label: normal
Evidence: <ICD-11 chunk [11] says: ""An essential feature of autism spectrum disorder is persistent restricted, repetitive and inflexible patterns of behaviour, interests or activities that are clearly atypical or excessive for the individual’s age and sociocultural context are an essential component. These may include: • lack of adaptability to new experiences and circumstances, with associated distress, that can be evoked by trivial changes to a familiar environment or in response to unanticipated events; • inflexible adherence to particular routines – for example, these may be geographical, such as following familiar routes, or may require precise timing such as mealtimes or transport; • excessive adherence to rules (e.g. when playing games); • excessive and persistent ritualized patterns of behaviour (e.g. preoccupation with lining up or sorting objects in a particular way) that serve no apparent external purpose; • repetitive and stereotyped motor movements such as whole-body movements (e.g. rocking), atypical gait (e.g. walking on tiptoes), unusual hand or finger movements and posturing (these behaviours are particularly common during early childhood); • persistent preoccupation with one or more special interests, parts of objects or specific types of stimuli (including media), or an unusually strong attachment to particular objects (excluding typical comforters); • lifelong excessive and persistent hypersensitivity or hyposensitivity to sensory stimuli or unusual interest in a sensory stimulus, which may include actual or anticipated sounds, light, textures (especially clothing and food), odours and tastes, heat, cold or pain. • The onset of the disorder occurs during"">
Justification: The post expresses a desire for a comeback and mentions a teaser/spoiler that is more than a month old. This is a typical expression of frustration or impatience, which is not indicative of any mental health condition. The statement does not show signs of depression, anxiety, or other mental health issues as per the ICD-11 criteria.","[1] Encopresis — Essential Features: • Repeated and persistent passage of faeces in inappropriate places (e.g. at least once per month over a period of several months) is required for diagnosis. • The individual has reached the developmental age when faecal continence is ordinarily expected (approximately equivalent to a chronological 
---
[2] Selective mutism — Boundary with Normality: • Transient reluctance to speak at the time of first starting school is a common occurrence. Selective mutism should only be diagnosed if symptoms persist beyond the first month of schooling. Immigrant children who are unfamiliar with or uncomfortable in the official language of their new host count
---
[3] Selective mutism — Essential Features: • Consistent selectivity in speaking, such that a child demonstrates adequate language competence in specific social situations (typically at home) but consistently fails to speak in others (typically at school) is required for diagnosis. • The duration of the disturbance is at least 1 month, not li
---
[4] Social anxiety disorder — Boundary with Normality: • Social anxiety disorder can be differentiated from normal developmental fears (e.g. a child’s reluctance to interact with unfamiliar people in novel situations) by fear and anxiety reactions that are typically excessive, interfere with functioning, and persist over time (e.g. lasting more than sev
---
[5] Social anxiety disorder — Essential Features: • Marked and excessive fear or anxiety that occurs consistently in one or more social situations such as social interactions (e.g. having a conversation), doing something while feeling observed (e.g. eating or drinking in the presence of others) or performing in front of others (e.g. giving a speech
---
[6] Autism spectrum disorder — Boundary with Normality: peers. Early language delay alone is not strongly indicative of autism spectrum disorder unless there is also evidence of limited motivation for social communication and limited interaction skills. An essential feature of autism spectrum disorder is persistent impairment in the ability to understand
---
[7] Autism spectrum disorder — Essential Features: • Persistent deficits in initiating and sustaining social communication and reciprocal social interactions that are outside the expected range of typical functioning based on the individual’s age and level of intellectual development are required for diagnosis. Specific manifestations of these defic
---
[8] Agoraphobia — Boundary with Normality: • Individuals may exhibit transient avoidance behaviours in the context of normal development or in periods of increased stress. These behaviours are differentiated from agoraphobia because they are limited in duration and do not lead to significant impact on functioning. • Individuals with disabili
---
[9] Agoraphobia — Essential Features: • Marked and excessive fear or anxiety that occurs in, or in anticipation of, multiple situations where escape might be difficult or help might not be available is required for diagnosis. Examples include using public transportation, or being in crowds, outside the home alone, in shops or theatres, 
---
[10] Autism spectrum disorder — Boundary with Normality: Social interaction skills Typically developing individuals vary in the pace and extent to which they acquire and master skills of reciprocal social interaction and social communication. A diagnosis of autism spectrum disorder should only be considered if there is marked and persistent deviation from
---
[11] Autism spectrum disorder — Essential Features: clearly atypical or excessive for the individual’s age and sociocultural context are an essential component. These may include: • lack of adaptability to new experiences and circumstances, with associated distress, that can be evoked by trivial changes to a familiar environment or in response to una",,,,
Phase 1: Best Retriever-Hybrid-26,Hybrid,26,normal,normal,"Label: normal
Evidence: [5] says: ""Developmental learning disorder, unspecified — Boundary with Normality""
Justification: The post mentions ""basic math getting their discord = wanting the D,"" which is not a medical condition and does not align with any ICD-11 diagnostic criteria. The statement is vague and does not provide sufficient evidence to classify it as suicidal, depression, or a neurodevelopmental disorder.","[1] Developmental learning disorder — Essential Features: • The presence of significant limitations in learning academic skills of reading, writing or arithmetic, resulting in a skill level markedly below what would be expected based on age is required for diagnosis. Limitations in learning are manifest, despite appropriate academic instruction in the rele
---
[2] Other specified disruptive behaviour or dissocial disorder — Essential Features: • The presentation is characterized by disruptive or dissocial symptoms that share primary clinical features with other disruptive behaviour and dissocial disorders (i.e. persistent behaviour problems across multiple settings that range from markedly and persistently defiant, disobedient, provocativ
---
[3] Developmental learning disorder — Essential Features: • The learning difficulties result in significant impairment in the individual’s academic, occupational or other important areas of functioning. If functioning is maintained, it is only through significant additional effort. Neurodevelopmental disorders 135 Specifiers for area of learning impairment
---
[4] Developmental language disorder — Essential Features: • Persistent deficits in the acquisition, understanding, production or use of language (spoken or signed) are required for diagnosis. Any of the following specific components of language skill may be differentially impaired, with relative weaknesses in some and relative strengths in others, or impai
---
[5] Developmental learning disorder, unspecified — Boundary with Normality: • The age of acquisition of academic skills varies, and later acquisition of a particular academic skill compared to same-age peers does not necessarily indicate the presence of a disorder. Developmental learning disorder is distinguished by persistent difficulty in learning the particular academic 
---
[6] Disorders of intellectual development — Essential Features: • The presence of significant limitations in intellectual functioning across various domains such as perceptual reasoning, working memory, processing speed and verbal comprehension is required for diagnosis. There is often substantial variability in the extent to which any of these domains are affec
---
[7] Developmental language disorder — Essential Features: • Language deficits result in significant limitations in communication, with functional impact in daily life at home, school or work. • The language deficits are not better accounted for by a disorder of intellectual development, autism spectrum disorder, another neurodevelopmental disorder, a senso",,,,
Phase 1: Best Retriever-Hybrid-27,Hybrid,27,normal,normal,"Label: normal
Evidence: [1] says: ""Gaming disorder should not be diagnosed merely on the basis of repeated or persistent gaming (online or offline) in the absence of the other characteristic features of the disorder.""
Justification: The post mentions ""reindeer game,"" which is a specific gaming context. The statement reflects a recreational gaming activity, which is not indicative of a diagnosable mental disorder. The evidence from ICD-11 indicates that gaming behavior in the absence of other characteristic features of gaming disorder is not sufficient for a diagnosis.","[1] Gaming disorder, unspecified — Boundary with Normality: • Gaming disorder should not be diagnosed merely on the basis of repeated or persistent gaming (online or offline) in the absence of the other characteristic features of the disorder. • Daily gaming behaviour as a part of a routine or the use of gaming for purposes such as developing skills and prof
---
[2] Autism spectrum disorder — Boundary with Normality: peers. Early language delay alone is not strongly indicative of autism spectrum disorder unless there is also evidence of limited motivation for social communication and limited interaction skills. An essential feature of autism spectrum disorder is persistent impairment in the ability to understand
---
[3] Autism spectrum disorder — Essential Features: • Persistent deficits in initiating and sustaining social communication and reciprocal social interactions that are outside the expected range of typical functioning based on the individual’s age and level of intellectual development are required for diagnosis. Specific manifestations of these defic
---
[4] Pyromania — Boundary with Normality: • Intentional fire setting can occur for a variety of reasons. Individuals may set fires for profit or to conceal a crime, as an act of revenge, to commit sabotage or make a political statement, or to attract recognition (e.g. deliberately setting a fire to then be the first one to discover it and p
---
[5] Pyromania — Essential Features: • The presentation is characterized by a recurrent failure to control strong impulses to set fires, resulting in multiple acts of, or attempts at, setting fire to property or other objects. • There is a lack of apparent motive (e.g. monetary gain, revenge, sabotage, political statement, attracting r
---
[6] Prolonged grief disorder — Boundary with Normality: • An individual experiencing a grief reaction that is within a normative period given their cultural and religious context is considered to be experiencing normal bereavement, and should not be assigned a diagnosis of prolonged grief disorder. It is often important to consider whether other people w
---
[7] Prolonged grief disorder — Essential Features: • A history of bereavement following the death of a partner, parent, child or other person close to the bereaved is required for diagnosis. Disorders specifically associated with stress | Prolonged grief disorder Disorders specifically associated with stress 349 • A persistent and pervasive grief re
---
[8] Possession trance disorder — Essential Features: from a single prolonged episode to multiple recurrences over years. • Duration and intensity of trance episodes vary considerably. Most recurrent episodes are brief, and individuals may fall in and out of trance states multiple times within a given episode. • Acute recurrent episodes of trance usual
---
[9] Possession trance disorder — Essential Features: or expressing animosity. Boundary with normality (threshold) for trance disorder and possession trance disorder • A diagnosis of trance disorder or possession trance disorder should not be applied to experiences that are accepted in the individual’s context as collective cultural phenomena or as a p
---
[10] Possession trance disorder — Essential Features: an entire community, such as a measles epidemic. Increases in prevalence have also been attributed to rapid social or cultural change in the affected communities, possibly as an expression of distress and opposition to changing values and circumstances. • Specific local instances of trance disorder 
---
[11] Autism spectrum disorder — Essential Features: clearly atypical or excessive for the individual’s age and sociocultural context are an essential component. These may include: • lack of adaptability to new experiences and circumstances, with associated distress, that can be evoked by trivial changes to a familiar environment or in response to una",,,,
Phase 1: Best Retriever-Hybrid-28,Hybrid,28,normal,normal,"Label: normal
Evidence: [2] (Dysthymic disorder — Boundary with Normality): • Some depressed mood is a normal reaction to severe adverse life events and problems, and is common in the community. Dysthymic disorder is differentiated from this common experience by the severity, range and duration of symptoms. Assessment of the presence or absence of signs or symptoms should be made relative to typical functioning of the individual.
Justification: The post describes a person ""just booted into window to upload something since internet is even worse under ubuntu,"" which reflects a temporary state of distress but does not meet the diagnostic criteria for dysthymic disorder, depression, or any other specified disorder. The statement is not indicative of a persistent depressive episode, and there is no evidence of significant impairment or distress that would meet the criteria for a mental health disorder according to the ICD-11.","[1] Dysthymic disorder — Essential Features: since the onset of the disorder. • There is no history of manic, mixed or hypomanic episodes, which would indicate the presence of a bipolar or related disorder. • The symptoms are not a manifestation of another medical condition (e.g. hypothyroidism), and are not due to the effects of a substance o
---
[2] Dysthymic disorder — Boundary with Normality: • Some depressed mood is a normal reaction to severe adverse life events and problems, and is common in the community. Dysthymic disorder is differentiated from this common experience by the severity, range and duration of symptoms. Assessment of the presence or absence of signs or symptoms should b
---
[3] Obsessive-compulsive or related disorder induced by unknown or unspecified — Essential Features: (e.g. 1 month or Substance-induced obsessive-compulsive and related disorders Disorders due to substance use or addictive behaviours 495 more depending on the specific substance), or other evidence of a pre-existing mental disorder with obsessive-compulsive or related symptoms (e.g. a history of pri
---
[4] Other specified disorder due to use of unknown or unspecified psychoactive — Essential Features: symptoms result in significant distress or significant impairment in personal, family, social, educational, occupational or other important areas of functioning. If functioning is maintained, it is only through significant additional effort. Disorders due to psychoactive substance use, unspecified A
---
[5] Intoxication due to unknown or unspecified psychoactive substances — Essential Features: according to the severity of intoxication and the substance involved, and varies from precautionary observation to urgent intervention to prevent death or permanent harm (e.g. administration of antagonist treatment, intubation). Severity of intoxication can be rated as mild (XS5W), moderate (XS0T) o
---
[6] Intoxication due to unknown or unspecified psychoactive substances — Boundary with Normality: • Measurement of the presence or concentration of a substance in breath, blood, saliva, urine or other body fluids may be an important tool in the clinical management of substance intoxication. However, detection of a psychoactive substance in body fluids does not constitute a presumptive diagnosis 
---
[7] Intoxication due to unknown or unspecified psychoactive substances — Essential Features: by substance (see Table 6.15, p. 475), with substantial impairment on tasks that require these functions. There is some disturbance in level of consciousness. XS25 Severe substance intoxication Severe substance intoxication is a state in which there are obvious disturbances in psychophysiological fu
---
[8] Generalized anxiety disorder — Boundary with Normality: • Anxiety and worry are normal emotional/cognitive states that commonly occur when people are under stress. At optimal levels, anxiety and worry may help to direct problem- solving efforts, focus attention adaptively and increase alertness. Normal anxiety and worry are usually sufficiently self-regu
---
[9] Generalized anxiety disorder — Essential Features: • Marked symptoms of anxiety are required for diagnosis, manifested in either: • general apprehensiveness that is not restricted to any particular environmental circumstance (i.e. “free-floating anxiety”); or • excessive worry (apprehensive expectation) about negative events occurring in several dif
---
[10] Intoxication due to unknown or unspecified psychoactive substances — Essential Features: hypoglycaemia • Hepatic or other metabolic encephalopathy • Wernicke’s encephalopathy • Electrolyte disturbance • Hypoxia or hypercapnia • Systemic infection Severity of intoxication specifier Depending on the specific clinical situation and the information available, substance intoxication may be c
---
[11] Other specified disorder due to use of unknown or unspecified psychoactive — Essential Features: • The presentation is characterized by psychological, cognitive or behavioural symptoms that develop during or soon after intoxication with or withdrawal from a specified substance, or use or discontinuation of a psychoactive medication. • The symptoms do not fulfil the diagnostic requirements for a
---
[12] Dysthymic disorder — Essential Features: • Persistent depressed mood (i.e. lasting 2 years or more), for most of the day, for more days than not, as reported by the individual (e.g. feeling down, sad) or as observed (e.g. tearful, defeated appearance), is required for diagnosis. In children and adolescents depressed mood can manifest as pe",,,,
Phase 1: Best Retriever-Hybrid-29,Hybrid,29,normal,normal,"Label: normal
Evidence: [1] says: ""Conduct-dissocial disorder... may entail legal or disciplinary repercussions – particularly for adolescents and adults. Criminal behaviours may occur impulsively or opportunistically, or in relation to substance use or intoxication. Clinical assessment and diagnosis should focus on the broader pattern of behaviour rather than solely on the criminality of specific behaviours or incidents.""
Justification: The post does not indicate any suicidal behavior, depression, or other mental health issues. The statement is positive and does not reflect any clinical indicators related to mental health disorders.","[1] Conduct-dissocial disorder, unspecified — Boundary with Normality: • Engaging in political protests should not be regarded as indicating the presence of conduct- dissocial disorder. • The behaviours that contribute to a diagnosis of conduct-dissocial disorder can include criminal offences, and may entail legal or disciplinary repercussions – particularly for adoles
---
[2] Hypomanic episode — Essential Features: from one idea to the next; the person reports that their thoughts are rapid or even racing and has difficulty remaining on a topic); • increased self-esteem or grandiosity (e.g. the individual is more self-confident than usual); • decreased need for sleep (e.g. the person reports needing less sleep 
---
[3] Hypomanic episode — Boundary with Normality: • Hypomanic episodes are often difficult to distinguish from normal periods of elevated mood – for example, related to positive life events – particularly given that hypomanic episodes are not associated with significant functional impairment. In order to be considered a hypomanic episode, the sympt
---
[4] Mild personality disorder — Essential Features: suggest that all items will be present in any single individual. • The individual’s sense of self may be somewhat contradictory and inconsistent with how others view them. • The individual has difficulty recovering from injuries to self-esteem. • The individual’s ability to set appropriate goals and
---
[5] Disinhibited social engagement disorder — Boundary with Normality: • Children vary greatly in their temperamental features, and disinhibited social engagement disorder should be distinguished from the ebullience associated with an outgoing temperamental style. Distinguishing features of the disinhibited social engagement disorder are the dysfunctional nature of the
---
[6] Disinhibited social engagement disorder — Essential Features: • A history of grossly insufficient care of a child is required for diagnosis, which may include: • persistent disregard for the child’s basic emotional needs for comfort, stimulation and affection; • persistent disregard for the child’s basic physical needs; • repeated changes of primary caregivers
---
[7] Moderate personality disorder — Essential Features: single individual. • The individual’s sense of self may become incoherent in times of crisis. • The individual has considerable difficulty maintaining positive self-esteem. Alternatively, the individual has an unrealistically positive self-view that is not modified by evidence to the contrary. • The
---
[8] Mild personality disorder — Essential Features: • All general diagnostic requirements for personality disorder are met. • Disturbances affect some areas of functioning of the self but not others (e.g. problems with self-direction in the absence of problems with stability and coherence of identity or self- worth; see Box 6.2), or affect all areas 
---
[9] Moderate personality disorder — Essential Features: • All general diagnostic requirements for personality disorder are met. • Disturbances affect multiple areas of functioning of the self (e.g. stability and coherence of identity, self-worth, self-direction; see Box 6.2) and are of moderate severity. • There are marked problems in most interpersonal 
---
[10] Hypomanic episode — Essential Features: does not fulfil the diagnostic requirements for a mixed episode. • The mood disturbance is not sufficiently severe to cause marked impairment in occupational functioning or in usual social activities or relationships with others, and is not accompanied by delusions or hallucinations.",,,,
